now,published_at,price,house_type,size,living_size,price_m2,property_legal_document,rooms,toilets,furnishing_sell,width,length,floors,property_status,apartment_type,pty_characteristics,land_type,size_unit,direction,commercial_type,floornumber,block,balconydirection,unitnumber,apartment_feature
2025-10-03T23:43:10.208844,Cập nhật 7 ngày trước,"7,95 tỷ","Nhà ngõ, hẻm",34 m²,34 m²,"233,82 triệu/m²",Đã có sổ,3 phòng,4 phòng,Nội thất cao cấp,4 m,9 m,5,,,,,,,,,,,,
2025-10-03T23:43:15.172138,Cập nhật 7 ngày trước,"13,8 tỷ","Nhà ngõ, hẻm",65 m²,,"212,31 triệu/m²",Đã có sổ,5 phòng,,Nội thất đầy đủ,,,,,,,,,,,,,,,
2025-10-03T23:43:15.898229,Cập nhật 9 ngày trước,"11,5 tỷ","Nhà ngõ, hẻm",44 m²,100 m²,"261,36 triệu/m²",Đã có sổ,4 phòng,3 phòng,Nội thất đầy đủ,56 m,,3,,,,,,,,,,,,
2025-10-03T23:43:27.715299,Cập nhật 8 ngày trước,"8,7 tỷ",,90 m²,,"96,67 triệu/m²",Sổ hồng riêng,3 phòng,2 phòng,,,,,Chưa bàn giao,Chung cư,,,,,,,,,,
2025-10-03T23:43:33.032891,Cập nhật 9 ngày trước,7 tỷ,"Nhà ngõ, hẻm",38 m²,,"184,21 triệu/m²",Đã có sổ,3 phòng,3 phòng,,,,,,,,,,,,,,,,
2025-10-03T23:43:33.069859,Cập nhật 8 ngày trước,18 tỷ,"Nhà ngõ, hẻm",57 m²,,"315,79 triệu/m²",Đã có sổ,4 phòng,,,,,,,,"Hẻm xe hơi
Nhà nở hậu",,,,,,,,,
2025-10-03T23:43:32.415632,Cập nhật 8 ngày trước,800 triệu,,100 m²,,8 triệu/m²,Đã có sổ,,,,,,,,,"Nở hậu
Mặt tiền
Thổ cư toàn bộ",Đất thổ cư,,,,,,,,
2025-10-03T23:43:33.133247,Cập nhật 4 ngày trước,5 tỷ,"Nhà ngõ, hẻm",32 m²,,"156,25 triệu/m²",Đã có sổ,3 phòng,4 phòng,,,,4,,,,,,,,,,,,
2025-10-03T23:43:46.026104,Cập nhật 9 ngày trước,"7,5 tỷ","Nhà ngõ, hẻm",33 m²,33 m²,"227,27 triệu/m²",Đã có sổ,3 phòng,,Nội thất cao cấp,6 m,5 m,,,,Nhà nở hậu,,,,,,,,,
2025-10-03T23:43:49.727433,Cập nhật 8 ngày trước,"13,8 tỷ","Nhà ngõ, hẻm",38 m²,,"363,16 triệu/m²",Đã có sổ,4 phòng,,,,,,,,,,,,,,,,,
2025-10-03T23:43:53.365450,Cập nhật 7 ngày trước,"3,5 tỷ",,46.5 m²,,"75,27 triệu/m²",Đã có sổ,,,,,,,,,Thổ cư toàn bộ,Đất thổ cư,m²,,,,,,,
2025-10-03T23:44:02.457626,Cập nhật 7 ngày trước,4 tỷ,"Nhà ngõ, hẻm",20 m²,100 m²,200 triệu/m²,Đã có sổ,3 phòng,4 phòng,Hoàn thiện cơ bản,3 m,7 m,5,,,,,,Tây Bắc,,,,,,
2025-10-03T23:44:02.503828,Cập nhật 8 ngày trước,"9,9 tỷ","Nhà ngõ, hẻm",50 m²,50 m²,198 triệu/m²,Đã có sổ,4 phòng,4 phòng,Nội thất cao cấp,3.2 m,,4,,,"Hẻm xe hơi
Nhà nở hậu",,,Tây Nam,,,,,,
2025-10-03T23:44:09.338969,Cập nhật 7 ngày trước,"7,9 tỷ","Nhà ngõ, hẻm",45 m²,,"175,56 triệu/m²",Đã có sổ,4 phòng,,,,,6,,,Nhà nở hậu,,,,,,,,,
2025-10-03T23:44:16.112367,Cập nhật 7 ngày trước,"3,8 tỷ",,51 m²,,"74,51 triệu/m²",Đã có sổ,,,,4 m,12.75 m,,,,Thổ cư toàn bộ,Đất thổ cư,m²,,,,,,,
2025-10-03T23:44:18.104459,Cập nhật 7 ngày trước,"7,8 tỷ","Nhà mặt phố, mặt tiền",47 m²,,"165,96 triệu/m²",Đã có sổ,4 phòng,,,,,,,,,,,,,,,,,
2025-10-03T23:44:21.518838,Cập nhật 7 ngày trước,"7,85 tỷ","Nhà ngõ, hẻm",33 m²,36 m²,"237,88 triệu/m²",Đã có sổ,3 phòng,4 phòng,Nội thất đầy đủ,3.5 m,,5,,,,,,Tây Nam,,,,,,
2025-10-03T23:44:23.090268,Cập nhật 2 ngày trước,"13,6 tỷ","Nhà ngõ, hẻm",35 m²,,"388,57 triệu/m²",Đã có sổ,4 phòng,5 phòng,,,,6,,,,,,,,,,,,
2025-10-03T23:44:23.236800,Cập nhật 7 ngày trước,"8,9 tỷ","Nhà ngõ, hẻm",43 m²,,"206,98 triệu/m²",Đã có sổ,4 phòng,4 phòng,Nội thất đầy đủ,4 m,,4,,,,,,,,,,,,
2025-10-03T23:44:30.156114,Cập nhật 7 ngày trước,"3,99 tỷ","Nhà ngõ, hẻm",38 m²,,105 triệu/m²,Đã có sổ,4 phòng,3 phòng,Hoàn thiện cơ bản,3.4 m,11.1 m,4,,,Hẻm xe hơi,,,,,,,,,
2025-10-03T23:44:39.812841,Cập nhật 8 ngày trước,9 tỷ,"Nhà ngõ, hẻm",33 m²,160 m²,"272,73 triệu/m²",Đã có sổ,3 phòng,,,,,5,,,,,,,,,,,,
2025-10-03T23:44:43.802048,Cập nhật 8 ngày trước,"7,8 tỷ","Nhà ngõ, hẻm",35 m²,,"222,86 triệu/m²",Đã có sổ,5 phòng,,Nội thất đầy đủ,,,6,,,,,,,,,,,,
2025-10-03T23:44:45.185091,Cập nhật 7 ngày trước,"37,4 tỷ","Nhà mặt phố, mặt tiền",68 m²,,550 triệu/m²,Đã có sổ,4 phòng,4 phòng,,5 m,,5,,,,,,,,,,,,
2025-10-03T23:44:47.880135,Cập nhật 9 ngày trước,21 tỷ,Nhà biệt thự,204 m²,500 m²,"102,94 triệu/m²",Đã có sổ,6 phòng,3 phòng,Nội thất cao cấp,10 m,20 m,,,,,,,Bắc,,,,,,
2025-10-03T23:44:57.742233,Cập nhật 9 ngày trước,16 tỷ,,28 m²,,"571,43 triệu/m²",Đã có sổ,,,,,,,,,,,,,Mặt bằng kinh doanh,,,,,
2025-10-03T23:45:10.175383,Cập nhật 7 ngày trước,"2,3 tỷ",,45.5 m²,,"50,55 triệu/m²",Đã có sổ,,,,6 m,,,,,,Đất thổ cư,,,,,,,,
2025-10-03T23:45:08.827528,Cập nhật 9 ngày trước,"5,75 tỷ",,83 m²,,"69,28 triệu/m²",Sổ hồng riêng,2 phòng,2 phòng,,,,,Chưa bàn giao,Chung cư,,,,,,,,,,
2025-10-03T23:45:14.432898,Cập nhật 8 ngày trước,"4,65 tỷ","Nhà ngõ, hẻm",25 m²,,186 triệu/m²,Đã có sổ,2 phòng,,,,,2,,,,,,,,,,,,
2025-10-03T23:45:19.419722,Cập nhật 8 ngày trước,54 tỷ,"Nhà mặt phố, mặt tiền",130 m²,1200 m²,"415,38 triệu/m²",Đã có sổ,9 phòng,Nhiều hơn 6 phòng,Nội thất đầy đủ,9 m,,8,,,,,,,,,,,,
2025-10-03T23:45:30.696829,Cập nhật 2 ngày trước,6 tỷ,,400 m²,,15 triệu/m²,Đã có sổ,,,,,,,,,,Đất thổ cư,m²,,,,,,,
2025-10-03T23:45:30.594796,Cập nhật 9 ngày trước,"6,7 tỷ","Nhà ngõ, hẻm",37 m²,3 m²,"181,08 triệu/m²",Đã có sổ,3 phòng,4 phòng,Nội thất đầy đủ,,,,,,Hẻm xe hơi,,,,,,,,,
2025-10-03T23:45:39.014652,Cập nhật 7 ngày trước,"4,95 tỷ",,70 m²,,"70,71 triệu/m²",Sổ hồng riêng,2 phòng,,,,,,Đã bàn giao,"Tập thể, cư xá",,,,,,,,,,
2025-10-03T23:45:43.740971,Cập nhật 8 ngày trước,"8,9 tỷ","Nhà ngõ, hẻm",47.5 m²,,"187,37 triệu/m²",Đã có sổ,5 phòng,,,,,6,,,,,,,,,,,,
2025-10-03T23:45:51.252992,Cập nhật 7 ngày trước,"7,65 tỷ","Nhà ngõ, hẻm",27 m²,,"283,33 triệu/m²",Đã có sổ,4 phòng,4 phòng,Nội thất đầy đủ,,,5,,,,,,,,,,,,
2025-10-03T23:45:50.695490,Cập nhật 9 ngày trước,"12,6 tỷ",,100 m²,,126 triệu/m²,Đã có sổ,,,,5 m,,,,,"Mặt tiền
Nở hậu",Đất thổ cư,m²,Đông Nam,,,,,,
2025-10-03T23:46:04.376240,Cập nhật 8 ngày trước,"2,28 tỷ",,55 m²,,"41,45 triệu/m²",Hợp đồng mua bán,2 phòng,1 phòng,Nội thất đầy đủ,,,,Đã bàn giao,"Căn hộ dịch vụ, mini",,,,,,8,9,,,
2025-10-03T23:46:11.575610,Cập nhật 7 ngày trước,"26,8 tỷ","Nhà ngõ, hẻm",117 m²,117 m²,"229,06 triệu/m²",Đã có sổ,nhiều hơn 10 phòng,Nhiều hơn 6 phòng,Nội thất cao cấp,5.4 m,21.67 m,7,,,Hẻm xe hơi,,,,,,,,,
2025-10-03T23:46:14.433215,Cập nhật 8 ngày trước,"7,5 tỷ","Nhà ngõ, hẻm",40 m²,,"187,50 triệu/m²",Đã có sổ,5 phòng,,Nội thất đầy đủ,,,,,,,,,,,,,,,
2025-10-03T23:46:26.763175,Cập nhật 8 ngày trước,"31,3 tỷ","Nhà ngõ, hẻm",58 m²,65 m²,"539,66 triệu/m²",Đã có sổ,6 phòng,,Nội thất cao cấp,4.5 m,13 m,7,,,Nhà nở hậu,,,,,,,,,
2025-10-03T23:46:33.931201,Cập nhật 2 ngày trước,"7,5 tỷ","Nhà ngõ, hẻm",46 m²,80 m²,"163,04 triệu/m²",Đã có sổ,4 phòng,2 phòng,,,,,,,,,,,,,,,,
2025-10-03T23:46:33.975672,Cập nhật 7 ngày trước,"10,7 tỷ","Nhà ngõ, hẻm",40 m²,45 m²,"267,50 triệu/m²",Đã có sổ,3 phòng,4 phòng,Nội thất đầy đủ,,,5,,,,,,,,,,,,
2025-10-03T23:46:36.993999,Cập nhật 7 ngày trước,7 tỷ,"Nhà ngõ, hẻm",32 m²,,"218,75 triệu/m²",Đã có sổ,3 phòng,4 phòng,Nội thất cao cấp,,,4,,,Hẻm xe hơi,,,,,,,,,
2025-10-03T23:46:38.029214,Cập nhật 9 ngày trước,"7,5 tỷ","Nhà ngõ, hẻm",32 m²,,"234,38 triệu/m²",Đã có sổ,4 phòng,3 phòng,Nội thất đầy đủ,3.2 m,10 m,4,,,Hẻm xe hơi,,,Đông Nam,,,,,,
2025-10-03T23:46:53.619484,Cập nhật 8 ngày trước,56 tỷ,,160 m²,,350 triệu/m²,Đã có sổ,,,,7.7 m,,,,,"Mặt tiền
Nở hậu",Đất thổ cư,m²,,,,,,,
2025-10-03T23:46:55.826842,Cập nhật 8 ngày trước,"5,4 tỷ",,39 m²,,"138,46 triệu/m²",Sổ hồng riêng,2 phòng,,,,,,Chưa bàn giao,Chung cư,,,,,,,,,,
2025-10-03T23:46:57.702136,Cập nhật 4 ngày trước,"10,88 tỷ","Nhà ngõ, hẻm",45 m²,45 m²,"241,78 triệu/m²",Đã có sổ,5 phòng,5 phòng,Nội thất cao cấp,5.5 m,9 m,,,,"Hẻm xe hơi
Nhà nở hậu",,,,,,02,,,
2025-10-03T23:46:59.636325,Cập nhật 8 ngày trước,"22,5 tỷ","Nhà ngõ, hẻm",70 m²,,"321,43 triệu/m²",Đã có sổ,4 phòng,,,,,,,,,,,,,,,,,
2025-10-03T23:47:01.867990,Cập nhật 8 ngày trước,"17,88 tỷ","Nhà mặt phố, mặt tiền",41 m²,,"436,10 triệu/m²",Đã có sổ,6 phòng,4 phòng,Nội thất cao cấp,3.6 m,11 m,5,,,Hẻm xe hơi,,,,,,,,,
2025-10-03T23:47:17.206640,Cập nhật 9 ngày trước,"3,7 tỷ",,46 m²,,"80,43 triệu/m²",Đã có sổ,,,,3.9 m,12 m,,,,"Mặt tiền
Hẻm xe hơi
Thổ cư toàn bộ",Đất thổ cư,m²,Tây Bắc,,,,,,
2025-10-03T23:47:18.221318,Cập nhật 2 ngày trước,5 tỷ,"Nhà ngõ, hẻm",35 m²,35 m²,"142,86 triệu/m²",Đã có sổ,3 phòng,4 phòng,Nội thất đầy đủ,4 m,,5,,,Nhà nở hậu,,,Đông Nam,,,,,,
2025-10-03T23:47:19.703299,Cập nhật 8 ngày trước,"6,25 tỷ","Nhà ngõ, hẻm",38.1 m²,,"164,04 triệu/m²",Đã có sổ,3 phòng,,,,,,,,,,,,,,,,,
2025-10-03T23:47:21.763579,Cập nhật 8 ngày trước,17 tỷ,"Nhà ngõ, hẻm",102 m²,102 m²,"166,67 triệu/m²",Đã có sổ,2 phòng,2 phòng,Bàn giao thô,6.7 m,,1,,,Hẻm xe hơi,,,,,,,,,
2025-10-03T23:47:25.814575,Cập nhật 5 giờ trước,"7,1 tỷ","Nhà ngõ, hẻm",33 m²,33 m²,"215,15 triệu/m²",Đã có sổ,4 phòng,4 phòng,Nội thất đầy đủ,5.4 m,5.3 m,5,,,Nhà nở hậu,,,Đông Nam,,,,,,
2025-10-03T23:47:33.395677,Cập nhật 8 ngày trước,"7,298 tỷ","Nhà ngõ, hẻm",40 m²,40 m²,"182,45 triệu/m²",Đã có sổ,2 phòng,,,8 m,,,,,Hẻm xe hơi,,,,,,,,,
2025-10-03T23:47:43.307153,Cập nhật 7 ngày trước,"1,79 tỷ",,40 m²,,"44,75 triệu/m²",Đang chờ sổ,2 phòng,,,,,,Đã bàn giao,"Tập thể, cư xá",,,,,,,,,,
2025-10-03T23:47:45.296444,Cập nhật 9 ngày trước,"5,35 tỷ","Nhà mặt phố, mặt tiền",33 m²,,"162,12 triệu/m²",Đã có sổ,3 phòng,,,,,,,,,,,,,,,,,
2025-10-03T23:47:50.457538,Cập nhật 7 ngày trước,"7,72 tỷ","Nhà ngõ, hẻm",41 m²,,"188,29 triệu/m²",Đã có sổ,6 phòng,5 phòng,,,,5,,,,,,,,,,,,
2025-10-03T23:47:55.263018,Cập nhật 9 ngày trước,12 tỷ,,1470 m²,,"8,16 triệu/m²",Đã có sổ,,,,,,,,,Thổ cư 1 phần,Đất thổ cư,,,,,,,,
2025-10-03T23:47:55.550528,Cập nhật 8 ngày trước,"7,35 tỷ","Nhà ngõ, hẻm",37 m²,,"198,65 triệu/m²",Đã có sổ,4 phòng,,,,,,,,,,,,,,,,,
2025-10-03T23:48:01.600133,Cập nhật 9 ngày trước,"57,9 tỷ","Nhà mặt phố, mặt tiền",200 m²,,"289,50 triệu/m²",Đã có sổ,8 phòng,,,9 m,,8,,,"Hẻm xe hơi
Nhà nở hậu",,,,,,,,,
2025-10-03T23:48:05.498622,Cập nhật 7 ngày trước,"8,5 tỷ","Nhà ngõ, hẻm",48 m²,48 m²,"177,08 triệu/m²",Đã có sổ,4 phòng,4 phòng,Nội thất đầy đủ,4 m,,5,,,,,,,,,,,,
2025-10-03T23:48:10.024787,Cập nhật 4 ngày trước,"7,7 tỷ","Nhà ngõ, hẻm",40 m²,36 m²,"192,50 triệu/m²",Đã có sổ,4 phòng,3 phòng,Hoàn thiện cơ bản,,,4,,,Nhà nở hậu,,,,,,,,,
2025-10-03T23:48:14.545166,Cập nhật 8 ngày trước,12 tỷ,"Nhà ngõ, hẻm",60.8 m²,60.8 m²,"197,37 triệu/m²",Đã có sổ,3 phòng,,,3.7 m,,,,,,,,Bắc,,,,,,
2025-10-03T23:48:17.928175,Cập nhật 8 ngày trước,"7,5 tỷ","Nhà mặt phố, mặt tiền",46 m²,,"163,04 triệu/m²",Đã có sổ,4 phòng,,,,,,,,,,,,,,,,,
2025-10-03T23:48:25.754712,Cập nhật 8 ngày trước,"38,25 tỷ",Nhà biệt thự,100 m²,,"382,50 triệu/m²",Đã có sổ,5 phòng,4 phòng,,10 m,,,,,"Hẻm xe hơi
Nhà nở hậu",,,,,,,,,
2025-10-03T23:48:29.306472,Cập nhật 16 giờ trước,"6,35 tỷ","Nhà ngõ, hẻm",25 m²,25 m²,254 triệu/m²,Đã có sổ,3 phòng,4 phòng,Nội thất đầy đủ,3.2 m,,5,,,,,,Tây Bắc,,,,,,
2025-10-03T23:48:36.196567,Cập nhật 1 ngày trước,"4,88 tỷ","Nhà ngõ, hẻm",23 m²,18 m²,"212,17 triệu/m²",Đã có sổ,3 phòng,3 phòng,Nội thất đầy đủ,,,5,,,,,,,,,,,,
2025-10-03T23:48:41.445214,Cập nhật 10 giờ trước,"5,45 tỷ","Nhà ngõ, hẻm",30 m²,30 m²,"181,67 triệu/m²",Đã có sổ,3 phòng,4 phòng,Nội thất đầy đủ,4.5 m,7 m,5,,,Hẻm xe hơi,,,,,,,,,
2025-10-03T23:48:50.111361,Cập nhật 7 ngày trước,"10,5 tỷ","Nhà ngõ, hẻm",62 m²,,"169,35 triệu/m²",Đã có sổ,4 phòng,2 phòng,Nội thất đầy đủ,,,4,,,,,,,,,,,,
2025-10-03T23:48:51.823980,Cập nhật 7 ngày trước,10 tỷ,"Nhà ngõ, hẻm",38 m²,38 m²,"263,16 triệu/m²",Đã có sổ,3 phòng,4 phòng,Nội thất cao cấp,,,6,,,Hiện trạng khác,,,,,,,,,
2025-10-03T23:48:53.568450,Cập nhật 9 ngày trước,"18,4 tỷ",,145 m²,,"126,90 triệu/m²",Đang chờ sổ,3 phòng,3 phòng,Hoàn thiện cơ bản,,,,Đã bàn giao,Chung cư,,,,Bắc,,12,06,Nam,,
2025-10-03T23:49:04.202417,Cập nhật 9 ngày trước,"14,5 tỷ","Nhà mặt phố, mặt tiền",52.76 m²,52.76 m²,"274,83 triệu/m²",Đã có sổ,6 phòng,4 phòng,,4.5 m,11.72 m,5,,,Hẻm xe hơi,,,,,,,,,
2025-10-03T23:49:06.131274,Cập nhật 9 ngày trước,"13,8 tỷ","Nhà ngõ, hẻm",76 m²,76 m²,"181,58 triệu/m²",Đã có sổ,4 phòng,,,,,3,,,,,,,,,,,,
2025-10-03T23:49:04.104963,Cập nhật 6 ngày trước,"13,6 tỷ","Nhà ngõ, hẻm",63 m²,,"215,87 triệu/m²",Đã có sổ,6 phòng,1 phòng,Hoàn thiện cơ bản,5.3 m,,3,,,"Nhà nở hậu
Hẻm xe hơi",,,,,,,,,
2025-10-03T23:49:07.457871,Cập nhật 8 ngày trước,"62,8 tỷ",Nhà biệt thự,194 m²,194 m²,"323,71 triệu/m²",Đã có sổ,5 phòng,6 phòng,Nội thất cao cấp,,,4,,,,,,,,,,,,
2025-10-03T23:49:11.881319,Cập nhật 8 ngày trước,"8,39 tỷ","Nhà ngõ, hẻm",35 m²,35 m²,"239,71 triệu/m²",Đã có sổ,3 phòng,4 phòng,,3.5 m,103 m,6,,,"Hẻm xe hơi
Nhà nở hậu",,,Đông,,,,,,
2025-10-03T23:49:18.485902,Cập nhật 8 ngày trước,7 tỷ,"Nhà ngõ, hẻm",30 m²,,"233,33 triệu/m²",Đã có sổ,3 phòng,3 phòng,Nội thất cao cấp,3 m,,5,,,Nhà nở hậu,,,,,,,,,
2025-10-03T23:49:18.591190,Cập nhật 7 ngày trước,5 tỷ,"Nhà ngõ, hẻm",36 m²,36 m²,"138,89 triệu/m²",Đã có sổ,3 phòng,4 phòng,Nội thất cao cấp,6 m,6 m,5,,,Hẻm xe hơi,,,,,,,,,
2025-10-03T23:49:41.778277,Cập nhật 7 ngày trước,"7,5 tỷ","Nhà ngõ, hẻm",43 m²,,"174,42 triệu/m²",Đã có sổ,3 phòng,,,,,4,,,,,,,,,,,,
2025-10-03T23:49:46.528396,Cập nhật 8 ngày trước,"13,5 tỷ","Nhà ngõ, hẻm",65 m²,,"207,69 triệu/m²",Đã có sổ,4 phòng,,,,,,,,,,,,,,,,,
2025-10-03T23:49:47.340800,Cập nhật 9 ngày trước,"4,5 tỷ",,70 m²,,"64,29 triệu/m²",Đã có sổ,,,,,,,,,,Đất thổ cư,m²,,,,,,,
2025-10-03T23:49:48.019721,Cập nhật 3 ngày trước,55 tỷ,"Nhà ngõ, hẻm",402 m²,450 m²,"136,82 triệu/m²",Đã có sổ,nhiều hơn 10 phòng,Nhiều hơn 6 phòng,Nội thất đầy đủ,9 m,,2,,,Hẻm xe hơi Nhà nở hậu,,,,,,,,,
2025-10-03T23:49:49.252745,Cập nhật 8 ngày trước,750 triệu,,52 m²,,"14,42 triệu/m²",Sổ hồng riêng,2 phòng,1 phòng,,,,,Đã bàn giao,"Căn hộ dịch vụ, mini",,,,,,,,Đông Nam,,
2025-10-03T23:49:54.524846,Cập nhật 9 ngày trước,"7,5 tỷ","Nhà ngõ, hẻm",31 m²,,"241,94 triệu/m²",Đã có sổ,3 phòng,,,,,,,,,,,,,,,,,
2025-10-03T23:49:54.976066,Cập nhật 8 ngày trước,"1,9 tỷ",,41 m²,,"46,34 triệu/m²",Đã có sổ,,,,8 m,5 m,,,,,Đất thổ cư,m²,,,,,,,
2025-10-03T23:50:02.102662,Cập nhật 8 ngày trước,"3,9 tỷ","Nhà ngõ, hẻm",18 m²,18 m²,"216,67 triệu/m²",Đã có sổ,2 phòng,3 phòng,Nội thất đầy đủ,3 m,6 m,3,,,Hiện trạng khác,,,,,,,,,
2025-10-03T23:50:02.304870,Cập nhật 3 ngày trước,"11,5 tỷ","Nhà ngõ, hẻm",37 m²,230 m²,"310,81 triệu/m²",Đã có sổ,4 phòng,5 phòng,,4 m,,6,,,Hẻm xe hơi,,,,,,,,,
2025-10-03T23:50:09.720008,Cập nhật 6 ngày trước,"13,9 tỷ",,46 m²,,"302,17 triệu/m²",Sổ hồng riêng,9 phòng,Nhiều hơn 6 phòng,Nội thất cao cấp,,,,Chưa bàn giao,"Căn hộ dịch vụ, mini",,,,,,,,,,
2025-10-03T23:50:13.984462,Cập nhật 9 ngày trước,"10,2 tỷ",,44 m²,,"231,82 triệu/m²",Đã có sổ,,,,4 m,11 m,,,,Mặt tiền Hẻm xe hơi,Đất thổ cư,m²,,,,,,,
2025-10-03T23:50:14.787725,Cập nhật 9 ngày trước,"15,2 tỷ",Nhà phố liền kề,50 m²,,304 triệu/m²,Đã có sổ,6 phòng,,,,,7,,,,,,,,,,,,
2025-10-03T23:50:14.956900,Cập nhật 7 ngày trước,"28,8 tỷ","Nhà mặt phố, mặt tiền",90 m²,90 m²,320 triệu/m²,Đã có sổ,6 phòng,6 phòng,Nội thất cao cấp,,,5,,,,,,,,,,,,
2025-10-03T23:50:27.907389,Cập nhật 8 ngày trước,"8,3 tỷ","Nhà ngõ, hẻm",46 m²,,"180,43 triệu/m²",Đã có sổ,7 phòng,4 phòng,Nội thất đầy đủ,,,5,,,,,,,,,,,,
2025-10-03T23:50:29.243450,Cập nhật 2 ngày trước,"6,9 tỷ","Nhà ngõ, hẻm",42 m²,42 m²,"164,29 triệu/m²",Đã có sổ,4 phòng,3 phòng,Nội thất đầy đủ,5 m,8 m,4,,,Nhà nở hậu,,,,,,,,,
2025-10-03T23:50:39.827685,Cập nhật 8 ngày trước,"6,58 tỷ","Nhà ngõ, hẻm",24 m²,,"274,17 triệu/m²",Đã có sổ,4 phòng,,,,,,,,,,,,,,,,,
2025-10-03T23:50:40.492401,Cập nhật 7 ngày trước,"21,5 tỷ",Nhà biệt thự,120 m²,,"179,17 triệu/m²",Đã có sổ,4 phòng,,,6 m,,,,,Hẻm xe hơi,,,,,,,,,
2025-10-03T23:50:47.714027,Cập nhật 8 ngày trước,"8,55 tỷ","Nhà ngõ, hẻm",35 m²,35 m²,"244,29 triệu/m²",Đã có sổ,3 phòng,4 phòng,Nội thất cao cấp,,,5,,,,,,,,,,,,
2025-10-03T23:50:50.863252,Cập nhật 6 ngày trước,"8,85 tỷ","Nhà ngõ, hẻm",34 m²,34 m²,"260,29 triệu/m²",Đã có sổ,4 phòng,4 phòng,Nội thất đầy đủ,,,,,,,,,,,,,,,
2025-10-03T23:50:55.176019,Cập nhật 8 ngày trước,"5,28 tỷ","Nhà ngõ, hẻm",25 m²,25 m²,"211,20 triệu/m²",Đã có sổ,3 phòng,,Nội thất cao cấp,4.5 m,6 m,5,,,Hiện trạng khác Nhà nở hậu,,,,,,,,,
2025-10-03T23:51:03.223466,Cập nhật 8 ngày trước,"11,5 tỷ","Nhà ngõ, hẻm",50 m²,50 m²,230 triệu/m²,Đã có sổ,4 phòng,3 phòng,Nội thất đầy đủ,6.3 m,9 m,3,,,Hẻm xe hơi Nhà nở hậu,,,,,,,,,
2025-10-03T23:51:06.150829,Cập nhật 8 ngày trước,"4,4 tỷ",,40 m²,,110 triệu/m²,Đã có sổ,,,,4 m,10 m,,,,,Đất thổ cư,m²,Tây Nam,,,,,,
2025-10-03T23:51:06.817138,Cập nhật 9 ngày trước,47 tỷ,"Nhà mặt phố, mặt tiền",44 m²,140 m²,"1,07 tỷ/m²",Đã có sổ,8 phòng,5 phòng,,5.8 m,,3,,,,,,,,,,,,
2025-10-03T23:51:14.948652,Cập nhật 7 ngày trước,"11,35 tỷ","Nhà ngõ, hẻm",50 m²,200 m²,227 triệu/m²,Đã có sổ,6 phòng,4 phòng,,4 m,12.5 m,,,,,,,,,,,,,
2025-10-03T23:51:16.560830,Cập nhật 7 ngày trước,"5,28 tỷ",,63.7 m²,,"82,89 triệu/m²",Đã có sổ,,,,4.5 m,,,,,Mặt tiền Thổ cư toàn bộ,Đất thổ cư,m²,,,,,,,
2025-10-03T23:51:22.929881,Cập nhật 7 ngày trước,"8,9 tỷ","Nhà ngõ, hẻm",36 m²,36 m²,"247,22 triệu/m²",Đã có sổ,4 phòng,4 phòng,Nội thất đầy đủ,,,5,,,Nhà nở hậu,,,,,,,,,
2025-10-03T23:51:32.002055,Cập nhật 8 ngày trước,"10,9 tỷ","Nhà ngõ, hẻm",37 m²,,"294,59 triệu/m²",Đã có sổ,9 phòng,Nhiều hơn 6 phòng,Nội thất cao cấp,,,6,,,,,,,,,,,,
2025-10-03T23:51:41.114035,Cập nhật 8 ngày trước,"4,69 tỷ",,70 m²,,67 triệu/m²,Đã có sổ,,,,4 m,16 m,,,,Mặt tiền Hẻm xe hơi Nở hậu Thổ cư toàn bộ,Đất thổ cư,,Đông Bắc,,,,,,
2025-10-03T23:51:42.447452,Cập nhật 13 giờ trước,"9,5 tỷ","Nhà ngõ, hẻm",51 m²,51 m²,"186,27 triệu/m²",Đã có sổ,1 phòng,,,,,,,,Nhà nở hậu Nhà nát,,,,,,,,,
2025-10-03T23:51:47.047782,Cập nhật 8 ngày trước,"4,4 tỷ",,55 m²,,80 triệu/m²,Đã có sổ,,,,4.45 m,12.4 m,,,,Hẻm xe hơi Nở hậu,Đất thổ cư,m²,Tây Nam,,,,,,
2025-10-03T23:51:50.122615,Cập nhật 7 ngày trước,"8,05 tỷ","Nhà ngõ, hẻm",41 m²,,"196,34 triệu/m²",Đã có sổ,4 phòng,4 phòng,,,,,,,,,,,,,,,,
2025-10-03T23:52:02.076917,Cập nhật 7 ngày trước,"13,5 tỷ","Nhà ngõ, hẻm",56 m²,,"241,07 triệu/m²",Đã có sổ,5 phòng,5 phòng,Nội thất cao cấp,,,7,,,Hẻm xe hơi Nhà nở hậu,,,,,,,,,
2025-10-03T23:52:06.718801,Cập nhật 7 ngày trước,9 tỷ,"Nhà ngõ, hẻm",59 m²,,"152,54 triệu/m²",Đã có sổ,5 phòng,6 phòng,Nội thất đầy đủ,,,7,,,Nhà nở hậu,,,,,,,,,
2025-10-03T23:52:10.238133,Cập nhật 8 ngày trước,"7,14 tỷ",,84 m²,,85 triệu/m²,Đã có sổ,,,,5 m,,,,,,Đất thổ cư,,,,,,,,
2025-10-03T23:52:11.090243,Cập nhật 9 ngày trước,"4,75 tỷ","Nhà ngõ, hẻm",43 m²,43 m²,"110,47 triệu/m²",Đã có sổ,4 phòng,,Hoàn thiện cơ bản,4 m,,4,,,Nhà nở hậu,,,,,,,,,
2025-10-03T23:52:14.453216,Cập nhật 8 ngày trước,20 tỷ,Nhà phố liền kề,84 m²,84 m²,"238,10 triệu/m²",Đã có sổ,5 phòng,4 phòng,Hoàn thiện cơ bản,4.2 m,19 m,4,,,Hẻm xe hơi,,,,,,,,,
2025-10-03T23:52:27.686890,Cập nhật 8 ngày trước,"21,41 tỷ","Nhà ngõ, hẻm",126 m²,,"169,92 triệu/m²",Đã có sổ,6 phòng,3 phòng,,4 m,,,,,Hẻm xe hơi Nhà nở hậu,,,,,,,,,
2025-10-03T23:52:30.192601,Cập nhật 8 ngày trước,"26,5 tỷ","Nhà ngõ, hẻm",70 m²,350 m²,"378,57 triệu/m²",Đã có sổ,6 phòng,6 phòng,Nội thất đầy đủ,,,5,,,Hẻm xe hơi Nhà nở hậu,,,,,,,,,
2025-10-03T23:52:30.999638,Cập nhật 8 ngày trước,"8,2 tỷ","Nhà ngõ, hẻm",45 m²,,"182,22 triệu/m²",Đã có sổ,4 phòng,4 phòng,,,,4,,,,,,,,,,,,
2025-10-03T23:52:32.505202,Cập nhật 4 ngày trước,7 tỷ,"Nhà ngõ, hẻm",30 m²,30 m²,"233,33 triệu/m²",Đã có sổ,3 phòng,4 phòng,Nội thất đầy đủ,4.5 m,7 m,6,,,Hẻm xe hơi Nhà nở hậu,,,Tây,,,,,,
2025-10-03T23:52:34.514443,Cập nhật 8 ngày trước,"5,6 tỷ","Nhà ngõ, hẻm",25 m²,28 m²,224 triệu/m²,Đã có sổ,3 phòng,,,,,,,,Nhà nở hậu,,,,,,,,,
2025-10-03T23:52:38.392197,Cập nhật 7 ngày trước,"7,8 tỷ","Nhà ngõ, hẻm",45 m²,,"173,33 triệu/m²",Đã có sổ,4 phòng,,,,,,,,,,,,,,,,,
2025-10-03T23:52:38.579759,Cập nhật 3 ngày trước,"5,75 tỷ",,41 m²,,"140,24 triệu/m²",Đã có sổ,,,,,,,,,,Đất thổ cư,m²,,,,,,,
2025-10-03T23:52:40.998778,Cập nhật 8 ngày trước,800 triệu,,52 m²,,"15,38 triệu/m²",Sổ hồng riêng,2 phòng,1 phòng,Nội thất cao cấp,,,,Đã bàn giao,"Căn hộ dịch vụ, mini",,,,,,,,,,
2025-10-03T23:52:54.516508,Cập nhật 8 ngày trước,"4,2 tỷ",,280 m²,,15 triệu/m²,Đã có sổ,,,,,,,,,Mặt tiền Hẻm xe hơi Nở hậu Thổ cư 1 phần,Đất thổ cư,m²,,,,,,,
2025-10-03T23:52:59.097033,Cập nhật 3 ngày trước,"4,85 tỷ","Nhà ngõ, hẻm",32 m²,,"151,56 triệu/m²",Đã có sổ,3 phòng,4 phòng,Nội thất đầy đủ,3.2 m,10 m,5,,,Nhà nở hậu,,,Tây,,,,,,
2025-10-03T23:53:03.953727,Cập nhật 5 ngày trước,"7,2 tỷ","Nhà ngõ, hẻm",30 m²,,240 triệu/m²,Đã có sổ,4 phòng,,Nội thất đầy đủ,,,4,,,,,,,,,,,,
2025-10-03T23:53:06.401206,Cập nhật 8 ngày trước,"108,6 tỷ","Nhà mặt phố, mặt tiền",110 m²,116 m²,"987,27 triệu/m²",Đã có sổ,10 phòng,Nhiều hơn 6 phòng,Nội thất đầy đủ,5 m,,10,,,,,,,,,,,,
2025-10-03T23:53:06.694391,Cập nhật 9 ngày trước,"1,88 tỷ",,48 m²,,"39,17 triệu/m²",Hợp đồng mua bán,2 phòng,1 phòng,Nội thất cao cấp,,,,Đã bàn giao,"Căn hộ dịch vụ, mini",,,,Bắc,,5,,Nam,,
2025-10-03T23:53:11.714702,Cập nhật 7 ngày trước,"5,15 tỷ","Nhà mặt phố, mặt tiền",32 m²,32 m²,"160,94 triệu/m²",Đã có sổ,3 phòng,,,,,4,,,,,,,,,,,,
2025-10-03T23:53:14.526771,Cập nhật 8 ngày trước,"7,2 tỷ","Nhà ngõ, hẻm",30 m²,,240 triệu/m²,Đã có sổ,5 phòng,,,,,,,,,,,,,,,,,
2025-10-03T23:53:26.118105,Cập nhật 9 ngày trước,"11,8 tỷ",Nhà phố liền kề,50 m²,50 m²,236 triệu/m²,Đã có sổ,9 phòng,Nhiều hơn 6 phòng,,6 m,10 m,6,,,Hẻm xe hơi,,,,,,,,,
2025-10-03T23:53:27.245486,Cập nhật 9 ngày trước,"6,5 tỷ","Nhà ngõ, hẻm",50 m²,50 m²,130 triệu/m²,Đã có sổ,3 phòng,,,,,3,,,Hiện trạng khác,,,,,,,,,
2025-10-03T23:53:35.028637,Cập nhật 7 ngày trước,"10,4 tỷ","Nhà ngõ, hẻm",48 m²,,"216,67 triệu/m²",Đã có sổ,5 phòng,,,,,,,,,,,,,,,,,
2025-10-03T23:53:37.480346,Cập nhật 8 ngày trước,"7,8 tỷ","Nhà ngõ, hẻm",51 m²,,"152,94 triệu/m²",Đã có sổ,4 phòng,,Nội thất đầy đủ,,,,,,,,,,,,,,,
2025-10-03T23:53:40.550312,Cập nhật 7 ngày trước,"4,5 tỷ",,65 m²,,"69,23 triệu/m²",Đã có sổ,,,,4 m,,,,,Thổ cư toàn bộ,Đất thổ cư,,,,,,,,
2025-10-03T23:53:43.906261,Cập nhật 8 ngày trước,"12,55 tỷ","Nhà ngõ, hẻm",48 m²,,"261,46 triệu/m²",Đã có sổ,3 phòng,4 phòng,Nội thất đầy đủ,,,5,,,Nhà nở hậu,,,,,,,,,
2025-10-03T23:53:46.052722,Cập nhật 9 ngày trước,"6,6 tỷ",,90 m²,,"73,33 triệu/m²",Đã có sổ,,,,4.7 m,19 m,,,,Mặt tiền Hẻm xe hơi Thổ cư toàn bộ,Đất thổ cư,m²,Đông Nam,,,,,,
2025-10-03T23:53:57.454117,Cập nhật 7 ngày trước,"7,2 tỷ","Nhà ngõ, hẻm",40 m²,,180 triệu/m²,Đã có sổ,3 phòng,,,,,,,,,,,,,,,,,
2025-10-03T23:54:00.535251,Cập nhật 7 ngày trước,"6,1 tỷ","Nhà ngõ, hẻm",32 m²,,"190,62 triệu/m²",Đã có sổ,3 phòng,4 phòng,Nội thất đầy đủ,,,4,,,,,,,,,,,,
2025-10-03T23:54:00.692834,Cập nhật 9 ngày trước,"7,45 tỷ","Nhà ngõ, hẻm",39 m²,,"191,03 triệu/m²",Đã có sổ,3 phòng,,,,,,,,,,,,,,,,,
2025-10-03T23:54:03.846476,Cập nhật 7 ngày trước,"12,5 tỷ","Nhà ngõ, hẻm",47 m²,,"265,96 triệu/m²",Đã có sổ,3 phòng,3 phòng,Nội thất cao cấp,,,3,,,Hẻm xe hơi,,,,,,,,,
2025-10-03T23:54:05.719077,Cập nhật 9 ngày trước,"7,75 tỷ","Nhà ngõ, hẻm",33 m²,,"234,85 triệu/m²",Đã có sổ,3 phòng,4 phòng,Nội thất cao cấp,,,5,,,Nhà nở hậu,,,,,,,,,
2025-10-03T23:54:07.695111,Cập nhật 7 ngày trước,"8,5 tỷ","Nhà ngõ, hẻm",37 m²,,"229,73 triệu/m²",Đã có sổ,3 phòng,,Nội thất đầy đủ,,,,,,Hẻm xe hơi,,,,,,,,,
2025-10-03T23:54:09.002363,Cập nhật 7 ngày trước,"8,8 tỷ","Nhà ngõ, hẻm",30 m²,38 m²,"293,33 triệu/m²",Đã có sổ,3 phòng,,Nội thất đầy đủ,,,5,,,,,,,,,,,,
2025-10-03T23:54:17.888690,Cập nhật 8 ngày trước,"8,5 tỷ","Nhà ngõ, hẻm",30 m²,30 m²,"283,33 triệu/m²",Đã có sổ,3 phòng,4 phòng,Nội thất đầy đủ,4 m,8 m,4,,,,,,,,,,,,
2025-10-03T23:54:22.374007,Cập nhật 7 ngày trước,"7,8 tỷ","Nhà mặt phố, mặt tiền",45 m²,,"173,33 triệu/m²",Đã có sổ,4 phòng,,,,,,,,,,,,,,,,,
2025-10-03T23:54:29.831105,Cập nhật 9 ngày trước,"15,5 tỷ","Nhà ngõ, hẻm",53 m²,53 m²,"292,45 triệu/m²",Đã có sổ,4 phòng,4 phòng,Nội thất cao cấp,4 m,13.25 m,4,,,,,,Tây Bắc,,,,,,
2025-10-03T23:54:32.762411,Cập nhật 13 giờ trước,"3,65 tỷ",,48 m²,,"76,04 triệu/m²",Đã có sổ,,,,6.7 m,7.2 m,,,,Hẻm xe hơi Thổ cư toàn bộ,Đất thổ cư,m²,Tây Nam,,,,,,
2025-10-03T23:54:34.887260,Cập nhật 9 ngày trước,"6,1 tỷ","Nhà ngõ, hẻm",34 m²,34 m²,"179,41 triệu/m²",Đã có sổ,4 phòng,4 phòng,,,,4,,,Nhà nở hậu,,,Đông,,,,,,
2025-10-03T23:54:38.114699,Cập nhật 7 ngày trước,4 tỷ,"Nhà ngõ, hẻm",31 m²,31 m²,"129,03 triệu/m²",Đã có sổ,3 phòng,4 phòng,Nội thất đầy đủ,,,5,,,,,,,,,,,,
2025-10-03T23:54:46.416199,Cập nhật 7 ngày trước,"3,4 tỷ","Nhà ngõ, hẻm",33 m²,,"103,03 triệu/m²",Đã có sổ,4 phòng,,,3.3 m,10 m,4,,,,,,,,,,,,
2025-10-03T23:54:50.728316,Cập nhật 7 ngày trước,"6,2 tỷ","Nhà mặt phố, mặt tiền",43 m²,43 m²,"144,19 triệu/m²",Đã có sổ,4 phòng,,Hoàn thiện cơ bản,4 m,,5,,,Hẻm xe hơi,,,,,,,,,
2025-10-03T23:54:55.443755,Cập nhật 9 ngày trước,"2,1 tỷ","Nhà ngõ, hẻm",17 m²,70 m²,"123,53 triệu/m²",Đang chờ sổ,3 phòng,3 phòng,Nội thất đầy đủ,,,4,,,,,,,,,,,,
2025-10-03T23:54:56.714349,Cập nhật 8 ngày trước,24 tỷ,"Nhà mặt phố, mặt tiền",85 m²,85 m²,"282,35 triệu/m²",Đã có sổ,5 phòng,5 phòng,Hoàn thiện cơ bản,5.2 m,18 m,4,,,Hẻm xe hơi,,,Tây Bắc,,,,,,
2025-10-03T23:54:58.411783,Cập nhật 2 ngày trước,"7,3 tỷ","Nhà ngõ, hẻm",32 m²,,"228,12 triệu/m²",Đã có sổ,3 phòng,4 phòng,Nội thất đầy đủ,,,5,,,Nhà nở hậu,,,,,,,,,
2025-10-03T23:55:01.616668,Cập nhật 8 ngày trước,"6,45 tỷ",,40 m²,,"161,25 triệu/m²",Đã có sổ,,,,,,,,,Nở hậu,Đất thổ cư,m²,,,,,,,
2025-10-03T23:55:12.402090,Cập nhật 7 ngày trước,"1,05 tỷ",,50 m²,,21 triệu/m²,Đã có sổ,,,,4 m,13 m,,,,Hẻm xe hơi Không có thổ cư,Đất thổ cư,m²,,,,,,,
2025-10-03T23:55:18.339816,Cập nhật 9 ngày trước,"5,5 tỷ","Nhà ngõ, hẻm",46 m²,,"119,57 triệu/m²",Đã có sổ,4 phòng,,,,,,,,,,,,,,,,,
2025-10-03T23:55:23.353358,Cập nhật 9 ngày trước,920 triệu,,40 m²,,23 triệu/m²,Sổ hồng riêng,2 phòng,1 phòng,Nội thất cao cấp,,,,Đã bàn giao,"Căn hộ dịch vụ, mini",,,,,,,,,,
2025-10-03T23:55:27.492601,Cập nhật 7 ngày trước,"7,6 tỷ","Nhà ngõ, hẻm",41 m²,,"185,37 triệu/m²",Đã có sổ,4 phòng,,,,,6,,,,,,,,,,,,
2025-10-03T23:55:38.171842,Cập nhật 8 ngày trước,"13,1 tỷ","Nhà ngõ, hẻm",40 m²,40 m²,"327,50 triệu/m²",Đã có sổ,3 phòng,,Nội thất đầy đủ,,,,,,,,,,,,,,,
2025-10-03T23:55:45.357490,Cập nhật 7 ngày trước,"12,9 tỷ","Nhà ngõ, hẻm",65 m²,65 m²,"198,46 triệu/m²",Đã có sổ,4 phòng,4 phòng,Nội thất đầy đủ,4 m,16 m,7,,,Hẻm xe hơi Nhà nở hậu,,,,,,,,,
2025-10-03T23:55:45.547620,Cập nhật 9 ngày trước,"5,72 tỷ",,71 m²,,"80,56 triệu/m²",Đã có sổ,,,,,,,,,,Đất thổ cư,,,,,,,,
2025-10-03T23:55:46.969850,Cập nhật 7 ngày trước,"6,9 tỷ","Nhà ngõ, hẻm",40 m²,200 m²,"172,50 triệu/m²",Đã có sổ,3 phòng,4 phòng,Nội thất cao cấp,4 m,10 m,5,,,,,,,,,,,,
2025-10-03T23:55:49.161254,Cập nhật 9 ngày trước,"3,9 tỷ",,60 m²,,65 triệu/m²,Sổ hồng riêng,2 phòng,1 phòng,Nội thất đầy đủ,,,,Đã bàn giao,"Tập thể, cư xá",,,,,,,,,,
2025-10-03T23:55:53.040577,Cập nhật 7 ngày trước,"8,5 tỷ","Nhà ngõ, hẻm",56 m²,60 m²,"151,79 triệu/m²",Đã có sổ,6 phòng,5 phòng,Nội thất đầy đủ,5 m,,5,,,,,,,,,,,,
2025-10-03T23:56:05.363463,Cập nhật 2 ngày trước,19 tỷ,"Nhà mặt phố, mặt tiền",73 m²,,"260,27 triệu/m²",Đã có sổ,3 phòng,,,7 m,,,,,,,,,,,,,,
2025-10-03T23:56:06.977165,Cập nhật 5 ngày trước,"17,9 tỷ","Nhà mặt phố, mặt tiền",45 m²,45 m²,"397,78 triệu/m²",Đã có sổ,7 phòng,,Nội thất cao cấp,3.6 m,12.5 m,5,,,Nhà nở hậu,,,,,,,,,
2025-10-03T23:56:08.852221,Cập nhật 5 ngày trước,"3,2 tỷ",,270 m²,,"11,85 triệu/m²",Đã có sổ,,,,7 m,40 m,,,,Mặt tiền Hẻm xe hơi Thổ cư 1 phần,Đất thổ cư,,,,,,,,
2025-10-03T23:56:12.710229,Cập nhật 8 ngày trước,"5,7 tỷ",,89 m²,,"64,04 triệu/m²",Đã có sổ,,,,,,,,,Mặt tiền Thổ cư toàn bộ Hẻm xe hơi,Đất thổ cư,,,,,,,,
2025-10-03T23:56:26.944563,Cập nhật 7 ngày trước,"15,8 tỷ",Nhà phố liền kề,63 m²,,"250,79 triệu/m²",Đã có sổ,5 phòng,4 phòng,Nội thất đầy đủ,,,6,,,,,,,,,,,,
2025-10-03T23:56:32.541339,Cập nhật 7 ngày trước,"7,1 tỷ","Nhà ngõ, hẻm",51 m²,,"139,22 triệu/m²",Đã có sổ,5 phòng,,,,,,,,,,,,,,,,,
2025-10-03T23:56:34.340781,Cập nhật 7 ngày trước,"6,6 tỷ","Nhà ngõ, hẻm",30 m²,,220 triệu/m²,Đã có sổ,3 phòng,,,,,,,,,,,,,,,,,
2025-10-03T23:56:38.474800,Cập nhật 8 ngày trước,"6,4 tỷ","Nhà mặt phố, mặt tiền",41 m²,,"156,10 triệu/m²",Đã có sổ,4 phòng,,,,,,,,Nhà nở hậu,,,,,,,,,
2025-10-03T23:56:38.415174,Cập nhật 9 ngày trước,"7,8 tỷ","Nhà ngõ, hẻm",30 m²,,260 triệu/m²,Đã có sổ,3 phòng,,,,,,,,,,,,,,,,,
2025-10-03T23:56:39.863559,Cập nhật 7 ngày trước,"3,5 tỷ",,85 m²,,"41,18 triệu/m²",Sổ hồng riêng,3 phòng,2 phòng,Hoàn thiện cơ bản,,,,Chưa bàn giao,"Tập thể, cư xá",,,,,,,,,,
2025-10-03T23:56:53.772784,Cập nhật 9 giờ trước,"1,75 tỷ",,40 m²,,"43,75 triệu/m²",Đã có sổ,,,,4 m,10 m,,,,,Đất thổ cư,m²,Tây Bắc,,,,,,
2025-10-03T23:56:53.922555,Cập nhật 9 ngày trước,"11,2 tỷ","Nhà ngõ, hẻm",60 m²,60 m²,"186,67 triệu/m²",Đã có sổ,4 phòng,3 phòng,,4.1 m,15 m,4,,,Hẻm xe hơi,,,,,,,,,
2025-10-03T23:56:58.042086,Cập nhật 2 ngày trước,"5,8 tỷ",,66.8 m²,,"86,83 triệu/m²",Sổ hồng riêng,2 phòng,1 phòng,Nội thất cao cấp,,,,Đã bàn giao,"Tập thể, cư xá",,,,,,,,Bắc,,
2025-10-03T23:56:58.215174,Cập nhật 9 ngày trước,"4,5 tỷ","Nhà ngõ, hẻm",31 m²,31 m²,"145,16 triệu/m²",Đã có sổ,3 phòng,3 phòng,Nội thất đầy đủ,7 m,5 m,4,,,,,,,,,,,,
2025-10-03T23:57:01.844038,Cập nhật 4 ngày trước,"5,4 tỷ",,120 m²,,45 triệu/m²,Đã có sổ,,,,8 m,15 m,,,,,Đất thổ cư,m²,,,,,,,
2025-10-03T23:57:02.699322,Cập nhật 9 ngày trước,"8,5 tỷ","Nhà ngõ, hẻm",48 m²,,"177,08 triệu/m²",Đã có sổ,4 phòng,4 phòng,Nội thất đầy đủ,,,4,,,,,,,,,,,,
2025-10-03T23:57:06.122485,Cập nhật 7 ngày trước,"14,6 tỷ",,64 m²,,"228,12 triệu/m²",Đã có sổ,,,,6.4 m,10 m,,,,Mặt tiền Hẻm xe hơi,Đất thổ cư,m²,,,,,,,
2025-10-03T23:57:06.777849,Cập nhật 8 ngày trước,"9,95 tỷ","Nhà ngõ, hẻm",50 m²,50 m²,199 triệu/m²,Đã có sổ,3 phòng,4 phòng,,,,6,,,Hẻm xe hơi Nhà nở hậu,,,,,,,,,
2025-10-03T23:57:10.438869,Cập nhật 9 ngày trước,"154,5 tỷ","Nhà mặt phố, mặt tiền",172 m²,1000 m²,"898,26 triệu/m²",Đã có sổ,nhiều hơn 10 phòng,Nhiều hơn 6 phòng,Nội thất cao cấp,6 m,,6,,,,,,,,,,,,
2025-10-03T23:57:17.850915,Cập nhật 8 ngày trước,"8,9 tỷ","Nhà ngõ, hẻm",43 m²,,"206,98 triệu/m²",Đã có sổ,3 phòng,,,,,5,,,,,,,,,,,,
2025-10-03T23:57:26.266281,Cập nhật 3 giờ trước,"8,7 tỷ","Nhà ngõ, hẻm",40 m²,44 m²,"217,50 triệu/m²",Đã có sổ,6 phòng,,,,,,,,Nhà nở hậu,,,,,,,,,
2025-10-03T23:57:26.619389,Cập nhật 7 ngày trước,"7,85 tỷ","Nhà ngõ, hẻm",51 m²,51 m²,"153,92 triệu/m²",Đã có sổ,3 phòng,3 phòng,Nội thất đầy đủ,4.6 m,,3,,,Nhà nở hậu,,,,,,,,1,
2025-10-03T23:57:26.948856,Cập nhật 9 ngày trước,"6,56 tỷ","Nhà ngõ, hẻm",35 m²,35 m²,"187,43 triệu/m²",Đã có sổ,3 phòng,4 phòng,Nội thất đầy đủ,4 m,9 m,4,,,,,,,,,,,,
2025-10-03T23:57:30.476764,Cập nhật 7 ngày trước,"13,5 tỷ","Nhà mặt phố, mặt tiền",50 m²,,270 triệu/m²,Đã có sổ,4 phòng,5 phòng,Nội thất cao cấp,5 m,10 m,5,,,Hẻm xe hơi Nhà nở hậu,,,,,,,,,
2025-10-03T23:57:37.638593,Cập nhật 7 ngày trước,"10,8 tỷ","Nhà ngõ, hẻm",34.4 m²,,"313,95 triệu/m²",Đã có sổ,4 phòng,4 phòng,Hoàn thiện cơ bản,4 m,,5,,,Hẻm xe hơi,,,Đông Nam,,,,,,
2025-10-03T23:57:50.617618,Cập nhật 8 ngày trước,"2,85 tỷ","Nhà ngõ, hẻm",277 m²,30 m²,"10,29 triệu/m²",Không có sổ,3 phòng,3 phòng,Nội thất đầy đủ,3 m,10 m,4,,,Hẻm xe hơi,,,,,,,,,
2025-10-03T23:57:52.296784,Cập nhật 6 ngày trước,"5,85 tỷ","Nhà ngõ, hẻm",41.5 m²,,"140,96 triệu/m²",Đã có sổ,5 phòng,,,,,5,,,,,,,,,,,,
2025-10-03T23:57:52.469653,Cập nhật 15 giờ trước,"16,98 tỷ","Nhà mặt phố, mặt tiền",43 m²,45 m²,"394,88 triệu/m²",Đã có sổ,3 phòng,3 phòng,Hoàn thiện cơ bản,3.5 m,13 m,3,,,Hẻm xe hơi,,,Đông Bắc,,,,,,
2025-10-03T23:57:52.669477,Cập nhật 9 ngày trước,"27,9 tỷ","Nhà mặt phố, mặt tiền",93 m²,,300 triệu/m²,Đã có sổ,4 phòng,6 phòng,Nội thất cao cấp,5 m,,7,,,Hẻm xe hơi,,,,,,,,,
2025-10-03T23:58:03.467934,Cập nhật 9 ngày trước,"4,45 tỷ",,90 m²,,"49,44 triệu/m²",Sổ hồng riêng,3 phòng,2 phòng,Nội thất đầy đủ,,,,Chưa bàn giao,"Tập thể, cư xá",,,,Tây Bắc,,,,Đông Nam,,Căn góc
2025-10-03T23:58:10.624048,Cập nhật 7 ngày trước,"7,83 tỷ","Nhà mặt phố, mặt tiền",38 m²,38 m²,"206,05 triệu/m²",Đã có sổ,4 phòng,5 phòng,Nội thất đầy đủ,5.4 m,7 m,6,,,Hẻm xe hơi,,,,,,,,,
2025-10-03T23:58:12.501987,Cập nhật 8 ngày trước,"4,6 tỷ","Nhà ngõ, hẻm",20 m²,,230 triệu/m²,Đã có sổ,3 phòng,,,,,4,,,,,,,,,,,,
2025-10-03T23:58:12.592655,Cập nhật 7 ngày trước,"3,45 tỷ","Nhà ngõ, hẻm",42 m²,,"82,14 triệu/m²",Đã có sổ,4 phòng,3 phòng,Nội thất cao cấp,,,4,,,,,,,,,,,,
2025-10-03T23:58:18.040205,Cập nhật 7 ngày trước,"2,5 tỷ",,81.8 m²,,"30,56 triệu/m²",Đã có sổ,,,,,,,,,Mặt tiền Nở hậu Thổ cư toàn bộ,Đất thổ cư,m²,,,,,,,
2025-10-03T23:58:29.586765,Cập nhật 7 ngày trước,3 tỷ,"Nhà ngõ, hẻm",22 m²,22 m²,"136,36 triệu/m²",Không có sổ,2 phòng,2 phòng,Nội thất đầy đủ,,,2,,,Nhà nở hậu,,,,,,,,,
2025-10-03T23:58:30.741433,Cập nhật 8 ngày trước,"7,35 tỷ","Nhà mặt phố, mặt tiền",45 m²,,"163,33 triệu/m²",Đã có sổ,4 phòng,,,,,,,,,,,,,,,,,
2025-10-03T23:58:32.342240,Cập nhật 7 ngày trước,"7,7 tỷ","Nhà ngõ, hẻm",38 m²,190 m²,"202,63 triệu/m²",Đã có sổ,3 phòng,3 phòng,Hoàn thiện cơ bản,4 m,9.7 m,5,,,,,,,,,,,,
2025-10-03T23:58:37.767082,Cập nhật 8 ngày trước,"13,9 tỷ",Nhà phố liền kề,40 m²,,"347,50 triệu/m²",Đã có sổ,4 phòng,4 phòng,Nội thất đầy đủ,4 m,10 m,5,,,,,,Đông Nam,,,,,,
2025-10-03T23:58:45.411854,Cập nhật 7 ngày trước,"5,6 tỷ","Nhà ngõ, hẻm",35 m²,35 m²,160 triệu/m²,Đã có sổ,3 phòng,4 phòng,Nội thất đầy đủ,,,5,,,,,,,,,,,,
2025-10-03T23:58:50.595974,Cập nhật 4 ngày trước,"3,28 tỷ","Nhà ngõ, hẻm",123 m²,123 m²,"26,67 triệu/m²",Đã có sổ,3 phòng,,,6 m,20 m,,,,Nhà nở hậu Hẻm xe hơi,,,,,,Cách đường Lớn 1 Nhà,,,
2025-10-03T23:58:52.899029,Cập nhật 9 ngày trước,"7,86 tỷ","Nhà ngõ, hẻm",32 m²,32 m²,"245,62 triệu/m²",Đã có sổ,4 phòng,,Nội thất đầy đủ,6.8 m,,5,,,,,,,,,,,,
2025-10-03T23:58:55.384682,Cập nhật 5 giờ trước,"4,35 tỷ","Nhà ngõ, hẻm",15.6 m²,17 m²,"278,85 triệu/m²",Đã có sổ,3 phòng,4 phòng,Nội thất đầy đủ,4.5 m,,5,,,Nhà nở hậu,,,,,,,,,
2025-10-03T23:58:57.926435,Cập nhật 1 ngày trước,"5,23 tỷ",,62 m²,,"84,35 triệu/m²",Đã có sổ,,,,,,,,,Mặt tiền Nở hậu Thổ cư toàn bộ,Đất thổ cư,,,,,,,,
2025-10-03T23:59:00.413706,Cập nhật 7 ngày trước,"4,86 tỷ","Nhà ngõ, hẻm",34 m²,,"142,94 triệu/m²",Đã có sổ,3 phòng,2 phòng,Nội thất đầy đủ,,,3,,,,,,,,,,,,
2025-10-03T23:59:05.556808,Cập nhật 5 ngày trước,11 tỷ,"Nhà ngõ, hẻm",58 m²,,"189,66 triệu/m²",Đã có sổ,4 phòng,4 phòng,Nội thất đầy đủ,,,6,,,,,,Tây Nam,,,,,,
2025-10-03T23:59:10.404319,Cập nhật 4 ngày trước,"6,5 tỷ","Nhà ngõ, hẻm",29 m²,,"224,14 triệu/m²",Đã có sổ,3 phòng,4 phòng,,,,,,,,,,,,,,,,
2025-10-03T23:59:22.444199,Cập nhật 7 ngày trước,"34,5 tỷ",,190 m²,,"181,58 triệu/m²",Đã có sổ,,,,,,,,,,Đất thổ cư,,,,,,,,
2025-10-03T23:59:28.205748,Cập nhật 7 ngày trước,"4,75 tỷ",,60 m²,,"79,17 triệu/m²",Sổ hồng riêng,2 phòng,2 phòng,Nội thất đầy đủ,,,,Chưa bàn giao,Chung cư,,,,,,,,,,
2025-10-03T23:59:30.857964,Cập nhật 7 ngày trước,"19,7 tỷ","Nhà mặt phố, mặt tiền",72 m²,72 m²,"273,61 triệu/m²",Đã có sổ,2 phòng,2 phòng,Nội thất đầy đủ,4.3 m,15 m,2,,,Nhà nở hậu,,,Đông Nam,,,,,,
2025-10-03T23:59:41.505617,Cập nhật 7 ngày trước,"7,25 tỷ","Nhà ngõ, hẻm",41 m²,41 m²,"176,83 triệu/m²",Đã có sổ,1 phòng,1 phòng,Hoàn thiện cơ bản,5.2 m,8 m,1,,,Hiện trạng khác,,,,,,,,,
2025-10-03T23:59:42.528741,Cập nhật 7 ngày trước,"5,415 tỷ","Nhà ngõ, hẻm",57 m²,57 m²,95 triệu/m²,Đã có sổ,1 phòng,1 phòng,,4.1 m,13.8 m,1,,,Hẻm xe hơi,,,Tây Bắc,,,,,,
2025-10-03T23:59:43.167761,Cập nhật 4 ngày trước,"4,35 tỷ","Nhà ngõ, hẻm",15 m²,,290 triệu/m²,Đã có sổ,3 phòng,,,,,,,,,,,Đông Nam,,,,,,
2025-10-03T23:59:52.615962,Cập nhật 9 ngày trước,"6,8 tỷ","Nhà ngõ, hẻm",64 m²,64 m²,"106,25 triệu/m²",Đã có sổ,4 phòng,4 phòng,Nội thất đầy đủ,,,4,,,Nhà nở hậu,,,,,,,,2,
2025-10-04T00:00:03.361446,Cập nhật 8 ngày trước,22 tỷ,Nhà phố liền kề,75 m²,,"293,33 triệu/m²",Đã có sổ,4 phòng,4 phòng,Nội thất đầy đủ,5 m,15 m,5,,,,,,Đông Bắc,,,,,,
2025-10-04T00:00:05.304130,Cập nhật 6 ngày trước,"20,8 tỷ","Nhà mặt phố, mặt tiền",60 m²,60 m²,"346,67 triệu/m²",Đã có sổ,6 phòng,6 phòng,Nội thất cao cấp,,,6,,,,,,,,,,,,
2025-10-04T00:00:06.396196,Cập nhật 14 giờ trước,"4,35 tỷ","Nhà ngõ, hẻm",31 m²,150 m²,"140,32 triệu/m²",Đã có sổ,3 phòng,4 phòng,Nội thất đầy đủ,3.66 m,8.5 m,5,,,Nhà nở hậu,,,Đông Nam,,,,,,
2025-10-04T00:00:17.452454,Cập nhật 7 ngày trước,"9,6 tỷ","Nhà ngõ, hẻm",38 m²,38 m²,"252,63 triệu/m²",Đã có sổ,4 phòng,4 phòng,Nội thất cao cấp,,,6,,,,,,,,,,,,
2025-10-04T00:00:16.670574,Cập nhật 8 ngày trước,"8,7 tỷ","Nhà mặt phố, mặt tiền",38 m²,41 m²,"228,95 triệu/m²",Đã có sổ,3 phòng,4 phòng,Hoàn thiện cơ bản,,,5,,,,,,,,,,,,
2025-10-04T00:00:27.228333,Cập nhật 9 ngày trước,"21,5 tỷ","Nhà mặt phố, mặt tiền",56 m²,,"383,93 triệu/m²",Đã có sổ,4 phòng,6 phòng,Nội thất cao cấp,4 m,,8,,,Hẻm xe hơi,,,,,,,,,
2025-10-04T00:00:29.514056,Cập nhật 3 ngày trước,"13,5 tỷ","Nhà mặt phố, mặt tiền",51 m²,51 m²,"264,71 triệu/m²",Đã có sổ,2 phòng,1 phòng,Hoàn thiện cơ bản,4.2 m,12 m,2,,,,,,,,,,,,
2025-10-04T00:00:30.299078,Cập nhật 8 ngày trước,9 tỷ,"Nhà ngõ, hẻm",35 m²,,"257,14 triệu/m²",Đã có sổ,4 phòng,,,,,,,,,,,,,,,,,
2025-10-04T00:00:31.331904,Cập nhật 8 ngày trước,"7,9 tỷ","Nhà ngõ, hẻm",36 m²,,"219,44 triệu/m²",Đã có sổ,4 phòng,4 phòng,Nội thất cao cấp,4 m,9 m,5,,,"Hẻm xe hơi
Nhà nở hậu",,,Đông Bắc,,,,,,
2025-10-04T00:00:40.066985,Cập nhật 9 ngày trước,15 tỷ,"Nhà mặt phố, mặt tiền",30 m²,30 m²,500 triệu/m²,Đã có sổ,3 phòng,,,,,,,,Nhà nở hậu,,,,,,,,,
2025-10-04T00:00:51.348677,Cập nhật 7 ngày trước,"11,5 tỷ",Nhà phố liền kề,45 m²,45 m²,"255,56 triệu/m²",Đã có sổ,4 phòng,4 phòng,Nội thất cao cấp,5 m,9 m,6,,,Nhà nở hậu,,,,,,,,,
2025-10-04T00:00:54.454845,Cập nhật 8 ngày trước,"12,2 tỷ","Nhà ngõ, hẻm",35 m²,,"348,57 triệu/m²",Đã có sổ,3 phòng,4 phòng,Nội thất đầy đủ,,,,,,,,,,,,,,,
2025-10-04T00:00:57.069911,Cập nhật 15 giờ trước,"7,2 tỷ","Nhà ngõ, hẻm",33 m²,198 m²,"218,18 triệu/m²",Đã có sổ,4 phòng,3 phòng,Nội thất đầy đủ,3.3 m,10 m,6,,,,,,,,,,,,
2025-10-04T00:01:11.179526,Cập nhật 7 ngày trước,"2,4 tỷ",,420 m²,,"5,71 triệu/m²",Đã có sổ,,,,,,,,,,Đất thổ cư,m²,,,,,,,
2025-10-04T00:01:12.604359,Cập nhật 8 ngày trước,"3,66 tỷ","Nhà mặt phố, mặt tiền",30 m²,30 m²,"122,03 triệu/m²",Đã có sổ,3 phòng,2 phòng,,,,3,,,,,,Đông Bắc,,,,,,
2025-10-04T00:01:13.982656,Cập nhật 7 ngày trước,"5,4 tỷ","Nhà ngõ, hẻm",30 m²,,180 triệu/m²,Đã có sổ,3 phòng,4 phòng,Nội thất đầy đủ,,,5,,,"Hẻm xe hơi
Nhà nở hậu",,,,,,,,,
2025-10-04T00:01:22.544445,Cập nhật 7 ngày trước,30 tỷ,Nhà phố liền kề,93 m²,93 m²,"322,58 triệu/m²",Đã có sổ,6 phòng,,,7 m,13.2 m,5,,,,,,,,,,,,
2025-10-04T00:01:27.787497,Cập nhật 8 ngày trước,"14,2 tỷ","Nhà mặt phố, mặt tiền",50 m²,,284 triệu/m²,Đã có sổ,4 phòng,4 phòng,Nội thất đầy đủ,4 m,,5,,,Hẻm xe hơi,,,,,,,,,
2025-10-04T00:01:31.676058,Cập nhật 8 ngày trước,"13,5 tỷ",,79 m²,,"170,89 triệu/m²",Đã có sổ,,,,7 m,13 m,,,,Thổ cư toàn bộ,Đất thổ cư,m²,,,,,,,
2025-10-04T00:01:37.232267,Cập nhật 7 ngày trước,"12,5 tỷ",,53 m²,,"235,85 triệu/m²",Sổ hồng riêng,nhiều hơn 10 phòng,,,,,,Chưa bàn giao,"Căn hộ dịch vụ, mini",,,,,,,,,,
2025-10-04T00:01:47.214377,Cập nhật 7 ngày trước,"8,8 tỷ","Nhà ngõ, hẻm",45 m²,,"195,56 triệu/m²",Đã có sổ,4 phòng,,,,,4,,,,,,,,,,,,
2025-10-04T00:01:49.477761,Cập nhật 8 ngày trước,"1,95 tỷ",,35 m²,,"55,71 triệu/m²",Đã có sổ,,,,3.35 m,10.5 m,,,,Thổ cư toàn bộ,Đất thổ cư,m²,,,,,,,
2025-10-04T00:01:55.609189,Cập nhật 3 giờ trước,6 tỷ,"Nhà ngõ, hẻm",36 m²,200 m²,"166,67 triệu/m²",Đã có sổ,4 phòng,5 phòng,Hoàn thiện cơ bản,5 m,7 m,6,,,Hẻm xe hơi,,,Tây Nam,,,,,,
2025-10-04T00:01:55.928624,Cập nhật 7 ngày trước,"9,68 tỷ","Nhà ngõ, hẻm",42 m²,,"230,48 triệu/m²",Đã có sổ,4 phòng,3 phòng,Nội thất đầy đủ,4.25 m,10 m,4,,,,,,,,,,,,
2025-10-04T00:01:57.326276,Cập nhật 8 ngày trước,"2,96 tỷ",,43 m²,,"68,84 triệu/m²",Đã có sổ,,,,,,,,,,Đất thổ cư,m²,,,,,,,
2025-10-04T00:02:11.040648,Cập nhật 8 ngày trước,"7,25 tỷ","Nhà ngõ, hẻm",45 m²,45 m²,"161,11 triệu/m²",Đã có sổ,4 phòng,4 phòng,Nội thất đầy đủ,4 m,13 m,3,,,,,,,,,,,,
2025-10-04T00:02:12.206061,Cập nhật 8 ngày trước,"14,5 tỷ","Nhà ngõ, hẻm",46 m²,,"315,22 triệu/m²",Đã có sổ,4 phòng,,Nội thất cao cấp,,,4,,,"Hẻm xe hơi
Nhà nở hậu",,,,,,,,,
2025-10-04T00:02:18.556649,Cập nhật 7 ngày trước,"12,4 tỷ","Nhà ngõ, hẻm",40 m²,40 m²,310 triệu/m²,Đã có sổ,4 phòng,5 phòng,Nội thất đầy đủ,4.2 m,,6,,,Hẻm xe hơi,,,,,,,,,
2025-10-04T00:02:24.456394,Cập nhật 8 ngày trước,"5,69 tỷ",,89 m²,,"63,93 triệu/m²",Đã có sổ,,,,4.5 m,19 m,,,,"Mặt tiền
Hẻm xe hơi
Thổ cư toàn bộ",Đất thổ cư,,Nam,,,,,,
2025-10-04T00:02:25.587324,Cập nhật 8 ngày trước,"7,5 tỷ","Nhà ngõ, hẻm",43 m²,,"174,42 triệu/m²",Đã có sổ,3 phòng,,,,,,,,,,,,,,,,,
2025-10-04T00:02:34.300391,Cập nhật 9 ngày trước,"8,5 tỷ","Nhà ngõ, hẻm",37 m²,,"229,73 triệu/m²",Đã có sổ,3 phòng,3 phòng,,,,,,,,,,,,,,,,
2025-10-04T00:02:36.398016,Cập nhật 7 ngày trước,"7,8 tỷ","Nhà ngõ, hẻm",38 m²,,"205,26 triệu/m²",Đã có sổ,3 phòng,,,,,,,,,,,,,,,,,
2025-10-04T00:02:40.000434,Cập nhật 10 giờ trước,"8,6 tỷ","Nhà ngõ, hẻm",41 m²,41 m²,"209,76 triệu/m²",Đã có sổ,7 phòng,4 phòng,,3 m,15 m,5,,,Nhà nở hậu,,,Đông Nam,,,,,,
2025-10-04T00:02:48.293466,Cập nhật 8 ngày trước,"6,5 tỷ","Nhà mặt phố, mặt tiền",82 m²,,"79,27 triệu/m²",Đã có sổ,6 phòng,3 phòng,,3.5 m,23.42 m,3,,,,,,Bắc,,,,,,
2025-10-04T00:02:57.036799,Cập nhật 8 ngày trước,"4,2 tỷ","Nhà ngõ, hẻm",35 m²,35 m²,120 triệu/m²,Không có sổ,3 phòng,4 phòng,Nội thất đầy đủ,4 m,9 m,3,,,,,,,,,,,,
2025-10-04T00:03:00.441306,Cập nhật 8 ngày trước,"3,68 tỷ",,60 m²,,"61,33 triệu/m²",Sổ hồng riêng,2 phòng,2 phòng,Nội thất cao cấp,,,,Chưa bàn giao,"Tập thể, cư xá",,,,,,,,,,
2025-10-04T00:03:11.066662,Cập nhật 7 ngày trước,8 tỷ,"Nhà ngõ, hẻm",50 m²,50 m²,160 triệu/m²,Đã có sổ,8 phòng,,Nội thất đầy đủ,4.5 m,,6,,,Nhà nở hậu,,,Đông Nam,,,,,,
2025-10-04T00:03:19.858430,Cập nhật 7 ngày trước,9 tỷ,"Nhà ngõ, hẻm",35 m²,355 m²,"257,14 triệu/m²",Đã có sổ,3 phòng,4 phòng,Nội thất đầy đủ,,,5,,,Hẻm xe hơi,,,,,,,,,
2025-10-04T00:03:19.960523,Cập nhật 9 ngày trước,"5,7 tỷ",,48 m²,,"118,75 triệu/m²",Đã có sổ,,,,,,,,,,Đất thổ cư,,,,,,,,
2025-10-04T00:03:31.651287,Cập nhật 8 ngày trước,"6,5 tỷ","Nhà ngõ, hẻm",32 m²,,"203,12 triệu/m²",Đã có sổ,3 phòng,,,,,,,,,,,,,,,,,
2025-10-04T00:03:40.458956,Cập nhật 8 ngày trước,"6,3 tỷ","Nhà ngõ, hẻm",36 m²,,175 triệu/m²,Đã có sổ,4 phòng,4 phòng,Nội thất đầy đủ,,,5,,,Nhà nở hậu,,,,,,,,,
2025-10-04T00:03:45.041162,Cập nhật 7 ngày trước,"7,5 tỷ",,134 m²,,"55,97 triệu/m²",Sổ hồng riêng,3 phòng,2 phòng,Nội thất đầy đủ,,,,Đã bàn giao,Chung cư,,,,,,,,,,
2025-10-04T00:03:49.979988,Cập nhật 8 ngày trước,"7,3 tỷ",,72.5 m²,,"100,69 triệu/m²",Đã có sổ,,,,5 m,,,,,"Mặt tiền
Hẻm xe hơi
Thổ cư toàn bộ
Nở hậu",Đất thổ cư,,,,,,,,
2025-10-04T00:04:01.192689,Cập nhật 8 ngày trước,"3,4 tỷ",,48 m²,,"70,83 triệu/m²",Sổ hồng riêng,2 phòng,,,,,,Đã bàn giao,"Tập thể, cư xá",,,,,,,,,,
2025-10-04T00:04:02.261409,Cập nhật 6 ngày trước,"8,1 tỷ","Nhà ngõ, hẻm",33 m²,33 m²,"245,45 triệu/m²",Đã có sổ,4 phòng,4 phòng,Nội thất đầy đủ,,,6,,,,,,,,,,,,
2025-10-04T00:04:02.850358,Cập nhật 7 ngày trước,"2,85 tỷ",,43 m²,,"66,28 triệu/m²",Đã có sổ,,,,5.25 m,12.75 m,,,,Thổ cư toàn bộ,Đất thổ cư,m²,,,,,,,
2025-10-04T00:04:12.579209,Cập nhật 7 ngày trước,"1,48 tỷ",,36 m²,,"41,11 triệu/m²",Hợp đồng mua bán,1 phòng,1 phòng,Nội thất đầy đủ,,,,Đã bàn giao,Chung cư,,,,,,9,11,,,Căn góc
2025-10-04T00:04:23.554928,Cập nhật 9 ngày trước,"10,5 tỷ","Nhà ngõ, hẻm",36 m²,216 m²,"291,67 triệu/m²",Đã có sổ,4 phòng,5 phòng,,6 m,,6,,,,,,,,,,,,
2025-10-04T00:04:25.035397,Cập nhật 7 ngày trước,"7,3 tỷ","Nhà mặt phố, mặt tiền",45 m²,,"162,22 triệu/m²",Đã có sổ,4 phòng,,,,,,,,,,,,,,,,,
2025-10-04T00:04:34.907036,Cập nhật 8 ngày trước,"7,3 tỷ","Nhà ngõ, hẻm",41 m²,,"178,05 triệu/m²",Đã có sổ,4 phòng,3 phòng,Nội thất đầy đủ,,,4,,,,,,,,,,,,
2025-10-04T00:04:46.017908,Cập nhật 8 ngày trước,"7,8 tỷ","Nhà ngõ, hẻm",46 m²,230 m²,"169,57 triệu/m²",Đã có sổ,3 phòng,3 phòng,Hoàn thiện cơ bản,5 m,9.4 m,4,,,,,,,,,,,,
2025-10-04T00:04:49.225184,Cập nhật 7 ngày trước,"7,7 tỷ","Nhà ngõ, hẻm",45 m²,,"171,11 triệu/m²",Đã có sổ,4 phòng,,,,,,,,,,,,,,,,,
2025-10-04T00:04:52.819828,Cập nhật 9 ngày trước,"16,2 tỷ","Nhà mặt phố, mặt tiền",75 m²,,216 triệu/m²,Đã có sổ,4 phòng,,,5 m,,,,,,,,,,,,,,
2025-10-04T00:04:58.868141,Cập nhật 7 ngày trước,33 tỷ,"Nhà mặt phố, mặt tiền",116 m²,,"284,48 triệu/m²",Đã có sổ,nhiều hơn 10 phòng,Nhiều hơn 6 phòng,,5.5 m,,7,,,,,,,,,,,,
2025-10-04T00:05:07.959664,Cập nhật 5 ngày trước,63 tỷ,Nhà biệt thự,140 m²,420 m²,450 triệu/m²,Đã có sổ,5 phòng,3 phòng,Hoàn thiện cơ bản,623 m,,3,,,"Hẻm xe hơi
Nhà nở hậu",,,Nam,,,,,,
2025-10-04T00:05:11.488043,Cập nhật 4 ngày trước,42 tỷ,"Nhà mặt phố, mặt tiền",146 m²,146 m²,"287,67 triệu/m²",Đã có sổ,3 phòng,3 phòng,Hoàn thiện cơ bản,4.8 m,31 m,4,,,,,,Bắc,,,,,,
2025-10-04T00:05:15.263745,Cập nhật 8 ngày trước,"7,7 tỷ","Nhà ngõ, hẻm",45 m²,,"171,11 triệu/m²",Đã có sổ,3 phòng,4 phòng,Nội thất đầy đủ,,,5,,,,,,,,,,,,
2025-10-04T00:05:20.010258,Cập nhật 8 ngày trước,"6,45 tỷ","Nhà ngõ, hẻm",25 m²,,258 triệu/m²,Đã có sổ,3 phòng,4 phòng,,,,4,,,,,,,,,,,,
2025-10-04T00:05:23.436367,Cập nhật 8 ngày trước,16 tỷ,"Nhà mặt phố, mặt tiền",45 m²,50 m²,"355,56 triệu/m²",Đã có sổ,2 phòng,2 phòng,Bàn giao thô,4 m,12 m,2,,,,,,,,,,,,
2025-10-04T00:05:29.863215,Cập nhật 7 ngày trước,"11,5 tỷ","Nhà ngõ, hẻm",36 m²,36 m²,"319,44 triệu/m²",Đã có sổ,6 phòng,,Nội thất đầy đủ,,,5,,,,,,,,,,,,
2025-10-04T00:05:32.173971,Cập nhật 7 ngày trước,"3,5 tỷ",,80 m²,,"43,75 triệu/m²",Sổ hồng riêng,2 phòng,3 phòng,Nội thất đầy đủ,,,,Đã bàn giao,"Tập thể, cư xá",,,,,,,,,,
2025-10-04T00:05:37.344439,Cập nhật 17 giờ trước,"24,5 tỷ","Nhà mặt phố, mặt tiền",50 m²,,490 triệu/m²,Đã có sổ,5 phòng,Nhiều hơn 6 phòng,,,,7,,,,,,,,,,,,
2025-10-04T00:05:45.629974,Cập nhật 9 ngày trước,18 tỷ,"Nhà ngõ, hẻm",55 m²,55 m²,"327,27 triệu/m²",Đã có sổ,nhiều hơn 10 phòng,Nhiều hơn 6 phòng,Nội thất đầy đủ,7 m,7.85 m,6,,,"Nhà nở hậu
Hẻm xe hơi
Hiện trạng khác",,,,,,,,,
2025-10-04T00:05:48.945152,Cập nhật 3 ngày trước,"5,2 tỷ","Nhà ngõ, hẻm",25 m²,,208 triệu/m²,Đã có sổ,3 phòng,,Nội thất cao cấp,,,5,,,,,,,,,,,,
2025-10-04T00:05:52.760797,Cập nhật 8 ngày trước,8 tỷ,"Nhà ngõ, hẻm",35 m²,,"228,57 triệu/m²",Đã có sổ,3 phòng,4 phòng,Nội thất cao cấp,3.4 m,10 m,5,,,Hiện trạng khác,,,,,,,,,
2025-10-04T00:06:03.108451,Cập nhật 8 ngày trước,"7,2 tỷ","Nhà ngõ, hẻm",31 m²,,"232,26 triệu/m²",Đã có sổ,3 phòng,4 phòng,Nội thất đầy đủ,,,5,,,Hẻm xe hơi,,,Tây Nam,,,,,,
2025-10-04T00:06:05.126176,Cập nhật 9 ngày trước,"3,8 tỷ",Nhà phố liền kề,21 m²,,"180,95 triệu/m²",Đã có sổ,3 phòng,,,,,,,,,,,,,,,,,
2025-10-04T00:06:09.036602,Cập nhật 7 ngày trước,118 tỷ,"Nhà mặt phố, mặt tiền",216 m²,216 m²,"546,30 triệu/m²",Đã có sổ,nhiều hơn 10 phòng,Nhiều hơn 6 phòng,,12 m,20 m,10,,,,,,Đông Bắc,,,,,,
2025-10-04T00:06:10.584959,Cập nhật 7 ngày trước,"26,8 tỷ",Nhà phố liền kề,80 m²,80 m²,335 triệu/m²,Đã có sổ,5 phòng,6 phòng,Nội thất cao cấp,6 m,,6,,,"Hẻm xe hơi
Nhà nở hậu",,,,,,,,,
2025-10-04T00:06:15.954040,Cập nhật 9 ngày trước,"8,3 tỷ","Nhà ngõ, hẻm",43 m²,,"193,02 triệu/m²",Đã có sổ,4 phòng,3 phòng,,,,,,,,,,,,,,,,
2025-10-04T00:06:18.816476,Cập nhật 9 ngày trước,"6,3 tỷ","Nhà ngõ, hẻm",27 m²,,"233,33 triệu/m²",Đã có sổ,3 phòng,4 phòng,,,,,,,,,,,,,,,,
2025-10-04T00:06:33.509955,Cập nhật 2 ngày trước,"13,7 tỷ","Nhà mặt phố, mặt tiền",52 m²,300 m²,"263,46 triệu/m²",Đã có sổ,6 phòng,6 phòng,Nội thất cao cấp,4.5 m,12 m,6,,,"Hẻm xe hơi
Nhà nở hậu",,,Đông Nam,,,,,,
2025-10-04T00:06:33.673170,Cập nhật 7 giờ trước,"3,9 tỷ",,114 m²,,"34,21 triệu/m²",Sổ hồng riêng,3 phòng,2 phòng,Hoàn thiện cơ bản,,,,Đã bàn giao,"Căn hộ dịch vụ, mini",,,,,,,,,,
2025-10-04T00:06:38.741741,Cập nhật 16 giờ trước,"12,5 tỷ","Nhà mặt phố, mặt tiền",38 m²,,"328,95 triệu/m²",Đã có sổ,6 phòng,5 phòng,,,,5,,,,,,,,,,,,
2025-10-04T00:06:42.325356,Cập nhật 8 ngày trước,"3,4 tỷ",,40 m²,,85 triệu/m²,Sổ hồng riêng,1 phòng,1 phòng,Hoàn thiện cơ bản,,,,Chưa bàn giao,"Tập thể, cư xá",,,,,,,,,,
2025-10-04T00:06:51.078913,Cập nhật 5 giờ trước,"4,35 tỷ","Nhà ngõ, hẻm",15.6 m²,17 m²,"278,85 triệu/m²",Đã có sổ,3 phòng,4 phòng,Nội thất đầy đủ,4.5 m,,5,,,Nhà nở hậu,,,,,,,,,
2025-10-04T00:06:52.723693,Cập nhật 8 ngày trước,"10,755 tỷ","Nhà ngõ, hẻm",48 m²,50 m²,"224,06 triệu/m²",Đã có sổ,4 phòng,5 phòng,Hoàn thiện cơ bản,,,5,,,Nhà nở hậu,,,,,,,,,
2025-10-04T00:06:57.859628,Cập nhật 2 ngày trước,"3,75 tỷ","Nhà ngõ, hẻm",16 m²,,"234,38 triệu/m²",Đã có sổ,2 phòng,2 phòng,Nội thất đầy đủ,,,3,,,,,,,,,,,,
2025-10-04T00:07:02.585510,Cập nhật 8 ngày trước,14 tỷ,"Nhà ngõ, hẻm",60 m²,60 m²,"233,33 triệu/m²",Đã có sổ,3 phòng,4 phòng,Nội thất cao cấp,,,5,,,,,,,,,,,,
2025-10-04T00:07:04.498321,Cập nhật 7 ngày trước,"4,85 tỷ",,80 m²,,"60,62 triệu/m²",Sổ hồng riêng,2 phòng,,,,,,Đã bàn giao,"Tập thể, cư xá",,,,,,,,,,
2025-10-04T00:07:11.980062,Cập nhật 16 giờ trước,"5,5 tỷ","Nhà ngõ, hẻm",25 m²,125 m²,220 triệu/m²,Đã có sổ,3 phòng,3 phòng,Nội thất cao cấp,5 m,5 m,5,,,,,,Tây Nam,,,,,,
2025-10-04T00:07:13.247695,Cập nhật 7 ngày trước,"6,2 tỷ","Nhà ngõ, hẻm",30 m²,150 m²,"206,67 triệu/m²",Đã có sổ,3 phòng,4 phòng,Nội thất đầy đủ,5 m,,5,,,,,,,,,,,,
2025-10-04T00:07:13.828077,Cập nhật 9 ngày trước,"5,3 tỷ",,54.5 m²,,"97,25 triệu/m²",Đã có sổ,,,,4.97 m,11 m,,,,,Đất thổ cư,,,,,,,,
2025-10-04T00:07:24.370570,Cập nhật 8 ngày trước,"5,1 tỷ","Nhà ngõ, hẻm",50 m²,,102 triệu/m²,Đã có sổ,4 phòng,4 phòng,Nội thất đầy đủ,,,4,,,Nhà nở hậu,,,,,,,,,
2025-10-04T00:07:27.044936,Cập nhật 3 ngày trước,"7,25 tỷ","Nhà ngõ, hẻm",31 m²,31 m²,"233,87 triệu/m²",Đã có sổ,1 phòng,4 phòng,Nội thất đầy đủ,,,5,,,Nhà nở hậu,,,Nam,,,,,,
2025-10-04T00:07:29.416474,Cập nhật 9 ngày trước,"5,8 tỷ","Nhà ngõ, hẻm",31 m²,31 m²,"187,10 triệu/m²",Đã có sổ,2 phòng,2 phòng,Nội thất đầy đủ,4.1 m,7.3 m,3,,,Nhà nở hậu,,,,,,,,1,
2025-10-04T00:07:35.394734,Cập nhật 8 ngày trước,"8,2 tỷ","Nhà mặt phố, mặt tiền",46 m²,,"178,26 triệu/m²",Đã có sổ,4 phòng,,,,,,,,,,,,,,,,,
2025-10-04T00:07:37.393396,Cập nhật 7 ngày trước,"7,6 tỷ","Nhà mặt phố, mặt tiền",43 m²,,"176,74 triệu/m²",Đã có sổ,4 phòng,,,,,,,,,,,,,,,,,
2025-10-04T00:07:38.302279,Cập nhật 9 ngày trước,"7,7 tỷ","Nhà ngõ, hẻm",39 m²,,"197,44 triệu/m²",Đã có sổ,3 phòng,4 phòng,,,,,,,,,,,,,,,,
2025-10-04T00:07:49.171908,Cập nhật 7 ngày trước,"9,6 tỷ",,60 m²,,160 triệu/m²,Đã có sổ,,,,5.8 m,10.34 m,,,,,Đất thổ cư,m²,Đông,,,,,,
2025-10-04T00:07:51.583420,Cập nhật 8 ngày trước,"16,65 tỷ","Nhà ngõ, hẻm",47 m²,,"354,26 triệu/m²",Đã có sổ,nhiều hơn 10 phòng,,Nội thất cao cấp,,,,,,Nhà nở hậu,,,,,,,,,
2025-10-04T00:07:57.536096,Cập nhật 9 ngày trước,"5,999 tỷ","Nhà ngõ, hẻm",33 m²,,"181,79 triệu/m²",Đã có sổ,3 phòng,3 phòng,,,,,,,,,,Tây,,,,,,
2025-10-04T00:08:01.486088,Cập nhật 9 ngày trước,5 tỷ,,92.1 m²,,"54,29 triệu/m²",Đã có sổ,,,,6.1 m,,,,,Thổ cư toàn bộ,Đất thổ cư,m²,Tây Nam,,,,,,
2025-10-04T00:08:08.430844,Cập nhật 7 ngày trước,"8,2 tỷ","Nhà ngõ, hẻm",37 m²,37 m²,"221,62 triệu/m²",Đã có sổ,4 phòng,4 phòng,Nội thất cao cấp,3.5 m,,5,,,Hẻm xe hơi,,,,,,,,,
2025-10-04T00:08:13.659354,Cập nhật 8 ngày trước,"14,5 tỷ","Nhà ngõ, hẻm",45 m²,,"322,22 triệu/m²",Đã có sổ,3 phòng,4 phòng,Nội thất cao cấp,4 m,,7,,,Hẻm xe hơi,,,,,,,,,
2025-10-04T00:08:18.411332,Cập nhật 7 ngày trước,"13,8 tỷ",Nhà phố liền kề,65 m²,,"212,31 triệu/m²",Đã có sổ,4 phòng,4 phòng,Nội thất cao cấp,5 m,,6,,,"Hẻm xe hơi
Nhà nở hậu",,,,,,,,,
2025-10-04T00:08:23.696258,Cập nhật 7 ngày trước,"7,11 tỷ","Nhà ngõ, hẻm",31 m²,153 m²,"229,35 triệu/m²",Đã có sổ,3 phòng,3 phòng,,3.1 m,10 m,5,,,Nhà nở hậu,,,,,,,,,
2025-10-04T00:08:23.398298,Cập nhật 7 ngày trước,"12,79 tỷ","Nhà ngõ, hẻm",40 m²,300 m²,"319,75 triệu/m²",Đã có sổ,3 phòng,5 phòng,Nội thất cao cấp,4 m,,7,,,"Hẻm xe hơi
Nhà nở hậu",,,,,,,,,
2025-10-04T00:08:30.378893,Cập nhật 7 ngày trước,"2,625 tỷ",,63 m²,,"41,67 triệu/m²",Đã có sổ,,,,4 m,16 m,,,,,Đất thổ cư,m²,,,,,,,
2025-10-04T00:08:32.575720,Cập nhật 5 ngày trước,"36,8 tỷ","Nhà mặt phố, mặt tiền",50 m²,400 m²,736 triệu/m²,Đã có sổ,7 phòng,Nhiều hơn 6 phòng,,5 m,10 m,8,,,Nhà nở hậu,,,,,,,,,
2025-10-04T00:08:42.515601,Cập nhật 8 ngày trước,"13,8 tỷ","Nhà ngõ, hẻm",45 m²,45 m²,"306,67 triệu/m²",Đã có sổ,4 phòng,5 phòng,Hoàn thiện cơ bản,,,,,,"Hẻm xe hơi
Nhà nở hậu",,,,,,,,,
2025-10-04T00:08:43.393315,Cập nhật 9 ngày trước,10 tỷ,"Nhà ngõ, hẻm",40 m²,,250 triệu/m²,Đã có sổ,4 phòng,,Nội thất cao cấp,,,6,,,,,,,,,,,,
2025-10-04T00:08:46.108386,Cập nhật 8 ngày trước,"7,5 tỷ","Nhà ngõ, hẻm",46 m²,,"163,04 triệu/m²",Đã có sổ,4 phòng,4 phòng,,,,5,,,,,,,,,,,,
2025-10-04T00:08:47.186966,Cập nhật 7 ngày trước,"6,45 tỷ","Nhà ngõ, hẻm",30 m²,,215 triệu/m²,Đã có sổ,3 phòng,,,,,,,,,,,,,,,,,
2025-10-04T00:08:54.473992,Cập nhật 8 ngày trước,"17,6 tỷ","Nhà ngõ, hẻm",45 m²,,"391,11 triệu/m²",Đã có sổ,3 phòng,,Nội thất cao cấp,,,6,,,"Nhà nở hậu
Hẻm xe hơi",,,,,,,,,
2025-10-04T00:09:04.942539,Cập nhật 9 ngày trước,28 tỷ,Nhà phố liền kề,100 m²,700 m²,280 triệu/m²,Đã có sổ,nhiều hơn 10 phòng,Nhiều hơn 6 phòng,Nội thất cao cấp,6.5 m,15 m,7,,,Nhà nở hậu,,,Tây Nam,,,,,,
2025-10-04T00:09:07.538308,Cập nhật 14 giờ trước,"2,55 tỷ","Nhà ngõ, hẻm",18 m²,68 m²,"141,67 triệu/m²",Đã có sổ,3 phòng,3 phòng,Nội thất đầy đủ,,,4,,,,,,,,,,,,
2025-10-04T00:09:19.207013,Cập nhật 2 ngày trước,5 tỷ,"Nhà ngõ, hẻm",30 m²,30 m²,"166,67 triệu/m²",Đã có sổ,3 phòng,4 phòng,Nội thất đầy đủ,4 m,8 m,5,,,"Hẻm xe hơi
Nhà nở hậu",,,Đông Nam,,,,,,
2025-10-04T00:09:29.783906,Cập nhật 8 ngày trước,"11,9 tỷ","Nhà ngõ, hẻm",42 m²,,"283,33 triệu/m²",Đã có sổ,4 phòng,,Nội thất đầy đủ,,,,,,Hẻm xe hơi,,,,,,,,,
2025-10-04T00:09:37.029697,Cập nhật 8 ngày trước,8 tỷ,"Nhà ngõ, hẻm",31 m²,,"258,06 triệu/m²",Đã có sổ,3 phòng,,,,,,,,,,,,,,,,,
2025-10-04T00:09:38.308811,Cập nhật 7 ngày trước,"6,75 tỷ","Nhà ngõ, hẻm",55 m²,55 m²,"122,73 triệu/m²",Đã có sổ,3 phòng,,Nội thất cao cấp,4 m,,5,,,,,,,,,,,,
2025-10-04T00:09:42.169003,Cập nhật 8 ngày trước,"5,2 tỷ",,1000 m²,,"5,20 triệu/m²",Đã có sổ,,,,35 m,,,,,Mặt tiền,Đất thổ cư,,,,,,,,
2025-10-04T00:09:43.004476,Cập nhật 7 ngày trước,"1,48 tỷ",,35 m²,,"42,29 triệu/m²",Hợp đồng mua bán,1 phòng,1 phòng,Nội thất đầy đủ,,,,Đã bàn giao,"Căn hộ dịch vụ, mini",,,,,,2,7,,,
2025-10-04T00:09:50.595823,Cập nhật 8 ngày trước,"14,5 tỷ","Nhà ngõ, hẻm",45 m²,,"322,22 triệu/m²",Đã có sổ,6 phòng,,,,,5,,,Hẻm xe hơi,,,,,,,,,
2025-10-04T00:09:59.494001,Cập nhật 9 ngày trước,10 tỷ,,80 m²,,125 triệu/m²,Đã có sổ,,,,5 m,16 m,,,,"Mặt tiền
Hẻm xe hơi
Thổ cư toàn bộ",Đất nền dự án,m²,Nam,,,,,,
2025-10-04T00:10:00.686953,Cập nhật 7 ngày trước,"6,98 tỷ","Nhà ngõ, hẻm",40 m²,200 m²,"174,50 triệu/m²",Đã có sổ,3 phòng,4 phòng,Nội thất cao cấp,4 m,10 m,5,,,,,,,,,,,,
2025-10-04T00:10:02.752722,Cập nhật 8 ngày trước,"7,8 tỷ","Nhà mặt phố, mặt tiền",43 m²,,"181,40 triệu/m²",Đã có sổ,4 phòng,,,,,,,,,,,,,,,,,
2025-10-04T00:10:13.255525,Cập nhật 7 ngày trước,"4,4 tỷ",Nhà phố liền kề,35 m²,35 m²,"125,71 triệu/m²",Đã có sổ,3 phòng,4 phòng,Hoàn thiện cơ bản,,,4,,,,,,,,,,,,
2025-10-04T00:10:17.081634,Cập nhật 9 ngày trước,15 tỷ,"Nhà mặt phố, mặt tiền",41 m²,43 m²,"365,85 triệu/m²",Đã có sổ,5 phòng,4 phòng,,,,,,,"Hẻm xe hơi
Nhà nở hậu",,,,,,,,,
2025-10-04T00:10:25.650256,Cập nhật 16 giờ trước,"31,5 tỷ","Nhà ngõ, hẻm",106 m²,,"297,17 triệu/m²",Đã có sổ,8 phòng,,,5 m,,6,,,Hẻm xe hơi,,,,,,,,,
2025-10-04T00:10:25.856559,Cập nhật 8 ngày trước,"6,8 tỷ","Nhà ngõ, hẻm",42 m²,,"161,90 triệu/m²",Đã có sổ,3 phòng,,,,,,,,,,,,,,,,,
2025-10-04T00:10:37.802729,Cập nhật 7 ngày trước,"3,8 tỷ",,55 m²,,"69,09 triệu/m²",Đã có sổ,,,,,,,,,,Đất thổ cư,,,,,,,,
2025-10-04T00:10:40.593524,Cập nhật 8 ngày trước,"3,34 tỷ","Nhà ngõ, hẻm",62 m²,62 m²,"53,87 triệu/m²",Đã có sổ,2 phòng,1 phòng,Nội thất đầy đủ,5 m,12 m,1,,,"Hẻm xe hơi
Nhà nở hậu",,,,,,,,,
2025-10-04T00:10:47.463014,Cập nhật 9 ngày trước,"7,65 tỷ","Nhà ngõ, hẻm",42 m²,,"182,14 triệu/m²",Đã có sổ,3 phòng,4 phòng,Nội thất đầy đủ,,,5,,,,,,,,,,,,
2025-10-04T00:10:50.561217,Cập nhật 9 ngày trước,"8,8 tỷ",,49.5 m²,,"177,78 triệu/m²",Đã có sổ,,,,,,,,,Thổ cư toàn bộ,Đất thổ cư,,,,,,,,
2025-10-04T00:10:54.092530,Cập nhật 8 ngày trước,"7,8 tỷ","Nhà mặt phố, mặt tiền",40 m²,,195 triệu/m²,Đã có sổ,6 phòng,6 phòng,,,,6,,,Nhà nở hậu,,,,,,,,,
2025-10-04T00:11:01.642474,Cập nhật 7 ngày trước,"6,2 tỷ",,41 m²,,"151,22 triệu/m²",Đã có sổ,,,,,,,,,,Đất thổ cư,m²,,,,,,,
2025-10-04T00:11:11.496367,Cập nhật 8 ngày trước,"4,4 tỷ",,41 m²,,"107,32 triệu/m²",Đã có sổ,,,,,,,,,,Đất thổ cư,m²,,,,,,,
2025-10-04T00:11:22.107712,Cập nhật 4 ngày trước,"14,8 tỷ",,65 m²,,"227,69 triệu/m²",Sổ hồng riêng,nhiều hơn 10 phòng,Nhiều hơn 6 phòng,Nội thất đầy đủ,,,,Chưa bàn giao,"Căn hộ dịch vụ, mini",,,,,,,,,,
2025-10-04T00:11:23.044221,Cập nhật 8 ngày trước,"5,9 tỷ",,43 m²,,"137,21 triệu/m²",Đã có sổ,,,,,,,,,,Đất thổ cư,m²,,,,,,,
2025-10-04T00:11:37.576853,Cập nhật 8 ngày trước,"46,38 tỷ","Nhà ngõ, hẻm",90 m²,96 m²,"515,33 triệu/m²",Đã có sổ,4 phòng,Nhiều hơn 6 phòng,Nội thất đầy đủ,6 m,,9,,,Hẻm xe hơi,,,,,,,,,
2025-10-04T00:11:50.598151,Cập nhật 7 ngày trước,"8,95 tỷ","Nhà ngõ, hẻm",37 m²,,"241,89 triệu/m²",Đã có sổ,3 phòng,,Nội thất đầy đủ,,,6,,,,,,,,,,,,
2025-10-04T00:11:54.410161,Cập nhật 9 ngày trước,"4,5 tỷ","Nhà ngõ, hẻm",45 m²,130 m²,100 triệu/m²,Đã có sổ,4 phòng,3 phòng,,4 m,10 m,3,,,Hẻm xe hơi,,,,,,,,,
2025-10-04T00:11:57.399776,Cập nhật 6 ngày trước,"8,73 tỷ","Nhà ngõ, hẻm",34 m²,34 m²,"256,76 triệu/m²",Đã có sổ,4 phòng,,Nội thất đầy đủ,,,5,,,"Hẻm xe hơi
Nhà nở hậu",,,,,,,,,
2025-10-04T00:11:58.416885,Cập nhật 13 giờ trước,"5,5 tỷ","Nhà ngõ, hẻm",45 m²,65 m²,"122,22 triệu/m²",Giấy tờ viết tay,2 phòng,1 phòng,Nội thất đầy đủ,4.5 m,10 m,,,,"Hẻm xe hơi
Nhà nở hậu",,,Đông Nam,,,,,,
2025-10-04T00:12:13.431253,Cập nhật 3 ngày trước,"11,95 tỷ","Nhà ngõ, hẻm",55 m²,,"217,27 triệu/m²",Đã có sổ,4 phòng,,,,,4,,,Hẻm xe hơi,,,,,,,,,
2025-10-04T00:12:14.685958,Cập nhật 8 ngày trước,"6,7 tỷ","Nhà mặt phố, mặt tiền",48 m²,,"139,58 triệu/m²",Đã có sổ,4 phòng,,,,,,,,,,,,,,,,,
2025-10-04T00:12:17.570906,Cập nhật 8 ngày trước,11 tỷ,"Nhà ngõ, hẻm",76 m²,76 m²,"144,74 triệu/m²",Đã có sổ,5 phòng,4 phòng,Nội thất đầy đủ,5 m,15 m,4,,,,,,Đông Nam,,,,,,
2025-10-04T00:12:21.054181,Cập nhật 7 ngày trước,"9,3 tỷ","Nhà ngõ, hẻm",38 m²,,"244,74 triệu/m²",Đã có sổ,4 phòng,4 phòng,Hoàn thiện cơ bản,,,5,,,,,,,,,,,,
2025-10-04T00:12:28.346010,Cập nhật 9 ngày trước,95 tỷ,"Nhà mặt phố, mặt tiền",125 m²,250 m²,760 triệu/m²,Đã có sổ,8 phòng,2 phòng,,3 m,45 m,2,,,Nhà nở hậu,,,Đông Bắc,,,,,,
2025-10-04T00:12:32.045594,Cập nhật 2 ngày trước,"7,35 tỷ","Nhà ngõ, hẻm",32 m²,32 m²,"229,69 triệu/m²",Đang chờ sổ,4 phòng,,Hoàn thiện cơ bản,,,4,,,,,,Đông Bắc,,,,,,
2025-10-04T00:12:36.510974,Cập nhật 4 giờ trước,"6,8 tỷ","Nhà ngõ, hẻm",32 m²,,"212,50 triệu/m²",Đã có sổ,5 phòng,,,,,,,,,,,,,,,,,
2025-10-04T00:12:40.246523,Cập nhật 7 ngày trước,"3,75 tỷ","Nhà ngõ, hẻm",30 m²,40 m²,125 triệu/m²,Đã có sổ,4 phòng,3 phòng,,,,,,,Hẻm xe hơi,,,Đông,,,,,,
2025-10-04T00:12:42.899166,Cập nhật 8 ngày trước,"7,2 tỷ","Nhà ngõ, hẻm",45.8 m²,,"157,21 triệu/m²",Đã có sổ,2 phòng,,,,,,,,"Hẻm xe hơi
Nhà nở hậu",,,,,,,,,
2025-10-04T00:12:47.245789,Cập nhật 9 ngày trước,"7,5 tỷ","Nhà ngõ, hẻm",100 m²,100 m²,75 triệu/m²,Đã có sổ,nhiều hơn 10 phòng,Nhiều hơn 6 phòng,,8 m,12.5 m,,,,,,,,,,,,,
2025-10-04T00:12:49.493243,Cập nhật 9 ngày trước,"6,1 tỷ","Nhà ngõ, hẻm",38 m²,,"160,53 triệu/m²",Đã có sổ,3 phòng,,,,,4,,,,,,,,,,,,
2025-10-04T00:13:00.747768,Cập nhật 8 ngày trước,"15,5 tỷ","Nhà mặt phố, mặt tiền",66 m²,,"234,85 triệu/m²",Đã có sổ,10 phòng,Nhiều hơn 6 phòng,,,,6,,,,,,,,,,,,
2025-10-04T00:13:03.752682,Cập nhật 1 ngày trước,35 tỷ,"Nhà mặt phố, mặt tiền",80 m²,,"437,50 triệu/m²",Đã có sổ,6 phòng,6 phòng,Nội thất cao cấp,7.5 m,11 m,6,,,Hẻm xe hơi,,,,,,Phùng Chí Kiên,,2,
2025-10-04T00:13:09.580809,Cập nhật 8 ngày trước,5 tỷ,"Nhà ngõ, hẻm",50 m²,,100 triệu/m²,Đã có sổ,4 phòng,4 phòng,Nội thất đầy đủ,,,4,,,,,,,,,,,,
2025-10-04T00:13:08.500829,Cập nhật 7 ngày trước,"4,2 tỷ",,58 m²,,"72,41 triệu/m²",Đã có sổ,,,,6 m,9.5 m,,,,"Hẻm xe hơi
Thổ cư toàn bộ
Mặt tiền",Đất thổ cư,m²,,,,,,,
2025-10-04T00:13:11.668823,Cập nhật 7 ngày trước,"5,6 tỷ","Nhà ngõ, hẻm",32 m²,31 m²,175 triệu/m²,Đã có sổ,3 phòng,,,,,,,,,,,,,,,,,
2025-10-04T00:13:19.119494,Cập nhật 7 ngày trước,"4,1 tỷ","Nhà ngõ, hẻm",50 m²,,82 triệu/m²,Đã có sổ,4 phòng,3 phòng,Nội thất cao cấp,,,4,,,,,,,,,,,,
2025-10-04T00:13:25.337057,Cập nhật 9 ngày trước,"8,7 tỷ","Nhà ngõ, hẻm",64 m²,64 m²,"135,94 triệu/m²",Đã có sổ,5 phòng,,Nội thất đầy đủ,,,,,,,,,,,,,,,
2025-10-04T00:13:32.356916,Cập nhật 7 ngày trước,"9,3 tỷ","Nhà ngõ, hẻm",45 m²,,"206,67 triệu/m²",Đã có sổ,4 phòng,,Nội thất cao cấp,4.5 m,10 m,6,,,,,,,,,,,,
2025-10-04T00:13:35.813589,Cập nhật 8 ngày trước,"12,7 tỷ","Nhà mặt phố, mặt tiền",38 m²,,"334,21 triệu/m²",Đã có sổ,3 phòng,4 phòng,Nội thất đầy đủ,,,5,,,,,,,,,,,,
2025-10-04T00:13:39.256615,Cập nhật 7 ngày trước,"1,9 tỷ",,56 m²,,"33,93 triệu/m²",Đã có sổ,,,,4 m,14.3 m,,,,,Đất thổ cư,m²,,,,,,,
2025-10-04T00:13:47.260600,Cập nhật 7 ngày trước,"5,65 tỷ","Nhà ngõ, hẻm",52 m²,,"108,65 triệu/m²",Đã có sổ,3 phòng,4 phòng,,,,,,,Nhà nở hậu,,,,,,,,,
2025-10-04T00:13:54.938805,Cập nhật 9 ngày trước,"4,95 tỷ","Nhà ngõ, hẻm",32.7 m²,,"151,38 triệu/m²",Đã có sổ,5 phòng,,Nội thất đầy đủ,3 m,12 m,5,,,,,,,,,,,,
2025-10-04T00:13:56.234464,Cập nhật 9 ngày trước,"6,35 tỷ","Nhà ngõ, hẻm",25 m²,,254 triệu/m²,Đã có sổ,4 phòng,5 phòng,,,,6,,,,,,,,,,,,
2025-10-04T00:13:58.218914,Cập nhật 7 ngày trước,"7,5 tỷ","Nhà ngõ, hẻm",40 m²,,"187,50 triệu/m²",Đã có sổ,4 phòng,,,,,,,,,,,,,,,,,
2025-10-04T00:14:01.835171,Cập nhật 7 ngày trước,"7,3 tỷ","Nhà ngõ, hẻm",43 m²,,"169,77 triệu/m²",Đã có sổ,3 phòng,3 phòng,,4.6 m,,5,,,,,,,,,,,,
2025-10-04T00:14:10.907599,Cập nhật 7 ngày trước,"9,1 tỷ","Nhà ngõ, hẻm",55 m²,,"165,45 triệu/m²",Đã có sổ,4 phòng,,,,,,,,,,,,,,,,,
2025-10-04T00:14:19.211981,Cập nhật 9 ngày trước,5 tỷ,"Nhà ngõ, hẻm",32 m²,33 m²,"156,25 triệu/m²",Đã có sổ,4 phòng,5 phòng,Nội thất đầy đủ,,,5,,,Hẻm xe hơi,,,,,,,,,
2025-10-04T00:14:20.399451,Cập nhật 11 giờ trước,"4,1 tỷ","Nhà mặt phố, mặt tiền",37 m²,62 m²,"110,81 triệu/m²",Giấy tờ viết tay,1 phòng,1 phòng,Nội thất đầy đủ,3.32 m,12 m,1,,,,,,Đông Bắc,,,,,,
2025-10-04T00:14:20.572690,Cập nhật 5 ngày trước,14 tỷ,"Nhà mặt phố, mặt tiền",50 m²,,280 triệu/m²,Đã có sổ,6 phòng,4 phòng,,,,5,,,,,,,,,,,,
2025-10-04T00:14:26.050539,Cập nhật 4 giờ trước,"13,999 tỷ","Nhà mặt phố, mặt tiền",50 m²,250 m²,"279,98 triệu/m²",Đã có sổ,4 phòng,4 phòng,,5 m,10 m,5,,,Hẻm xe hơi,,,,,,,,,
2025-10-04T00:14:41.291426,Cập nhật 6 ngày trước,"5,5 tỷ","Nhà ngõ, hẻm",23 m²,,"239,13 triệu/m²",Đã có sổ,3 phòng,3 phòng,,,,5,,,,,,,,,,,,
2025-10-04T00:14:44.428608,Cập nhật 7 ngày trước,"4,7 tỷ",,110 m²,,"42,73 triệu/m²",Sổ hồng riêng,3 phòng,2 phòng,Nội thất đầy đủ,,,,Đã bàn giao,"Tập thể, cư xá",,,,,,3,,,,Căn góc
2025-10-04T00:14:45.140595,Cập nhật 8 ngày trước,"5,05 tỷ",,50.2 m²,,"100,60 triệu/m²",Đã có sổ,,,,4.5 m,11 m,,,,"Mặt tiền
Hẻm xe hơi",Đất thổ cư,,Đông Nam,,,,,,
2025-10-04T00:14:51.157444,Cập nhật 7 ngày trước,"6,98 tỷ","Nhà ngõ, hẻm",35 m²,150 m²,"199,43 triệu/m²",Đã có sổ,5 phòng,4 phòng,Nội thất đầy đủ,5 m,,5,,,,,,,,,,,,
2025-10-04T00:15:03.387241,Cập nhật 9 ngày trước,"3,6 tỷ",,60 m²,,60 triệu/m²,Sổ hồng riêng,2 phòng,2 phòng,,,,,Chưa bàn giao,Chung cư,,,,,,,,,,
2025-10-04T00:15:07.918426,Cập nhật 16 giờ trước,139 tỷ,,180 m²,,"772,22 triệu/m²",Đã có sổ,,,,,,,,,"Mặt tiền
Hẻm xe hơi
Nở hậu
Thổ cư toàn bộ",Đất thổ cư,,,,,,,,
2025-10-04T00:15:07.185051,Cập nhật 7 ngày trước,30 tỷ,,131 m²,,"229,01 triệu/m²",Đã có sổ,,,,9.2 m,13 m,,,,"Mặt tiền
Nở hậu
Thổ cư toàn bộ",Đất thổ cư,m²,,,,,,,
2025-10-04T00:15:08.943399,Cập nhật 7 ngày trước,"13,4 tỷ","Nhà ngõ, hẻm",45 m²,,"297,78 triệu/m²",Đã có sổ,7 phòng,,,,,,,,,,,,,,,,,
2025-10-04T00:15:13.515717,Cập nhật 9 ngày trước,"8,15 tỷ","Nhà ngõ, hẻm",45 m²,,"181,11 triệu/m²",Đã có sổ,4 phòng,,,,,,,,,,,,,,,,,
2025-10-04T00:15:27.571995,Cập nhật 9 ngày trước,7 tỷ,"Nhà mặt phố, mặt tiền",30 m²,,"233,33 triệu/m²",Đã có sổ,3 phòng,4 phòng,Nội thất đầy đủ,,,5,,,,,,,,,,,,
2025-10-04T00:15:30.468068,Cập nhật 9 ngày trước,"8,5 tỷ","Nhà ngõ, hẻm",48 m²,48 m²,"177,08 triệu/m²",Đã có sổ,4 phòng,,Hoàn thiện cơ bản,5.3 m,,4,,,,,,,,,,,,
2025-10-04T00:15:32.338575,Cập nhật 7 ngày trước,"8,3 tỷ","Nhà ngõ, hẻm",23.5 m²,30 m²,"353,19 triệu/m²",Đã có sổ,3 phòng,4 phòng,Nội thất đầy đủ,3.12 m,,6,,,Nhà nở hậu,,,,,,,,,
2025-10-04T00:15:36.950625,Cập nhật 8 ngày trước,"7,96 tỷ","Nhà ngõ, hẻm",35 m²,,"227,43 triệu/m²",Đã có sổ,5 phòng,3 phòng,Nội thất đầy đủ,,,4,,,,,,,,,,,,
2025-10-04T00:15:47.176896,Cập nhật 8 ngày trước,"5,3 tỷ",,63 m²,,"84,13 triệu/m²",Đã có sổ,,,,,,,,,,Đất thổ cư,m²,,,,,,,
2025-10-04T00:15:48.386121,Cập nhật 7 ngày trước,"12,9 tỷ","Nhà ngõ, hẻm",54 m²,250 m²,"238,89 triệu/m²",Đã có sổ,3 phòng,4 phòng,,4.2 m,,5,,,Hẻm xe hơi,,,,,,,,,
2025-10-04T00:15:51.088836,Cập nhật 8 ngày trước,"4,8 tỷ",,130 m²,,"36,92 triệu/m²",Sổ hồng riêng,3 phòng,2 phòng,Nội thất cao cấp,,,,Đã bàn giao,"Tập thể, cư xá",,,,,,3,,,,Căn góc
2025-10-04T00:15:54.775002,Cập nhật 7 ngày trước,10 tỷ,"Nhà ngõ, hẻm",38 m²,,"263,16 triệu/m²",Đã có sổ,3 phòng,,Nội thất cao cấp,,,6,,,,,,,,,,,,
2025-10-04T00:16:01.143019,Cập nhật 7 ngày trước,"11,8 tỷ","Nhà ngõ, hẻm",38 m²,,"310,53 triệu/m²",Đã có sổ,4 phòng,,,,,,,,,,,,,,,,,
2025-10-04T00:16:05.673217,Cập nhật 7 ngày trước,"5,3 tỷ","Nhà ngõ, hẻm",30 m²,,"176,67 triệu/m²",Đã có sổ,4 phòng,4 phòng,,,,4,,,,,,,,,,,,
2025-10-04T00:16:11.295542,Cập nhật 7 ngày trước,12 tỷ,,100 m²,,120 triệu/m²,Đã có sổ,,,,,,,,,"Mặt tiền
Hẻm xe hơi
Thổ cư toàn bộ",Đất thổ cư,m²,,,,,,,
2025-10-04T00:16:18.849465,Cập nhật 8 ngày trước,42 tỷ,"Nhà mặt phố, mặt tiền",108 m²,540 m²,"388,89 triệu/m²",Đã có sổ,6 phòng,6 phòng,Nội thất đầy đủ,6.8 m,,6,,,Hẻm xe hơi,,,,,,,,,
2025-10-04T00:16:21.978991,Cập nhật 9 ngày trước,"9,3 tỷ",,60 m²,,155 triệu/m²,Đã có sổ,,,,5 m,,,,,,Đất thổ cư,,,,,,,,
2025-10-04T00:16:25.024592,Cập nhật 2 ngày trước,"5,35 tỷ","Nhà ngõ, hẻm",30 m²,90 m²,"178,33 triệu/m²",Đã có sổ,3 phòng,3 phòng,Nội thất đầy đủ,3.5 m,8.5 m,3,,,Hiện trạng khác,,,,,,,,,
2025-10-04T00:16:31.957559,Cập nhật 8 ngày trước,"6,4 tỷ","Nhà ngõ, hẻm",40 m²,60 m²,160 triệu/m²,Đã có sổ,3 phòng,3 phòng,Hoàn thiện cơ bản,5 m,,2,,,"Hẻm xe hơi
Nhà nở hậu",,,,,,,,,
2025-10-04T00:16:33.700535,Cập nhật 8 ngày trước,"5,1 tỷ","Nhà ngõ, hẻm",28 m²,,"182,14 triệu/m²",Đã có sổ,3 phòng,4 phòng,Nội thất đầy đủ,,,5,,,Nhà nở hậu,,,,,,,,,
2025-10-04T00:16:37.120872,Cập nhật 5 ngày trước,8 tỷ,"Nhà ngõ, hẻm",33 m²,,"242,42 triệu/m²",Đã có sổ,3 phòng,,,4 m,,4,,,,,,,,,,,,
2025-10-04T00:16:37.618103,Cập nhật 3 ngày trước,"10,95 tỷ","Nhà ngõ, hẻm",45 m²,45 m²,"243,33 triệu/m²",Đã có sổ,4 phòng,5 phòng,Nội thất cao cấp,,,4,,,"Nhà nở hậu
Hẻm xe hơi",,,,,,,,,
2025-10-04T00:16:47.747660,Cập nhật 4 giờ trước,"7,19 tỷ",Nhà biệt thự,24 m²,144 m²,"299,58 triệu/m²",Đã có sổ,4 phòng,4 phòng,,3 m,8 m,6,,,"Hẻm xe hơi
Nhà nở hậu",,,,,,,,,
2025-10-04T00:16:55.283944,Cập nhật 8 ngày trước,"3,15 tỷ",,45 m²,,70 triệu/m²,Sổ hồng riêng,1 phòng,,,,,,Đã bàn giao,Chung cư,,,,,,,,,,
2025-10-04T00:16:57.620925,Cập nhật 9 ngày trước,"9,1 tỷ",,75.57 m²,,"120,42 triệu/m²",Đã có sổ,,,,5 m,15.27 m,,,,Mặt tiền,Đất thổ cư,m²,,,,Đấu Giá X9 nguyên khê,,,
2025-10-04T00:16:59.041935,Cập nhật 9 ngày trước,"7,9 tỷ","Nhà ngõ, hẻm",43 m²,,"183,72 triệu/m²",Đã có sổ,4 phòng,,,,,,,,,,,,,,,,,
2025-10-04T00:16:59.869462,Cập nhật 8 ngày trước,"13,93 tỷ","Nhà ngõ, hẻm",51 m²,,"273,14 triệu/m²",Đã có sổ,5 phòng,5 phòng,,3.8 m,,4,,,"Nhà nở hậu
Hẻm xe hơi",,,Tây Nam,,,,,,
2025-10-04T00:17:12.265091,Cập nhật 7 ngày trước,"8,123 tỷ","Nhà ngõ, hẻm",42 m²,42 m²,"193,40 triệu/m²",Đã có sổ,5 phòng,4 phòng,Nội thất đầy đủ,,,5,,,,,,,,,,,,
2025-10-04T00:17:18.196600,Cập nhật 8 ngày trước,"9,8 tỷ",,24 m²,,"408,33 triệu/m²",Đã có sổ,,,,,,,,,,,,,Mặt bằng kinh doanh,,,,,
2025-10-04T00:17:20.976111,Cập nhật 7 ngày trước,"4,3 tỷ",Nhà phố liền kề,32 m²,32 m²,"134,38 triệu/m²",Đã có sổ,4 phòng,,Nội thất cao cấp,4 m,8 m,5,,,"Hẻm xe hơi
Nhà nở hậu",,,,,,,,,
2025-10-04T00:17:25.995216,Cập nhật 9 ngày trước,"5,8 tỷ","Nhà mặt phố, mặt tiền",30.5 m²,30.5 m²,"190,16 triệu/m²",Đã có sổ,3 phòng,3 phòng,Nội thất cao cấp,3.6 m,10 m,5,,,Nhà nở hậu,,,,,,,,,
2025-10-04T00:17:36.336447,Cập nhật 8 ngày trước,"23,3 tỷ","Nhà ngõ, hẻm",76.8 m²,614 m²,"303,39 triệu/m²",Đã có sổ,9 phòng,,Nội thất cao cấp,6.4 m,12 m,8,,,Nhà nở hậu,,,,,,,,,
2025-10-04T00:17:41.040785,Cập nhật 8 ngày trước,5 tỷ,"Nhà ngõ, hẻm",30 m²,120 m²,"166,67 triệu/m²",Đã có sổ,3 phòng,4 phòng,Nội thất cao cấp,4 m,,4,,,"Hẻm xe hơi
Nhà nở hậu",,,,,,,,,
2025-10-04T00:17:45.642480,Cập nhật 7 ngày trước,"1,3 tỷ",,60 m²,,"21,67 triệu/m²",Đã có sổ,,,,,,,,,,Đất thổ cư,,,,,,,,
2025-10-04T00:17:50.139160,Cập nhật 7 ngày trước,"13,5 tỷ","Nhà ngõ, hẻm",60 m²,,225 triệu/m²,Đã có sổ,6 phòng,,Nội thất đầy đủ,,,,,,,,,,,,,,,
2025-10-04T00:17:57.538238,Cập nhật 7 ngày trước,"2,45 tỷ","Nhà ngõ, hẻm",40 m²,,"61,25 triệu/m²",Đã có sổ,2 phòng,,,,,,,,,,,,,,,,,
2025-10-04T00:17:58.029293,Cập nhật 8 ngày trước,10 tỷ,"Nhà ngõ, hẻm",38 m²,,"263,16 triệu/m²",Đã có sổ,3 phòng,,Nội thất đầy đủ,,,,,,"Hẻm xe hơi
Nhà nở hậu",,,,,,,,,
2025-10-04T00:17:59.697598,Cập nhật 7 ngày trước,65 tỷ,"Nhà mặt phố, mặt tiền",29 m²,,"2,24 tỷ/m²",Đã có sổ,6 phòng,6 phòng,Nội thất cao cấp,4 m,,4,,,,,,,,,,,,
2025-10-04T00:18:07.851642,Cập nhật 8 ngày trước,"13,9 tỷ","Nhà ngõ, hẻm",69 m²,,"201,45 triệu/m²",Đã có sổ,3 phòng,,,,,,,,,,,,,,,,,
2025-10-04T00:18:14.076121,Cập nhật 9 ngày trước,"15,2 tỷ",,105.6 m²,,"143,94 triệu/m²",Đã có sổ,,,,,,,,,,,,,Shophouse,,,,,
2025-10-04T00:18:20.325115,Cập nhật 8 ngày trước,"5,15 tỷ",,72 m²,,"71,53 triệu/m²",Sổ hồng riêng,3 phòng,2 phòng,,,,,Chưa bàn giao,Chung cư,,,,,,,,,,
2025-10-04T00:18:23.765842,Cập nhật 1 ngày trước,"4,23 tỷ",,47 m²,,90 triệu/m²,Đã có sổ,,,,,,,,,"Hẻm xe hơi
Mặt tiền
Nở hậu",Đất thổ cư,,,,,,,,
2025-10-04T00:18:29.603789,Cập nhật 2 ngày trước,"6,45 tỷ","Nhà ngõ, hẻm",28.3 m²,32 m²,"227,92 triệu/m²",Đã có sổ,3 phòng,4 phòng,Nội thất cao cấp,,,4,,,Hẻm xe hơi,,,Tây Bắc,,,,,,
2025-10-04T00:18:38.022846,Cập nhật 2 ngày trước,"5,65 tỷ","Nhà ngõ, hẻm",32 m²,45 m²,"176,56 triệu/m²",Đã có sổ,3 phòng,,,4 m,,5,,,Hẻm xe hơi,,,,,,,,,
2025-10-04T00:18:44.567720,Cập nhật 6 ngày trước,"12,8 tỷ","Nhà mặt phố, mặt tiền",42 m²,,"304,76 triệu/m²",Đã có sổ,4 phòng,5 phòng,Nội thất cao cấp,5.8 m,,7,,,"Hẻm xe hơi
Nhà nở hậu",,,,,,,,,
2025-10-04T00:18:51.932647,Cập nhật 2 ngày trước,"13,456 tỷ","Nhà ngõ, hẻm",55 m²,250 m²,"244,67 triệu/m²",Đã có sổ,6 phòng,5 phòng,Nội thất cao cấp,4.5 m,14 m,5,,,"Hẻm xe hơi
Nhà nở hậu",,,Đông Nam,,,,,,
2025-10-04T00:19:00.234337,Cập nhật 9 ngày trước,"1,59 tỷ","Nhà ngõ, hẻm",11 m²,,"144,55 triệu/m²",Không có sổ,2 phòng,2 phòng,Nội thất đầy đủ,,,4,,,,,,,,,,,,
2025-10-04T00:19:03.638626,Cập nhật 6 ngày trước,9 tỷ,"Nhà ngõ, hẻm",35 m²,42 m²,"257,14 triệu/m²",Đã có sổ,10 phòng,5 phòng,,,,5,,,,,,,,,,,,
2025-10-04T00:19:06.258776,Cập nhật 7 ngày trước,"11,7 tỷ","Nhà ngõ, hẻm",50 m²,50 m²,234 triệu/m²,Đã có sổ,6 phòng,4 phòng,,3.7 m,15 m,,,,"Hẻm xe hơi
Nhà nở hậu",,,,,,,,,
2025-10-04T00:19:17.350595,Cập nhật 7 ngày trước,890 triệu,,50 m²,,"17,80 triệu/m²",Sổ hồng riêng,2 phòng,1 phòng,Nội thất cao cấp,,,,Đã bàn giao,"Căn hộ dịch vụ, mini",,,,,,,,,,
2025-10-04T00:19:21.847078,Cập nhật 9 ngày trước,"6,75 tỷ","Nhà ngõ, hẻm",54 m²,,125 triệu/m²,Đã có sổ,1 phòng,,,,,1,,,,,,,,,,,,
2025-10-04T00:19:24.268413,Cập nhật 7 ngày trước,"43,5 tỷ",Nhà phố liền kề,118 m²,118 m²,"368,64 triệu/m²",Đã có sổ,nhiều hơn 10 phòng,,Nội thất cao cấp,5.6 m,20 m,7,,,Hẻm xe hơi,,,Đông Nam,,,,,,
2025-10-04T00:19:25.426922,Cập nhật 8 ngày trước,"4,55 tỷ",,65 m²,,70 triệu/m²,Sổ hồng riêng,2 phòng,2 phòng,Nội thất đầy đủ,,,,Chưa bàn giao,"Tập thể, cư xá",,,,,,,,,,
2025-10-04T00:19:30.217493,Cập nhật 7 ngày trước,"9,85 tỷ","Nhà ngõ, hẻm",43 m²,45 m²,"229,07 triệu/m²",Đã có sổ,4 phòng,,Nội thất cao cấp,5 m,,6,,,"Nhà nở hậu
Hẻm xe hơi",,,,,,,,,
2025-10-04T00:19:42.823521,Cập nhật 7 ngày trước,"3,72 tỷ","Nhà ngõ, hẻm",32 m²,,"116,25 triệu/m²",Đã có sổ,3 phòng,,Nội thất đầy đủ,,,5,,,,,,,,,,,,
2025-10-04T00:19:46.528334,Cập nhật 8 ngày trước,10 tỷ,"Nhà ngõ, hẻm",45 m²,,"222,22 triệu/m²",Đã có sổ,3 phòng,,Nội thất đầy đủ,,,,,,"Hẻm xe hơi
Nhà nở hậu",,,,,,,,,
2025-10-04T00:19:47.566592,Cập nhật 9 ngày trước,"7,5 tỷ","Nhà ngõ, hẻm",20 m²,20 m²,375 triệu/m²,Đã có sổ,4 phòng,,,,,,,,,,,,,,,,,
2025-10-04T00:19:49.405936,Cập nhật 9 ngày trước,"1,5 tỷ",,45 m²,,"33,33 triệu/m²",Hợp đồng mua bán,2 phòng,1 phòng,Nội thất đầy đủ,,,,Đã bàn giao,Chung cư,,,,,,,,,,
2025-10-04T00:20:01.687953,Cập nhật 1 ngày trước,7 tỷ,"Nhà ngõ, hẻm",51 m²,250 m²,"137,25 triệu/m²",Đã có sổ,5 phòng,5 phòng,Nội thất cao cấp,,,6,,,"Hẻm xe hơi
Nhà nở hậu",,,,,,,,,
2025-10-04T00:20:10.253847,Cập nhật 6 ngày trước,"36,5 tỷ","Nhà ngõ, hẻm",84 m²,700 m²,"434,52 triệu/m²",Đã có sổ,nhiều hơn 10 phòng,Nhiều hơn 6 phòng,Nội thất cao cấp,45 m,18 m,9,,,"Hẻm xe hơi
Nhà nở hậu",,,,,,,,,
2025-10-04T00:20:11.976233,Cập nhật 7 ngày trước,"1,4 tỷ",,63.7 m²,,"21,98 triệu/m²",Đã có sổ,,,,,,,,,,Đất thổ cư,m²,,,,,,,
2025-10-04T00:20:11.403410,Cập nhật 7 ngày trước,"17,9 tỷ",Nhà phố liền kề,48 m²,,"372,92 triệu/m²",Đã có sổ,4 phòng,3 phòng,Nội thất cao cấp,5 m,,5,,,"Hẻm xe hơi
Nhà nở hậu",,,,,,,,,
2025-10-04T00:20:24.308745,Cập nhật 7 ngày trước,"9,99 tỷ","Nhà ngõ, hẻm",45.8 m²,45.8 m²,"218,12 triệu/m²",Đã có sổ,3 phòng,2 phòng,Nội thất đầy đủ,4 m,12 m,4,,,,,,Đông Nam,,,,,,
2025-10-04T00:20:24.951501,Cập nhật 7 ngày trước,"13,25 tỷ","Nhà ngõ, hẻm",40 m²,,"331,25 triệu/m²",Đã có sổ,3 phòng,,,,,,,,Hẻm xe hơi,,,,,,,,,
2025-10-04T00:20:27.218347,Cập nhật 8 ngày trước,"3,82 tỷ",,55 m²,,"69,45 triệu/m²",Sổ hồng riêng,2 phòng,1 phòng,Nội thất cao cấp,,,,Đã bàn giao,Chung cư,,,,,,20,S2.05,Đông Nam,,
2025-10-04T00:20:34.917685,Cập nhật 9 ngày trước,"2,8 tỷ","Nhà ngõ, hẻm",55 m²,55 m²,"50,91 triệu/m²",Không có sổ,3 phòng,,Nội thất đầy đủ,5 m,,3,,,,,,,,,,,,
2025-10-04T00:20:35.945996,Cập nhật 9 ngày trước,"6,75 tỷ",,62 m²,,"108,87 triệu/m²",Đã có sổ,,,,,,,,,Nở hậu,Đất thổ cư,,,,,,,,
2025-10-04T00:20:47.183844,Cập nhật 7 ngày trước,"7,3 tỷ",,32 m²,,"228,12 triệu/m²",Đã có sổ,,,,4 m,8 m,,,,"Mặt tiền
Hẻm xe hơi
Nở hậu",Đất thổ cư,m²,,,,,,,
2025-10-04T00:20:48.315623,Cập nhật 8 ngày trước,"8,7 tỷ","Nhà ngõ, hẻm",45 m²,,"193,33 triệu/m²",Đã có sổ,5 phòng,5 phòng,Nội thất đầy đủ,3.3 m,,5,,,Hẻm xe hơi,,,,,,,,,
2025-10-04T00:20:58.272783,Cập nhật 8 ngày trước,"5,2 tỷ","Nhà ngõ, hẻm",30 m²,30 m²,"173,33 triệu/m²",Đã có sổ,3 phòng,4 phòng,Nội thất cao cấp,,,5,,,Nhà nở hậu,,,,,,,,,
2025-10-04T00:21:12.764832,Cập nhật 16 giờ trước,"6,6 tỷ","Nhà ngõ, hẻm",100 m²,300 m²,66 triệu/m²,Đã có sổ,4 phòng,3 phòng,,,,,,,Hẻm xe hơi,,,,,,,,,
2025-10-04T00:21:20.412800,Cập nhật 8 ngày trước,21 tỷ,"Nhà ngõ, hẻm",70 m²,400 m²,300 triệu/m²,Đã có sổ,6 phòng,Nhiều hơn 6 phòng,Nội thất đầy đủ,5 m,,6,,,"Hẻm xe hơi
Nhà nở hậu",,,Nam,,,,,,
2025-10-04T00:21:21.932665,Cập nhật 8 ngày trước,"10,3 tỷ","Nhà ngõ, hẻm",33 m²,,"312,12 triệu/m²",Đã có sổ,3 phòng,,Nội thất cao cấp,,,6,,,Nhà nở hậu,,,,,,,,,
2025-10-04T00:21:23.553754,Cập nhật 7 ngày trước,"4,9 tỷ",,430 m²,,"11,40 triệu/m²",Đã có sổ,,,,,,,,,,Đất thổ cư,m²,Đông Nam,,,,,,
2025-10-04T00:21:32.683395,Cập nhật 6 ngày trước,"17,5 tỷ",Nhà biệt thự,98 m²,400 m²,"178,57 triệu/m²",Đã có sổ,4 phòng,3 phòng,Bàn giao thô,6.5 m,15 m,4,,,Hẻm xe hơi,,,Tây Bắc,,,,,,
2025-10-04T00:21:35.269992,Cập nhật 7 ngày trước,"4,7 tỷ","Nhà ngõ, hẻm",39 m²,39 m²,"120,51 triệu/m²",Đã có sổ,4 phòng,4 phòng,Nội thất đầy đủ,3.5 m,12 m,4,,,Hiện trạng khác,,,,,,,,,
2025-10-04T00:21:44.547610,Cập nhật 7 ngày trước,"7,65 tỷ","Nhà ngõ, hẻm",28 m²,,"273,21 triệu/m²",Đã có sổ,4 phòng,4 phòng,Hoàn thiện cơ bản,,,5,,,,,,,,,,,,
2025-10-04T00:21:46.160489,Cập nhật 7 ngày trước,260 tỷ,"Nhà mặt phố, mặt tiền",280 m²,,"928,57 triệu/m²",Đã có sổ,nhiều hơn 10 phòng,Nhiều hơn 6 phòng,Nội thất cao cấp,8.5 m,,7,,,,,,,,,,,,
2025-10-04T00:21:49.568594,Cập nhật 8 ngày trước,"1,92 tỷ",,52 m²,,"36,92 triệu/m²",Hợp đồng mua bán,2 phòng,1 phòng,Nội thất đầy đủ,,,,Đã bàn giao,Chung cư,,,,,,3,11,,,Căn góc
2025-10-04T00:21:52.247586,Cập nhật 8 ngày trước,"18,6 tỷ","Nhà ngõ, hẻm",56 m²,,"332,14 triệu/m²",Đã có sổ,4 phòng,,,,,,,,"Hẻm xe hơi
Nhà nở hậu",,,,,,,,,
2025-10-04T00:22:04.655505,Cập nhật 9 ngày trước,"62,45 tỷ",Nhà biệt thự,207 m²,207 m²,"301,69 triệu/m²",Đã có sổ,5 phòng,5 phòng,Nội thất đầy đủ,9 m,,5,,,,,,,,,,,,
2025-10-04T00:22:06.260967,Cập nhật 9 ngày trước,12 tỷ,"Nhà ngõ, hẻm",45 m²,45 m²,"266,67 triệu/m²",Đã có sổ,4 phòng,3 phòng,Nội thất đầy đủ,,,5,,,,,,,,,,,,
2025-10-04T00:22:08.070189,Cập nhật 9 ngày trước,"6,38 tỷ",,100 m²,,"63,80 triệu/m²",Sổ hồng riêng,2 phòng,2 phòng,,,,,Chưa bàn giao,Chung cư,,,,,,,,,,
2025-10-04T00:22:16.315375,Cập nhật 9 ngày trước,"13,5 tỷ","Nhà ngõ, hẻm",48 m²,48 m²,"281,25 triệu/m²",Đã có sổ,4 phòng,5 phòng,Nội thất cao cấp,,,5,,,Hẻm xe hơi,,,,,,,,,
2025-10-04T00:22:24.788368,Cập nhật 7 ngày trước,4 tỷ,"Nhà ngõ, hẻm",35 m²,,"114,29 triệu/m²",Đang chờ sổ,3 phòng,,,3.5 m,,3,,,,,,,,,,,,
2025-10-04T00:22:25.549978,Cập nhật 2 ngày trước,5 tỷ,"Nhà ngõ, hẻm",32 m²,,"156,25 triệu/m²",Đã có sổ,3 phòng,,,,,5,,,,,,,,,,,,
2025-10-04T00:22:29.483424,Cập nhật 9 ngày trước,"9,9 tỷ",,73 m²,,"135,62 triệu/m²",Đã có sổ,,,,3.2 m,,,,,,Đất thổ cư,,,,,,,,
2025-10-04T00:22:31.393320,Cập nhật 3 ngày trước,"5,2 tỷ","Nhà ngõ, hẻm",35 m²,35 m²,"148,57 triệu/m²",Đã có sổ,3 phòng,4 phòng,Nội thất đầy đủ,4 m,,5,,,Nhà nở hậu,,,,,,,,,
2025-10-04T00:22:39.762673,Cập nhật 7 ngày trước,800 triệu,,50 m²,,16 triệu/m²,Sổ hồng riêng,2 phòng,1 phòng,Nội thất cao cấp,,,,Đã bàn giao,"Căn hộ dịch vụ, mini",,,,,,,,,,
2025-10-04T00:22:48.535294,Cập nhật 6 ngày trước,"19,5 tỷ","Nhà mặt phố, mặt tiền",45 m²,,"433,33 triệu/m²",Đã có sổ,6 phòng,5 phòng,,,,,,,,,,,,,,,,
2025-10-04T00:22:53.219658,Cập nhật 8 ngày trước,"7,93 tỷ","Nhà ngõ, hẻm",34 m²,,"233,24 triệu/m²",Đã có sổ,4 phòng,4 phòng,Nội thất đầy đủ,3.9 m,,,,,Nhà nở hậu,,,,,,,,,
2025-10-04T00:22:57.408187,Cập nhật 9 ngày trước,"3,65 tỷ","Nhà ngõ, hẻm",32.5 m²,32.5 m²,"112,31 triệu/m²",Đã có sổ,3 phòng,3 phòng,,,,,,,,,,Bắc,,,,,,
2025-10-04T00:23:04.276570,Cập nhật 9 ngày trước,"5,8 tỷ",,119 m²,,"48,74 triệu/m²",Đã có sổ,,,,6.5 m,18.5 m,,,,"Mặt tiền
Thổ cư toàn bộ
Hẻm xe hơi
Nở hậu",Đất thổ cư,m²,Tây Nam,,,,,,
2025-10-04T00:23:05.724729,Cập nhật 7 ngày trước,"12,8 tỷ",,61 m²,,"209,84 triệu/m²",Đã có sổ,,,,,,,,,"Hẻm xe hơi
Mặt tiền",Đất thổ cư,,Tây Nam,,,,,,
2025-10-04T00:23:13.622540,Cập nhật 7 ngày trước,18 tỷ,"Nhà mặt phố, mặt tiền",72 m²,,250 triệu/m²,Đã có sổ,nhiều hơn 10 phòng,Nhiều hơn 6 phòng,,,,8,,,,,,,,,,,,
2025-10-04T00:23:21.441285,Cập nhật 9 ngày trước,"3,55 tỷ",,60 m²,,"59,17 triệu/m²",Sổ hồng riêng,3 phòng,,,,,,Chưa bàn giao,Chung cư,,,,,,,,,,
2025-10-04T00:23:28.429515,Cập nhật 9 ngày trước,"6,3 tỷ",,150 m²,,42 triệu/m²,Sổ hồng riêng,4 phòng,2 phòng,Nội thất cao cấp,,,,Đã bàn giao,"Tập thể, cư xá",,,,,,2,,,,Căn góc
2025-10-04T00:23:32.551836,Cập nhật 7 ngày trước,"3,64 tỷ","Nhà ngõ, hẻm",43 m²,,"84,65 triệu/m²",Đã có sổ,3 phòng,3 phòng,Nội thất cao cấp,,,3,,,,,,,,,,,,
2025-10-04T00:23:34.512766,Cập nhật 7 ngày trước,"5,6 tỷ",,80 m²,,70 triệu/m²,Sổ hồng riêng,3 phòng,1 phòng,Nội thất đầy đủ,,,,Đã bàn giao,"Tập thể, cư xá",,,,Đông Nam,,5,Nhà H,Đông Nam,,
2025-10-04T00:23:36.107542,Cập nhật 7 ngày trước,16 tỷ,Nhà phố liền kề,55 m²,,"290,91 triệu/m²",Đã có sổ,4 phòng,,,,,,,,Hẻm xe hơi,,,,,,,,,
2025-10-04T00:23:47.036461,Cập nhật 9 ngày trước,"1,26 tỷ",,50 m²,,"25,20 triệu/m²",Hợp đồng mua bán,2 phòng,1 phòng,Nội thất cao cấp,,,,Đã bàn giao,Chung cư,,,,,,5,5,,,
2025-10-04T00:23:51.296150,Cập nhật 2 giờ trước,"6,25 tỷ",,50 m²,,125 triệu/m²,Đã có sổ,,,,4 m,,,,,Nở hậu,Đất thổ cư,m²,,,,,,,
2025-10-04T00:23:54.301957,Cập nhật 7 ngày trước,"25,8 tỷ","Nhà mặt phố, mặt tiền",72 m²,72 m²,"358,33 triệu/m²",Đã có sổ,4 phòng,4 phòng,Nội thất cao cấp,,,5,,,,,,,,,,,,
2025-10-04T00:24:07.779219,Cập nhật 8 ngày trước,"2,1 tỷ",,60 m²,,35 triệu/m²,Đã có sổ,,,,4 m,15 m,,,,,Đất thổ cư,m²,,,,,,,
2025-10-04T00:24:14.355446,Cập nhật 2 ngày trước,"7,2 tỷ","Nhà ngõ, hẻm",30 m²,120 m²,240 triệu/m²,Đã có sổ,3 phòng,3 phòng,Nội thất đầy đủ,4.1 m,,5,,,,,,,,,,,,
2025-10-04T00:24:13.512118,Cập nhật 8 ngày trước,"4,68 tỷ",,70 m²,,"66,86 triệu/m²",Sổ hồng riêng,2 phòng,1 phòng,Nội thất cao cấp,,,,Chưa bàn giao,"Tập thể, cư xá",,,,,,3,,,,
2025-10-04T00:24:29.906190,Cập nhật 7 ngày trước,"7,95 tỷ","Nhà ngõ, hẻm",28 m²,28 m²,"283,93 triệu/m²",Đã có sổ,4 phòng,,,,,,,,,,,,,,,,,
2025-10-04T00:24:35.003672,Cập nhật 7 ngày trước,30 tỷ,Nhà phố liền kề,80 m²,,375 triệu/m²,Đã có sổ,6 phòng,,,,,,,,Hẻm xe hơi,,,,,,,,,
2025-10-04T00:24:37.132015,Cập nhật 7 ngày trước,"5,55 tỷ",,64 m²,,"86,72 triệu/m²",Sổ hồng riêng,2 phòng,,Nội thất cao cấp,,,,Đã bàn giao,Chung cư,,,,,,,,,,Căn góc
2025-10-04T00:24:37.170431,Cập nhật 7 ngày trước,32 tỷ,"Nhà mặt phố, mặt tiền",56 m²,320 m²,"571,43 triệu/m²",Đã có sổ,6 phòng,Nhiều hơn 6 phòng,Nội thất cao cấp,4.3 m,15 m,8,,,"Hẻm xe hơi
Nhà nở hậu",,,Bắc,,,,,,
2025-10-04T00:24:45.944896,Cập nhật 7 ngày trước,"10,9 tỷ","Nhà ngõ, hẻm",40 m²,,"272,50 triệu/m²",Đã có sổ,3 phòng,,,,,,,,,,,,,,,,,
2025-10-04T00:24:52.124709,Cập nhật 3 ngày trước,"2,85 tỷ",,45 m²,,"63,33 triệu/m²",Sổ hồng riêng,2 phòng,1 phòng,Nội thất cao cấp,,,,Đã bàn giao,"Tập thể, cư xá",,,,,,2,,,,Căn góc
2025-10-04T00:24:54.014559,Cập nhật 8 ngày trước,6 tỷ,"Nhà ngõ, hẻm",30 m²,30 m²,200 triệu/m²,Đã có sổ,3 phòng,4 phòng,Nội thất đầy đủ,,,5,,,,,,,,,,,,
2025-10-04T00:25:01.078391,Cập nhật 7 ngày trước,"7,6 tỷ","Nhà ngõ, hẻm",42 m²,,"180,95 triệu/m²",Đã có sổ,8 phòng,,,,,,,,,,,,,,,,,
2025-10-04T00:24:59.479404,Cập nhật 9 ngày trước,1 tỷ,,50 m²,,20 triệu/m²,Sổ hồng riêng,2 phòng,1 phòng,,,,,Đã bàn giao,"Căn hộ dịch vụ, mini",,,,,,6,5,,,
2025-10-04T00:25:08.617668,Cập nhật 7 ngày trước,8 tỷ,"Nhà ngõ, hẻm",56 m²,,"142,86 triệu/m²",Đã có sổ,3 phòng,,,,,,,,,,,,,,,,,
2025-10-04T00:25:11.479854,Cập nhật 9 ngày trước,"6,5 tỷ","Nhà ngõ, hẻm",31 m²,31 m²,"209,68 triệu/m²",Đã có sổ,3 phòng,4 phòng,Nội thất đầy đủ,3.3 m,9.3 m,5,,,,,,Đông Nam,,,,,,
2025-10-04T00:25:10.588633,Cập nhật 7 ngày trước,6 tỷ,"Nhà ngõ, hẻm",40 m²,42 m²,150 triệu/m²,Đã có sổ,6 phòng,5 phòng,Nội thất đầy đủ,,,5,,,"Hẻm xe hơi
Nhà nở hậu",,,,,,,,,
2025-10-04T00:25:22.300379,Cập nhật 7 ngày trước,"10,5 tỷ","Nhà ngõ, hẻm",44 m²,,"238,64 triệu/m²",Đã có sổ,4 phòng,,,,,6,,,,,,,,,,,,
2025-10-04T00:25:22.791450,Cập nhật 8 ngày trước,"4,79 tỷ","Nhà ngõ, hẻm",121 m²,,"39,59 triệu/m²",Đã có sổ,4 phòng,,,,,,,,"Nhà nở hậu
Hẻm xe hơi",,,,,,,,,
2025-10-04T00:25:31.043525,Cập nhật 7 ngày trước,21 tỷ,"Nhà mặt phố, mặt tiền",55 m²,,"381,82 triệu/m²",Đã có sổ,4 phòng,5 phòng,Nội thất cao cấp,5.7 m,10 m,7,,,Hẻm xe hơi,,,,,,,,,
2025-10-04T00:25:36.193446,Cập nhật 8 ngày trước,"19,8 tỷ","Nhà ngõ, hẻm",64 m²,,"309,38 triệu/m²",Đã có sổ,6 phòng,6 phòng,Nội thất đầy đủ,4.1 m,15 m,6,,,Hẻm xe hơi,,,,,,,,,
2025-10-04T00:25:39.982304,Cập nhật 7 ngày trước,"20,5 tỷ","Nhà ngõ, hẻm",60 m²,,"341,67 triệu/m²",Đã có sổ,4 phòng,5 phòng,,4 m,,5,,,Hẻm xe hơi,,,,,,,,,
2025-10-04T00:25:50.997502,Cập nhật 9 ngày trước,"7,6 tỷ",,96 m²,,"79,17 triệu/m²",Sổ hồng riêng,2 phòng,2 phòng,,,,,Đã bàn giao,Chung cư,,,,,,,,,,
2025-10-04T00:25:53.336705,Cập nhật 1 ngày trước,"8,6 tỷ","Nhà ngõ, hẻm",36 m²,42 m²,"238,89 triệu/m²",Đã có sổ,10 phòng,6 phòng,Nội thất đầy đủ,12 m,,,,,Nhà nở hậu,,,,,,,,,
2025-10-04T00:25:59.951821,Cập nhật 8 ngày trước,"14,5 tỷ",,50 m²,,290 triệu/m²,Đã có sổ,,,,11 m,5 m,,,,"Mặt tiền
Hẻm xe hơi",Đất thổ cư,m²,,,,,,,
2025-10-04T00:26:01.779891,Cập nhật 9 ngày trước,"8,8 tỷ","Nhà ngõ, hẻm",36 m²,36 m²,"244,44 triệu/m²",Đã có sổ,3 phòng,4 phòng,Nội thất đầy đủ,5.1 m,7 m,6,,,,,,,,,,,,
2025-10-04T00:26:09.397216,Cập nhật 8 ngày trước,"22,9 tỷ","Nhà mặt phố, mặt tiền",68 m²,68 m²,"336,76 triệu/m²",Đã có sổ,5 phòng,6 phòng,Nội thất cao cấp,,,7,,,"Hẻm xe hơi
Nhà nở hậu",,,,,,,,,
2025-10-04T00:26:11.378482,Cập nhật 7 ngày trước,36 tỷ,"Nhà mặt phố, mặt tiền",85 m²,160 m²,"423,53 triệu/m²",Đã có sổ,2 phòng,2 phòng,Hoàn thiện cơ bản,5 m,17 m,2,,,,,,Tây Bắc,,,,,,
2025-10-04T00:26:15.500269,Cập nhật 9 ngày trước,"7,8 tỷ","Nhà ngõ, hẻm",36 m²,36 m²,"216,67 triệu/m²",Đã có sổ,4 phòng,5 phòng,Nội thất cao cấp,,,5,,,"Nhà nở hậu
Hẻm xe hơi",,,,,,,,,
2025-10-04T00:26:23.616273,Cập nhật 8 ngày trước,"2,85 tỷ","Nhà ngõ, hẻm",20 m²,,"142,50 triệu/m²",Đã có sổ,3 phòng,,,,,3,,,,,,,,,,,,
2025-10-04T00:26:26.491786,Cập nhật 7 ngày trước,"7,1 tỷ","Nhà ngõ, hẻm",37 m²,,"191,89 triệu/m²",Đã có sổ,3 phòng,4 phòng,Nội thất đầy đủ,3.5 m,10 m,5,,,,,,,,,,,,
2025-10-04T00:26:45.490067,Cập nhật 7 ngày trước,"7,8 tỷ","Nhà ngõ, hẻm",33 m²,33 m²,"236,36 triệu/m²",Đã có sổ,3 phòng,3 phòng,Nội thất cao cấp,3.5 m,,5,,,"Nhà nở hậu
Hẻm xe hơi",,,Đông Nam,,,,,,
2025-10-04T00:26:48.621575,Cập nhật 6 ngày trước,"3,95 tỷ","Nhà ngõ, hẻm",33.5 m²,,"117,91 triệu/m²",Đã có sổ,4 phòng,4 phòng,,,,5,,,,,,,,,,,,
2025-10-04T00:26:51.543911,Cập nhật 7 ngày trước,"7,9 tỷ","Nhà ngõ, hẻm",32 m²,32 m²,"246,88 triệu/m²",Đã có sổ,3 phòng,5 phòng,,3.5 m,9 m,,,,,,,,,,,,,
2025-10-04T00:26:56.224667,Cập nhật 8 ngày trước,"6,7 tỷ","Nhà ngõ, hẻm",37 m²,,"181,08 triệu/m²",Đã có sổ,3 phòng,,,,,,,,,,,,,,,,,
2025-10-04T00:27:01.425508,Cập nhật 7 ngày trước,21 tỷ,"Nhà ngõ, hẻm",55 m²,55 m²,"381,82 triệu/m²",Đã có sổ,5 phòng,,,,,,,,,,,,,,,,,
2025-10-04T00:27:08.808085,Cập nhật 9 ngày trước,"9,65 tỷ","Nhà ngõ, hẻm",45 m²,,"214,44 triệu/m²",Đã có sổ,6 phòng,,,,,5,,,,,,,,,,,,
2025-10-04T00:27:15.185673,Cập nhật 8 ngày trước,"10,425 tỷ","Nhà ngõ, hẻm",44 m²,38 m²,"236,93 triệu/m²",Đã có sổ,4 phòng,3 phòng,Hoàn thiện cơ bản,,,3,,,,,,,,,,,,
2025-10-04T00:27:19.987267,Cập nhật 8 ngày trước,"5,4 tỷ","Nhà mặt phố, mặt tiền",32 m²,,"168,75 triệu/m²",Đã có sổ,3 phòng,,,,,,,,Hẻm xe hơi,,,,,,,,,
2025-10-04T00:27:27.019848,Cập nhật 9 ngày trước,5 tỷ,"Nhà ngõ, hẻm",32 m²,,"156,25 triệu/m²",Đã có sổ,3 phòng,4 phòng,Hoàn thiện cơ bản,,,5,,,,,,,,,,,,
2025-10-04T00:27:32.594497,Cập nhật 8 ngày trước,"7,8 tỷ","Nhà ngõ, hẻm",51 m²,51 m²,"152,94 triệu/m²",Đã có sổ,2 phòng,1 phòng,,,,,,,,,,,,,,,,
2025-10-04T00:27:31.487044,Cập nhật 7 ngày trước,"13,5 tỷ","Nhà ngõ, hẻm",39 m²,42 m²,"346,15 triệu/m²",Đã có sổ,4 phòng,3 phòng,Nội thất đầy đủ,3.5 m,11 m,5,,,Hẻm xe hơi,,,,,,,,,
2025-10-04T00:27:42.246390,Cập nhật 8 ngày trước,"7,1 tỷ","Nhà ngõ, hẻm",28 m²,35 m²,"253,57 triệu/m²",Đã có sổ,2 phòng,2 phòng,Hoàn thiện cơ bản,,,3,,,Nhà nở hậu,,,,,,,,,
2025-10-04T00:27:47.062391,Cập nhật 9 ngày trước,"2,9 tỷ",,70 m²,,"41,43 triệu/m²",Sổ hồng riêng,3 phòng,2 phòng,Nội thất đầy đủ,,,,Chưa bàn giao,Chung cư,,,,,,,,,,
2025-10-04T00:27:49.068767,Cập nhật 1 ngày trước,"8,25 tỷ","Nhà ngõ, hẻm",55 m²,55 m²,150 triệu/m²,Đã có sổ,4 phòng,4 phòng,Nội thất cao cấp,,,4,,,,,,,,,,,,
2025-10-04T00:27:49.322321,Cập nhật 7 ngày trước,"7,9 tỷ","Nhà ngõ, hẻm",37.3 m²,,"211,80 triệu/m²",Đã có sổ,4 phòng,4 phòng,,,,5,,,,,,,,,,,,
2025-10-04T00:27:50.046249,Cập nhật 8 ngày trước,"6,5 tỷ","Nhà ngõ, hẻm",47 m²,47 m²,"138,30 triệu/m²",Đã có sổ,3 phòng,3 phòng,Bàn giao thô,4.4 m,,1,,,Hẻm xe hơi,,,,,,,,,
2025-10-04T00:28:05.246399,Cập nhật 8 ngày trước,"5,5 tỷ",,46 m²,,"119,57 triệu/m²",Đã có sổ,,,,,,,,,"Mặt tiền
Hẻm xe hơi
Nở hậu
Thổ cư toàn bộ",Đất thổ cư,m²,Đông Nam,,,,,,
2025-10-04T00:28:10.904729,Cập nhật 9 ngày trước,"7,2 tỷ","Nhà ngõ, hẻm",31 m²,31 m²,"232,26 triệu/m²",Đã có sổ,3 phòng,4 phòng,Nội thất đầy đủ,5 m,6.2 m,5,,,Hẻm xe hơi,,,,,,,,,
2025-10-04T00:28:11.107735,Cập nhật 7 ngày trước,"11,4 tỷ","Nhà ngõ, hẻm",50 m²,,228 triệu/m²,Đã có sổ,3 phòng,3 phòng,Nội thất cao cấp,4.5 m,,4,,,"Nhà nở hậu
Hẻm xe hơi",,,,,,,,,
2025-10-04T00:28:16.229840,Cập nhật 7 ngày trước,"7,8 tỷ","Nhà mặt phố, mặt tiền",46 m²,,"169,57 triệu/m²",Đã có sổ,4 phòng,,,,,,,,,,,,,,,,,
2025-10-04T00:28:26.152040,Cập nhật 7 ngày trước,11 tỷ,Nhà phố liền kề,50 m²,,220 triệu/m²,Đã có sổ,4 phòng,4 phòng,Nội thất đầy đủ,,,5,,,,,,,,,,,,
2025-10-04T00:28:30.115454,Cập nhật 8 ngày trước,"8,6 tỷ","Nhà ngõ, hẻm",42 m²,180 m²,"204,76 triệu/m²",Đã có sổ,3 phòng,4 phòng,Nội thất đầy đủ,4 m,10 m,5,,,,,,,,,,,,
2025-10-04T00:28:33.965463,Cập nhật 9 ngày trước,"6,95 tỷ","Nhà ngõ, hẻm",28 m²,130 m²,"248,21 triệu/m²",Đã có sổ,3 phòng,,,,,,,,,,,,,,,,,
2025-10-04T00:28:38.357402,Cập nhật 9 ngày trước,"10,5 tỷ","Nhà mặt phố, mặt tiền",45 m²,45 m²,"233,33 triệu/m²",Đã có sổ,4 phòng,3 phòng,Hoàn thiện cơ bản,3.5 m,11 m,4,,,,,,Đông Nam,,,1,,,
2025-10-04T00:28:48.706988,Cập nhật 6 ngày trước,"11,8 tỷ","Nhà mặt phố, mặt tiền",62 m²,62 m²,"190,32 triệu/m²",Đã có sổ,4 phòng,4 phòng,,,,3,,,,,,,,,,,,
2025-10-04T00:28:57.898741,Cập nhật 7 ngày trước,"2,15 tỷ",,52 m²,,"41,35 triệu/m²",Đã có sổ,,,,4 m,12 m,,,,,Đất thổ cư,m²,,,,,,,
2025-10-04T00:29:00.398473,Cập nhật 3 ngày trước,"1,75 tỷ",,100 m²,,"17,50 triệu/m²",Đã có sổ,,,,5 m,20 m,,,,"Mặt tiền
Thổ cư 1 phần",Đất thổ cư,m²,,,,,,,
2025-10-04T00:28:59.973422,Cập nhật 7 ngày trước,"4,55 tỷ",,42 m²,,"108,33 triệu/m²",Đã có sổ,,,,,,,,,,Đất thổ cư,m²,,,,,,,
2025-10-04T00:28:59.954028,Cập nhật 7 ngày trước,"4,19 tỷ",,58 m²,,"72,24 triệu/m²",Đã có sổ,,,,4 m,14 m,,,,"Mặt tiền
Hẻm xe hơi
Thổ cư toàn bộ",Đất thổ cư,,Nam,,,,,,
2025-10-04T00:29:22.926089,Cập nhật 7 ngày trước,"136,876 tỷ",,10200 m²,,"13,42 triệu/m²",Đã có sổ,,,,101 m,101 m,,,,Mặt tiền,Đất nền dự án,m²,,,,,,,
2025-10-04T00:29:23.353036,Cập nhật 8 ngày trước,15 tỷ,"Nhà ngõ, hẻm",60 m²,,250 triệu/m²,Đã có sổ,nhiều hơn 10 phòng,Nhiều hơn 6 phòng,Nội thất đầy đủ,,,7,,,,,,,,,,,,
2025-10-04T00:29:23.806073,Cập nhật 7 ngày trước,210 tỷ,"Nhà mặt phố, mặt tiền",436 m²,,"481,65 triệu/m²",Đã có sổ,nhiều hơn 10 phòng,,Nội thất cao cấp,10 m,,10,,,,,,,,,,,,
2025-10-04T00:29:26.150264,Cập nhật 8 ngày trước,26 tỷ,"Nhà ngõ, hẻm",52 m²,,500 triệu/m²,Đã có sổ,9 phòng,,,,,,,,Hẻm xe hơi,,,,,,,,,
2025-10-04T00:29:35.079901,Cập nhật 7 ngày trước,"5,2 tỷ",,982 m²,,"5,30 triệu/m²",Đã có sổ,,,,13.8 m,71 m,,,,"Mặt tiền
Nở hậu",Đất nông nghiệp,m²,,,,Thửa đất 51; tờ bản đồ TĐ04,,,
2025-10-04T00:29:37.072999,Cập nhật 9 ngày trước,"4,35 tỷ",,50 m²,,87 triệu/m²,Đã có sổ,,,,4 m,12.5 m,,,,"Mặt tiền
Hẻm xe hơi
Thổ cư toàn bộ",Đất thổ cư,m²,Đông Nam,,,,,,
2025-10-04T00:29:45.060335,Cập nhật 8 ngày trước,"19,6 tỷ","Nhà mặt phố, mặt tiền",55 m²,55 m²,"356,36 triệu/m²",Đã có sổ,4 phòng,4 phòng,Nội thất đầy đủ,5 m,11 m,4,,,"Hẻm xe hơi
Nhà nở hậu",,,Đông Nam,,,,,,
2025-10-04T00:29:46.867537,Cập nhật 6 ngày trước,10 tỷ,"Nhà ngõ, hẻm",40 m²,45 m²,250 triệu/m²,Đã có sổ,6 phòng,6 phòng,,,,7,,,,,,,,,,,,
2025-10-04T00:29:50.038057,Cập nhật 7 ngày trước,22 tỷ,Nhà phố liền kề,60 m²,60 m²,"366,67 triệu/m²",Đã có sổ,10 phòng,Nhiều hơn 6 phòng,Nội thất đầy đủ,7 m,9 m,7,,,Hẻm xe hơi,,,,,,,,,
2025-10-04T00:29:51.904056,Cập nhật 9 ngày trước,10 tỷ,"Nhà ngõ, hẻm",54 m²,54 m²,"185,19 triệu/m²",Đã có sổ,6 phòng,4 phòng,Nội thất cao cấp,6 m,9 m,5,,,,,,,,,,,,
2025-10-04T00:29:59.107343,Cập nhật 9 ngày trước,"12,5 tỷ","Nhà ngõ, hẻm",51 m²,200 m²,"245,10 triệu/m²",Đã có sổ,4 phòng,2 phòng,Nội thất đầy đủ,4.5 m,11.5 m,4,,,Hẻm xe hơi,,,Đông Bắc,,,,,,
2025-10-04T00:30:08.743272,Cập nhật 8 ngày trước,"14,987 tỷ","Nhà ngõ, hẻm",51 m²,220 m²,"293,86 triệu/m²",Đã có sổ,4 phòng,4 phòng,Nội thất cao cấp,6 m,9.8 m,4,,,,,,,,,,,,
2025-10-04T00:30:13.595735,Cập nhật 8 ngày trước,"8,58 tỷ","Nhà ngõ, hẻm",54 m²,54 m²,"158,89 triệu/m²",Đã có sổ,3 phòng,4 phòng,Nội thất đầy đủ,4.2 m,11 m,5,,,,,,Đông Nam,,,,,,
2025-10-04T00:30:14.957734,Cập nhật 8 ngày trước,"11,1 tỷ","Nhà ngõ, hẻm",38 m²,,"292,11 triệu/m²",Đã có sổ,8 phòng,4 phòng,Hoàn thiện cơ bản,3 m,,6,,,,,,,,,,,,
2025-10-04T00:30:23.265079,Cập nhật 2 ngày trước,"9,3 tỷ","Nhà mặt phố, mặt tiền",20 m²,80 m²,465 triệu/m²,Đã có sổ,3 phòng,4 phòng,Nội thất đầy đủ,2.8 m,,4,,,Hẻm xe hơi,,,,,,,,,
2025-10-04T00:30:30.306614,Cập nhật 7 ngày trước,"4,2 tỷ","Nhà ngõ, hẻm",43 m²,43 m²,"97,67 triệu/m²",Đã có sổ,3 phòng,3 phòng,Hoàn thiện cơ bản,4 m,11 m,3,,,,,,Tây Nam,,,,,,
2025-10-04T00:30:31.512781,Cập nhật 4 ngày trước,"22,5 tỷ","Nhà ngõ, hẻm",90 m²,360 m²,250 triệu/m²,Đã có sổ,4 phòng,,Nội thất đầy đủ,5.5 m,,4,,,Hẻm xe hơi,,,,,,,,,
2025-10-04T00:30:33.365304,Cập nhật 7 ngày trước,"11,4 tỷ","Nhà ngõ, hẻm",48 m²,48 m²,"237,50 triệu/m²",Đã có sổ,4 phòng,3 phòng,Nội thất đầy đủ,4.6 m,15 m,4,,,Nhà nở hậu,,,Tây,,,,,,
2025-10-04T00:30:38.128022,Cập nhật 8 ngày trước,13 tỷ,"Nhà ngõ, hẻm",38 m²,,"342,11 triệu/m²",Đã có sổ,3 phòng,,,,,,,,,,,,,,,,,
2025-10-04T00:30:47.376831,Cập nhật 8 ngày trước,"3,3 tỷ","Nhà ngõ, hẻm",35 m²,35 m²,"94,29 triệu/m²",Không có sổ,2 phòng,2 phòng,Nội thất cao cấp,4 m,9 m,2,,,,,,Tây,,,1,,,
2025-10-04T00:30:53.726806,Cập nhật 9 ngày trước,"7,5 tỷ","Nhà ngõ, hẻm",40 m²,,"187,50 triệu/m²",Đã có sổ,5 phòng,4 phòng,Hoàn thiện cơ bản,,,4,,,,,,,,,,,,
2025-10-04T00:30:55.469734,Cập nhật 5 ngày trước,"6,5 tỷ","Nhà ngõ, hẻm",37 m²,37 m²,"175,68 triệu/m²",Đã có sổ,5 phòng,4 phòng,Hoàn thiện cơ bản,,,,,,,,,,,,,,,
2025-10-04T00:31:01.985763,Cập nhật 8 ngày trước,"6,2 tỷ",,55 m²,,"112,73 triệu/m²",Sổ hồng riêng,3 phòng,2 phòng,,,,,Chưa bàn giao,Chung cư,,,,,,,,,,
2025-10-04T00:31:02.318586,Cập nhật 9 ngày trước,"8,1 tỷ","Nhà ngõ, hẻm",35 m²,,"231,43 triệu/m²",Đã có sổ,3 phòng,4 phòng,,,,5,,,Nhà nở hậu,,,,,,,,,
2025-10-04T00:31:09.381921,Cập nhật 6 ngày trước,15 tỷ,"Nhà mặt phố, mặt tiền",40 m²,40 m²,375 triệu/m²,Đã có sổ,3 phòng,4 phòng,Nội thất đầy đủ,4 m,10 m,,,,Hẻm xe hơi,,,,,,,,,
2025-10-04T00:31:10.663268,Cập nhật 9 ngày trước,"5,1 tỷ","Nhà ngõ, hẻm",22 m²,,"231,82 triệu/m²",Đã có sổ,2 phòng,3 phòng,,,,4,,,,,,,,,,,,
2025-10-04T00:31:19.589185,Cập nhật 8 ngày trước,24 tỷ,,3000 m²,,8 triệu/m²,Đã có sổ,,,,,,,,,"Mặt tiền
Thổ cư 1 phần",Đất thổ cư,,,,,,,,
2025-10-04T00:31:24.387237,Cập nhật 7 ngày trước,"3,85 tỷ",,31 m²,,"124,19 triệu/m²",Sổ hồng riêng,3 phòng,,,,,,Đã bàn giao,"Tập thể, cư xá",,,,,,,,,,
2025-10-04T00:31:24.789209,Cập nhật 9 ngày trước,"9,1 tỷ","Nhà ngõ, hẻm",48 m²,,"189,58 triệu/m²",Đã có sổ,4 phòng,,,,,,,,,,,,,,,,,
2025-10-04T00:31:31.746765,Cập nhật 7 ngày trước,"12,8 tỷ",Nhà phố liền kề,50 m²,,256 triệu/m²,Đã có sổ,4 phòng,4 phòng,Nội thất cao cấp,5 m,,5,,,Hẻm xe hơi,,,,,,,,,
2025-10-04T00:31:33.398161,Cập nhật 8 ngày trước,"6,3 tỷ","Nhà ngõ, hẻm",36 m²,,175 triệu/m²,Đã có sổ,4 phòng,4 phòng,Nội thất đầy đủ,,,5,,,Nhà nở hậu,,,,,,,,,
2025-10-04T00:31:41.384733,Cập nhật 7 ngày trước,14 tỷ,"Nhà mặt phố, mặt tiền",70 m²,,200 triệu/m²,Đã có sổ,4 phòng,,Nội thất cao cấp,5 m,,5,,,"Hẻm xe hơi
Nhà nở hậu",,,,,,,,,
2025-10-04T00:31:47.410787,Cập nhật 8 ngày trước,"5,9 tỷ","Nhà ngõ, hẻm",35 m²,35 m²,"168,57 triệu/m²",Đã có sổ,3 phòng,3 phòng,Nội thất đầy đủ,3.3 m,10 m,5,,,"Hẻm xe hơi
Nhà nở hậu",,,Nam,,,,,,
2025-10-04T00:31:54.282968,Cập nhật 8 ngày trước,"14,99 tỷ","Nhà mặt phố, mặt tiền",50 m²,,"299,80 triệu/m²",Đã có sổ,3 phòng,3 phòng,,,,,,,,,,,,,,,,
2025-10-04T00:31:55.810826,Cập nhật 9 ngày trước,"16,5 tỷ","Nhà ngõ, hẻm",205 m²,,"80,49 triệu/m²",Đã có sổ,4 phòng,3 phòng,Nội thất cao cấp,,,3,,,"Hẻm xe hơi
Nhà nở hậu",,,Đông Nam,,,,,,
2025-10-04T00:32:03.281969,Cập nhật 9 ngày trước,"7,8 tỷ",,80 m²,,"97,50 triệu/m²",Sổ hồng riêng,3 phòng,,,,,,Chưa bàn giao,Chung cư,,,,,,,,,,
2025-10-04T00:32:09.439555,Cập nhật 8 ngày trước,"7,95 tỷ","Nhà mặt phố, mặt tiền",45 m²,,"176,67 triệu/m²",Đã có sổ,4 phòng,,,,,,,,,,,,,,,,,
2025-10-04T00:32:09.925776,Cập nhật 7 ngày trước,"7,9 tỷ","Nhà ngõ, hẻm",30.1 m²,30.1 m²,"262,46 triệu/m²",Đã có sổ,4 phòng,3 phòng,Nội thất đầy đủ,,,4,,,,,,,,,,,,
2025-10-04T00:32:10.842890,Cập nhật 8 ngày trước,5 tỷ,"Nhà ngõ, hẻm",28 m²,28 m²,"178,57 triệu/m²",Đã có sổ,3 phòng,4 phòng,Nội thất cao cấp,4 m,7 m,4,,,Hiện trạng khác,,,,,,,,,
2025-10-04T00:32:24.069999,Cập nhật 9 ngày trước,"4,25 tỷ",,48 m²,,"88,54 triệu/m²",Đã có sổ,,,,4 m,12 m,,,,,Đất thổ cư,,,,,,,,
2025-10-04T00:32:30.161693,Cập nhật 8 ngày trước,"2,1 tỷ",,91 m²,,"23,08 triệu/m²",Đã có sổ,,,,5 m,18 m,,,,"Mặt tiền
Hẻm xe hơi",Đất thổ cư,m²,,,,Trường Điện Kim Anh Sóc Sơn,,98,
2025-10-04T00:32:30.956247,Cập nhật 7 ngày trước,"2,7 tỷ",,80 m²,,"33,75 triệu/m²",Đã có sổ,,,,5 m,16 m,,,,"Mặt tiền
Thổ cư toàn bộ
Không có thổ cư",Đất thổ cư,m²,Đông Nam,,,Đất trong dân,,,
2025-10-04T00:32:32.727509,Cập nhật 9 ngày trước,"5,6 tỷ","Nhà ngõ, hẻm",44 m²,44 m²,"127,27 triệu/m²",Đã có sổ,4 phòng,,Nội thất đầy đủ,4 m,,4,,,,,,,,,,,,
2025-10-04T00:32:46.356236,Cập nhật 9 ngày trước,"8,3 tỷ","Nhà ngõ, hẻm",44 m²,,"188,64 triệu/m²",Đã có sổ,6 phòng,4 phòng,Nội thất đầy đủ,,,5,,,,,,,,,,,,
2025-10-04T00:32:47.771502,Cập nhật 9 ngày trước,10 tỷ,"Nhà ngõ, hẻm",52 m²,52 m²,"192,31 triệu/m²",Đã có sổ,5 phòng,5 phòng,,4 m,12 m,5,,,Nhà nở hậu,,,,,,,,,
2025-10-04T00:32:49.493613,Cập nhật 8 ngày trước,"5,9 tỷ","Nhà ngõ, hẻm",26 m²,26 m²,"226,92 triệu/m²",Đã có sổ,2 phòng,3 phòng,Hoàn thiện cơ bản,3.5 m,,4,,,,,,,,,,,,
2025-10-04T00:32:52.611719,Cập nhật 7 ngày trước,"6,336 tỷ",,100 m²,,"63,36 triệu/m²",Sổ hồng riêng,3 phòng,2 phòng,,,,,Chưa bàn giao,Chung cư,,,,,,,,,,
2025-10-04T00:33:06.087441,Cập nhật 7 ngày trước,"7,2 tỷ","Nhà ngõ, hẻm",35 m²,,"205,71 triệu/m²",Đã có sổ,4 phòng,5 phòng,Hoàn thiện cơ bản,4 m,,6,,,,,,,,,,,,
2025-10-04T00:33:10.307221,Cập nhật 1 ngày trước,"20,6 tỷ",Nhà phố liền kề,78 m²,150 m²,"264,10 triệu/m²",Đã có sổ,2 phòng,2 phòng,Nội thất đầy đủ,5 m,15 m,2,,,Hẻm xe hơi,,,Đông Bắc,,,,,,
2025-10-04T00:33:16.484149,Cập nhật 7 ngày trước,"8,2 tỷ",Nhà biệt thự,48.3 m²,,"169,77 triệu/m²",Đã có sổ,4 phòng,4 phòng,Nội thất đầy đủ,3.5 m,,5,,,,,,,,,,,,
2025-10-04T00:33:33.512796,Cập nhật 8 ngày trước,"2,3 tỷ",,85.5 m²,,"26,90 triệu/m²",Đã có sổ,,,,4.5 m,19 m,,,,"Mặt tiền
Không có thổ cư",Đất thổ cư,m²,Đông Nam,,,,,,
2025-10-04T00:33:39.672823,Cập nhật 7 ngày trước,19 tỷ,"Nhà ngõ, hẻm",75 m²,,"253,33 triệu/m²",Đã có sổ,nhiều hơn 10 phòng,Nhiều hơn 6 phòng,Nội thất cao cấp,5 m,16 m,7,,,"Hẻm xe hơi
Nhà nở hậu",,,Đông Bắc,,,,,,
2025-10-04T00:33:48.665055,Cập nhật 8 ngày trước,"6,65 tỷ",,80 m²,,"83,12 triệu/m²",Sổ hồng riêng,2 phòng,,,,,,Đã bàn giao,Chung cư,,,,,,,,,,
2025-10-04T00:33:56.686416,Cập nhật 8 ngày trước,"10,7 tỷ",,125 m²,,"85,60 triệu/m²",Đang chờ sổ,3 phòng,,Nội thất đầy đủ,,,,Đã bàn giao,Chung cư,,,,,,,,Đông Nam,,Căn góc
2025-10-04T00:33:57.602088,Cập nhật 7 ngày trước,"10,8 tỷ","Nhà mặt phố, mặt tiền",30 m²,,360 triệu/m²,Đã có sổ,4 phòng,5 phòng,,,,5,,,,,,,,,,,,
2025-10-04T00:34:04.130191,Cập nhật 7 ngày trước,"4,5 tỷ",,72 m²,,"62,50 triệu/m²",Sổ hồng riêng,2 phòng,2 phòng,Nội thất đầy đủ,,,,Đã bàn giao,Chung cư,,,,,,,,,,
2025-10-04T00:34:10.936965,Cập nhật 3 ngày trước,10 tỷ,"Nhà ngõ, hẻm",52 m²,,"192,31 triệu/m²",Đã có sổ,5 phòng,,,,,,,,,,,,,,,,,
2025-10-04T00:34:17.132299,Cập nhật 7 ngày trước,6 tỷ,"Nhà ngõ, hẻm",33 m²,150 m²,"181,82 triệu/m²",Đã có sổ,3 phòng,3 phòng,Nội thất đầy đủ,5 m,5.8 m,4,,,,,,Tây,,,,,,
2025-10-04T00:34:21.145013,Cập nhật 8 ngày trước,"15,5 tỷ","Nhà ngõ, hẻm",50 m²,,310 triệu/m²,Đã có sổ,5 phòng,5 phòng,Nội thất đầy đủ,,,6,,,,,,,,,,,,
2025-10-04T00:34:24.836219,Cập nhật 8 ngày trước,"23,5 tỷ",Nhà phố liền kề,77 m²,,"305,19 triệu/m²",Đã có sổ,4 phòng,4 phòng,Nội thất đầy đủ,4.5 m,17 m,4,,,,,,Đông Nam,,,,,,
2025-10-04T00:34:26.257873,Cập nhật 9 ngày trước,"2,86 tỷ","Nhà ngõ, hẻm",20 m²,20 m²,143 triệu/m²,Đã có sổ,2 phòng,,,,,,,,,,,,,,,,,
2025-10-04T00:34:35.155100,Cập nhật 7 ngày trước,"9,5 tỷ","Nhà ngõ, hẻm",48 m²,,"197,92 triệu/m²",Đã có sổ,3 phòng,,,,,,,,,,,,,,,,,
2025-10-04T00:34:39.021460,Cập nhật 8 ngày trước,"6,9 tỷ","Nhà mặt phố, mặt tiền",40 m²,,"172,50 triệu/m²",Đã có sổ,6 phòng,,,,,,,,Nhà nở hậu,,,,,,,,,
2025-10-04T00:34:40.360035,Cập nhật 8 ngày trước,"5,2 tỷ",,100 m²,,52 triệu/m²,Đã có sổ,,,,,,,,,"Mặt tiền
Hẻm xe hơi",Đất thổ cư,m²,,,,,,,
2025-10-04T00:34:50.450617,Cập nhật 9 ngày trước,"10,25 tỷ","Nhà ngõ, hẻm",42 m²,,"244,05 triệu/m²",Đã có sổ,3 phòng,,,,,5,,,Nhà nở hậu,,,,,,,,,
2025-10-04T00:34:53.233888,Cập nhật 7 ngày trước,"3,75 tỷ",Nhà phố liền kề,41 m²,41 m²,"91,46 triệu/m²",Đã có sổ,4 phòng,,,4 m,10 m,4,,,"Hẻm xe hơi
Nhà nở hậu",,,,,,,,,
2025-10-04T00:34:59.537948,Cập nhật 8 ngày trước,"4,3 tỷ",,46.1 m²,,"93,28 triệu/m²",Đã có sổ,,,,4.8 m,,,,,"Mặt tiền
Hẻm xe hơi
Thổ cư toàn bộ",Đất thổ cư,,,,,,,,
