now,published_at,price,land_type,size,price_m2,property_legal_document,pty_characteristics,width,size_unit,direction,length,house_type,rooms,toilets,furnishing_sell,floors,living_size,property_status,apartment_type,block,commercial_type,floornumber,apartment_feature,property_back_condition,street_id,unitnumber,balconydirection
2025-10-04T12:21:31.240544,Cập nhật 8 ngày trước,378 tỷ,Đất thổ cư,1073 m²,"352,28 triệu/m²",Đã có sổ,"Mặt tiền
Nở hậu",25 m,m²,,,,,,,,,,,,,,,,,,
2025-10-04T12:21:34.211771,Cập nhật 10 ngày trước,"1,85 tỷ",Đất thổ cư,133 m²,"13,91 triệu/m²",Đã có sổ,"Mặt tiền
Nở hậu
Thổ cư toàn bộ",6 m,m²,Nam,23 m,,,,,,,,,,,,,,,,
2025-10-04T12:21:35.461269,Cập nhật 7 ngày trước,10 tỷ,,31 m²,"322,58 triệu/m²",Đã có sổ,"Hẻm xe hơi
Nhà nở hậu",3.6 m,,,,"Nhà ngõ, hẻm",3 phòng,4 phòng,Nội thất cao cấp,5,,,,,,,,,,,
2025-10-04T12:21:33.650538,Cập nhật 8 ngày trước,"12,8 tỷ",,39 m²,"328,21 triệu/m²",Đã có sổ,Hẻm xe hơi,3.9 m,,,10 m,"Nhà ngõ, hẻm",3 phòng,5 phòng,,7,39 m²,,,,,,,,,,
2025-10-04T12:21:37.269732,Cập nhật 8 ngày trước,"17,9 tỷ",,42 m²,"426,19 triệu/m²",Đã có sổ,,,,,,"Nhà ngõ, hẻm",3 phòng,3 phòng,,4,,,,,,,,,,,
2025-10-04T12:21:51.319143,Cập nhật 8 ngày trước,"4,7 tỷ",,20 m²,235 triệu/m²,Đã có sổ,,4 m,,,5 m,"Nhà ngõ, hẻm",3 phòng,3 phòng,Nội thất đầy đủ,6,20 m²,,,,,,,,,,
2025-10-04T12:21:51.343397,Cập nhật 6 ngày trước,"4,68 tỷ",,70 m²,"66,86 triệu/m²",Sổ hồng riêng,,,,,,,2 phòng,1 phòng,Nội thất cao cấp,,,Đã bàn giao,"Tập thể, cư xá",,,,,,,,
2025-10-04T12:21:53.167547,Cập nhật 8 ngày trước,"6,9 tỷ",,31 m²,"222,58 triệu/m²",Đã có sổ,,,,,,"Nhà ngõ, hẻm",4 phòng,,,,,,,,,,,,,,
2025-10-04T12:21:53.577402,Cập nhật 8 ngày trước,"8,4 tỷ",,38 m²,"221,05 triệu/m²",Đã có sổ,"Hẻm xe hơi
Nhà nở hậu",3 m,,Tây Bắc,,"Nhà ngõ, hẻm",3 phòng,4 phòng,Hoàn thiện cơ bản,5,38 m²,,,,,,,,,,
2025-10-04T12:22:03.447514,Cập nhật 9 ngày trước,"18,9 tỷ",Đất thổ cư,2156 m²,"8,77 triệu/m²",Đã có sổ,"Mặt tiền
Nở hậu",,m²,,,,,,,,,,,Phú mãn- Quốc Oai - Hà Nội,,,,,,,
2025-10-04T12:22:09.373523,Cập nhật 7 ngày trước,"7,6 tỷ",,43 m²,"176,74 triệu/m²",Đã có sổ,,,,,,"Nhà mặt phố, mặt tiền",4 phòng,,,,,,,,,,,,,,
2025-10-04T12:22:09.951428,Cập nhật 8 ngày trước,"3,59 tỷ",,75 m²,"47,87 triệu/m²",Đã có sổ,Hẻm xe hơi,4 m,,,15 m,"Nhà mặt phố, mặt tiền",3 phòng,2 phòng,Nội thất đầy đủ,3,75 m²,,,,,,,,,,
2025-10-04T12:22:09.342797,Cập nhật 9 ngày trước,"16,5 tỷ",,160 m²,"103,12 triệu/m²",Đã có sổ,,,,,,,,,Nội thất đầy đủ,,,,,,Mặt bằng kinh doanh,1,,,,,
2025-10-04T12:22:20.447363,Cập nhật 9 ngày trước,"12,9 tỷ",,60 m²,215 triệu/m²,Đã có sổ,Hẻm xe hơi,5 m,,,,"Nhà ngõ, hẻm",4 phòng,3 phòng,Nội thất cao cấp,5,,,,,,,,,,,
2025-10-04T12:22:25.538157,Cập nhật 9 ngày trước,"6,8 tỷ",,30 m²,"226,67 triệu/m²",Đã có sổ,,,,,,"Nhà ngõ, hẻm",3 phòng,,,5,,,,,,,,,,,
2025-10-04T12:22:28.932902,Cập nhật 7 ngày trước,"5,8 tỷ",,45 m²,"128,89 triệu/m²",Đã có sổ,"Nhà nở hậu
Hẻm xe hơi",3.8 m,,Tây Bắc,14 m,"Nhà ngõ, hẻm",4 phòng,3 phòng,Hoàn thiện cơ bản,4,45 m²,,,,,,,,,,
2025-10-04T12:22:31.142506,Cập nhật 9 ngày trước,12 tỷ,,53 m²,"226,42 triệu/m²",Đã có sổ,,4 m,,,12 m,"Nhà mặt phố, mặt tiền",10 phòng,Nhiều hơn 6 phòng,,,53 m²,,,,,,,,,,
2025-10-04T12:22:39.853783,Cập nhật 8 ngày trước,"3,15 tỷ",,30 m²,105 triệu/m²,Đã có sổ,,,,,,"Nhà ngõ, hẻm",3 phòng,,Hoàn thiện cơ bản,,,,,,,,,,,,
2025-10-04T12:22:43.008611,Cập nhật 10 ngày trước,"2,9 tỷ",,32 m²,"90,62 triệu/m²",Không có sổ,,,,,,"Nhà ngõ, hẻm",2 phòng,3 phòng,,3,,,,,,,,,,,
2025-10-04T12:22:44.806304,Cập nhật 7 ngày trước,"7,9 tỷ",,40 m²,"197,50 triệu/m²",Đã có sổ,,,,,,"Nhà ngõ, hẻm",4 phòng,4 phòng,Nội thất đầy đủ,,,,,,,,,,,,
2025-10-04T12:22:52.793205,Cập nhật 9 ngày trước,"6,1 tỷ",,30 m²,"203,33 triệu/m²",Đã có sổ,Nhà nở hậu,3.5 m,,Tây Nam,,"Nhà ngõ, hẻm",3 phòng,4 phòng,Hoàn thiện cơ bản,5,30 m²,,,,,,,,,,
2025-10-04T12:22:58.205018,Cập nhật 7 ngày trước,"7,8 tỷ",,38 m²,"205,26 triệu/m²",Đã có sổ,,4.8 m,,,8 m,"Nhà ngõ, hẻm",3 phòng,4 phòng,Nội thất cao cấp,5,38 m²,,,,,,,,,,
2025-10-04T12:22:58.405302,Cập nhật 9 ngày trước,"4,35 tỷ",,20 m²,"217,50 triệu/m²",Đã có sổ,,,,,,"Nhà ngõ, hẻm",2 phòng,,,2,,,,,,,,,,,
2025-10-04T12:22:59.572899,Cập nhật 8 ngày trước,"13,99 tỷ",,53 m²,"263,96 triệu/m²",Đã có sổ,,,,,,"Nhà mặt phố, mặt tiền",5 phòng,4 phòng,,4,,,,,,,,,,,
2025-10-04T12:22:58.163184,Cập nhật 9 ngày trước,"2,6 tỷ",Đất thổ cư,46 m²,"56,52 triệu/m²",Đã có sổ,,5.8 m,,,8.5 m,,,,,,,,,,,,,,,,
2025-10-04T12:23:05.979859,Cập nhật 7 ngày trước,"3,45 tỷ",,70 m²,"49,29 triệu/m²",Sổ hồng riêng,,,,,,,2 phòng,,Nội thất đầy đủ,,,Chưa bàn giao,"Tập thể, cư xá",,,5,,,,,
2025-10-04T12:23:14.446745,Cập nhật 8 ngày trước,"6,7 tỷ",,52 m²,"128,85 triệu/m²",Đã có sổ,,4 m,,,13 m,"Nhà ngõ, hẻm",6 phòng,4 phòng,,,52 m²,,,,,,,,,,
2025-10-04T12:23:11.719366,Cập nhật 8 ngày trước,"10,3 tỷ",,53 m²,"194,34 triệu/m²",Đã có sổ,,4 m,,Đông Nam,14 m,"Nhà ngõ, hẻm",2 phòng,2 phòng,,2,53 m²,,,,,,,,,,
2025-10-04T12:23:14.281617,Cập nhật 5 ngày trước,"15,8 tỷ",,67 m²,"235,82 triệu/m²",Đã có sổ,,5 m,,,,"Nhà mặt phố, mặt tiền",6 phòng,5 phòng,Nội thất đầy đủ,5,350 m²,,,,,,,,,,
2025-10-04T12:23:13.049706,Cập nhật 8 ngày trước,"5,2 tỷ",,32 m²,"162,50 triệu/m²",Đã có sổ,,,,,,"Nhà ngõ, hẻm",3 phòng,4 phòng,Nội thất đầy đủ,4,180 m²,,,,,,,,,,
2025-10-04T12:23:28.884139,Cập nhật 8 ngày trước,"10,5 tỷ",,30 m²,350 triệu/m²,Đã có sổ,,,,,,"Nhà ngõ, hẻm",4 phòng,,,,,,,,,,,,,,
2025-10-04T12:23:28.573060,Cập nhật 8 ngày trước,"14,7 tỷ",,47 m²,"312,77 triệu/m²",Đã có sổ,Hẻm xe hơi,,,,,"Nhà ngõ, hẻm",3 phòng,,,,,,,,,,,,,,
2025-10-04T12:23:30.108101,Cập nhật 9 ngày trước,"7,35 tỷ",,38 m²,"193,42 triệu/m²",Đã có sổ,,4 m,,,,"Nhà ngõ, hẻm",3 phòng,,,,,,,,,,,,,,
2025-10-04T12:23:30.040954,Cập nhật 7 ngày trước,900 triệu,,48 m²,"18,75 triệu/m²",Sổ hồng riêng,,,,,,,1 phòng,1 phòng,Nội thất cao cấp,,,Đã bàn giao,"Căn hộ dịch vụ, mini",,,,,,,,
2025-10-04T12:23:39.735446,Cập nhật 10 ngày trước,13 tỷ,,50 m²,260 triệu/m²,Đã có sổ,,,,,,"Nhà mặt phố, mặt tiền",5 phòng,3 phòng,Nội thất đầy đủ,5,50 m²,,,,,,,,,,
2025-10-04T12:23:41.333412,Cập nhật 1 ngày trước,"3,39 tỷ",Đất thổ cư,73.5 m²,"46,12 triệu/m²",Đã có sổ,"Mặt tiền
Nở hậu
Thổ cư toàn bộ",6 m,m²,,14 m,,,,,,,,,Bìa giáp KCN Nội Bài,,,,,,,
2025-10-04T12:23:43.443101,Cập nhật 9 ngày trước,"1,38 tỷ",Đất thổ cư,40 m²,"34,50 triệu/m²",Đã có sổ,,5 m,m²,,8 m,,,,,,,,,,,,,,,,
2025-10-04T12:23:43.645483,Cập nhật 10 ngày trước,6 tỷ,,46 m²,"130,43 triệu/m²",Đã có sổ,,,,,,"Nhà ngõ, hẻm",5 phòng,4 phòng,Hoàn thiện cơ bản,5,,,,,,,,,,,
2025-10-04T12:23:44.660155,Cập nhật 9 ngày trước,"6,3 tỷ",,27 m²,"233,33 triệu/m²",Đã có sổ,,,,,,"Nhà ngõ, hẻm",3 phòng,,Nội thất đầy đủ,4,,,,,,,,,,,
2025-10-04T12:23:53.045017,Cập nhật 8 ngày trước,"4,65 tỷ",,23 m²,"202,17 triệu/m²",Đã có sổ,"Hẻm xe hơi
Nhà nở hậu",3.3 m,,Đông Nam,8 m,"Nhà ngõ, hẻm",3 phòng,4 phòng,Nội thất đầy đủ,5,23 m²,,,02,,,,,,,
2025-10-04T12:23:54.477282,Cập nhật 2 ngày trước,"8,36 tỷ",,45 m²,"185,78 triệu/m²",Đã có sổ,"Hẻm xe hơi
Nhà nở hậu",4 m,,,,"Nhà ngõ, hẻm",4 phòng,5 phòng,Nội thất đầy đủ,5,,,,,,,,,,,
2025-10-04T12:23:57.879847,Cập nhật 9 ngày trước,"7,5 tỷ",,46 m²,"163,04 triệu/m²",Đã có sổ,,,,,,"Nhà mặt phố, mặt tiền",4 phòng,,,,,,,,,,,,,,
2025-10-04T12:23:58.773487,Cập nhật 9 ngày trước,17 tỷ,,91 m²,"186,81 triệu/m²",Đã có sổ,,5 m,,Đông Nam,20 m,"Nhà ngõ, hẻm",5 phòng,,Nội thất đầy đủ,5,91 m²,,,,,,,,,,
2025-10-04T12:24:08.369358,Cập nhật 9 ngày trước,"8,6 tỷ",,46 m²,"186,96 triệu/m²",Đã có sổ,,,,,,"Nhà ngõ, hẻm",4 phòng,3 phòng,,,,,,,,,,,,,
2025-10-04T12:24:07.954486,Cập nhật 9 ngày trước,"13,5 tỷ",,58 m²,"232,76 triệu/m²",Đã có sổ,Hẻm xe hơi,6 m,,,,"Nhà mặt phố, mặt tiền",4 phòng,3 phòng,Nội thất cao cấp,65,,,,,,,,,,,
2025-10-04T12:24:12.306746,Cập nhật 10 ngày trước,13 tỷ,,66 m²,"196,97 triệu/m²",Đã có sổ,Hiện trạng khác,6.5 m,,Nam,,"Nhà ngõ, hẻm",3 phòng,2 phòng,,3,66 m²,,,,,,,,,,
2025-10-04T12:24:14.699571,Cập nhật 1 ngày trước,"6,6 tỷ",,60 m²,110 triệu/m²,Đã có sổ,,4 m,,,,"Nhà ngõ, hẻm",4 phòng,,,,,,,,,,,,,,
2025-10-04T12:24:21.165337,Cập nhật 7 ngày trước,"8,56 tỷ",,44 m²,"194,55 triệu/m²",Đã có sổ,,3.7 m,,,,"Nhà ngõ, hẻm",3 phòng,4 phòng,Nội thất đầy đủ,5,44 m²,,,,,,,,,,
2025-10-04T12:24:23.692981,Cập nhật 10 ngày trước,"7,45 tỷ",,37 m²,"201,35 triệu/m²",Đã có sổ,Hẻm xe hơi,5.4 m,,,7 m,"Nhà mặt phố, mặt tiền",2 phòng,,,,37 m²,,,,,,,,,,
2025-10-04T12:24:23.113406,Cập nhật 9 ngày trước,"9,5 tỷ",,40 m²,"237,50 triệu/m²",Đã có sổ,,,,,,"Nhà ngõ, hẻm",4 phòng,,Nội thất đầy đủ,5,,,,,,,,,,,
2025-10-04T12:24:37.805418,Cập nhật 10 ngày trước,"7,6 tỷ",,90 m²,"84,44 triệu/m²",Sổ hồng riêng,,,,,,,3 phòng,2 phòng,Nội thất cao cấp,,,Đã bàn giao,Chung cư,,,,Căn góc,,,,
2025-10-04T12:24:36.847942,Cập nhật 7 ngày trước,5 tỷ,Đất thổ cư,70 m²,"71,43 triệu/m²",Đã có sổ,"Thổ cư toàn bộ
Hẻm xe hơi",,m²,,,,,,,,,,,,,,,,,,
2025-10-04T12:24:37.518692,Cập nhật 8 ngày trước,"25,6 tỷ",,90 m²,"284,44 triệu/m²",Đã có sổ,,5 m,,,17 m,"Nhà ngõ, hẻm",4 phòng,4 phòng,,4,90 m²,,,,,,,,,,
2025-10-04T12:24:37.727985,Cập nhật 9 ngày trước,40 tỷ,,100 m²,400 triệu/m²,Đã có sổ,,5.5 m,,,,"Nhà mặt phố, mặt tiền",9 phòng,Nhiều hơn 6 phòng,Nội thất đầy đủ,9,900 m²,,,,,,,,,,
2025-10-04T12:24:39.972721,Cập nhật 8 ngày trước,27 tỷ,,90 m²,300 triệu/m²,Đã có sổ,,6 m,,,15 m,"Nhà mặt phố, mặt tiền",5 phòng,4 phòng,,,90 m²,,,,,,,,,,
2025-10-04T12:24:48.993121,Cập nhật 8 ngày trước,"5,1 tỷ",,52 m²,"98,08 triệu/m²",Đã có sổ,,8 m,,,,"Nhà ngõ, hẻm",3 phòng,,Nội thất đầy đủ,4,52 m²,,,,,,,,,,
2025-10-04T12:24:49.056146,Cập nhật 9 ngày trước,"2,2 tỷ",Đất thổ cư,76 m²,"28,95 triệu/m²",Đã có sổ,Thổ cư toàn bộ,6.61 m,m²,,11.5 m,,,,,,,,,,,,,,,,
2025-10-04T12:24:50.266878,Cập nhật 6 ngày trước,5 tỷ,Đất thổ cư,49 m²,"102,04 triệu/m²",Đã có sổ,,4.7 m,m²,,,,,,,,,,,,,,,,,,
2025-10-04T12:24:50.794435,Cập nhật 8 ngày trước,"8,2 tỷ",,45 m²,"182,22 triệu/m²",Đã có sổ,Nhà nở hậu,,,,,"Nhà ngõ, hẻm",3 phòng,4 phòng,Nội thất đầy đủ,5,,,,,,,,,,,
2025-10-04T12:24:54.260836,Cập nhật 2 giờ trước,6 tỷ,,35 m²,"171,43 triệu/m²",Đã có sổ,,4 m,,,,"Nhà ngõ, hẻm",3 phòng,,,6,35 m²,,,,,,,,,,
2025-10-04T12:24:58.503680,Cập nhật 10 ngày trước,"7,68 tỷ",,36 m²,"213,33 triệu/m²",Đã có sổ,,,,,,"Nhà ngõ, hẻm",7 phòng,4 phòng,,5,,,,,,,,,,,
2025-10-04T12:25:00.740543,Cập nhật 6 ngày trước,350 tỷ,,535 m²,"654,21 triệu/m²",Đã có sổ,,20 m,,Tây Nam,27 m,"Nhà mặt phố, mặt tiền",nhiều hơn 10 phòng,Nhiều hơn 6 phòng,,,1600 m²,,,,,,,1,143,,
2025-10-04T12:25:04.166630,Cập nhật 1 ngày trước,"22,5 tỷ",,80 m²,"281,25 triệu/m²",Đã có sổ,Hẻm xe hơi,6 m,,,,"Nhà ngõ, hẻm",3 phòng,3 phòng,Nội thất đầy đủ,4,,,,,,,,,,,
2025-10-04T12:25:07.528999,Cập nhật 8 ngày trước,"5,7 tỷ",Đất thổ cư,90 m²,"63,33 triệu/m²",Đã có sổ,Mặt tiền Hẻm xe hơi Thổ cư toàn bộ,4.5 m,m²,Đông Nam,20 m,,,,,,,,,,,,,,,,
2025-10-04T12:25:08.236617,Cập nhật 8 ngày trước,"14,2 tỷ",,56 m²,"253,57 triệu/m²",Đã có sổ,,,,,,"Nhà ngõ, hẻm",nhiều hơn 10 phòng,,Nội thất đầy đủ,,,,,,,,,,,,
2025-10-04T12:25:10.119923,Cập nhật 8 ngày trước,"8,1 tỷ",,42 m²,"192,86 triệu/m²",Đã có sổ,,,,,,"Nhà mặt phố, mặt tiền",4 phòng,,,,,,,,,,,,,,
2025-10-04T12:25:09.856724,Cập nhật 1 ngày trước,"4,88 tỷ",,22 m²,"221,82 triệu/m²",Đã có sổ,Hẻm xe hơi Nhà nở hậu,4 m,,Tây Bắc,6 m,"Nhà ngõ, hẻm",3 phòng,3 phòng,Nội thất đầy đủ,5,22 m²,,,09,,,,,,,
2025-10-04T12:25:16.799728,Cập nhật 8 ngày trước,"8,8 tỷ",,40 m²,220 triệu/m²,Đã có sổ,,,,,,"Nhà ngõ, hẻm",3 phòng,,,5,,,,,,,,,,,
2025-10-04T12:25:16.851812,Cập nhật 9 ngày trước,"4,15 tỷ",Đất thổ cư,50 m²,83 triệu/m²,Đã có sổ,Hẻm xe hơi,5 m,,,10 m,,,,,,,,,,,,,,,,
2025-10-04T12:25:20.370953,Cập nhật 9 ngày trước,"6,39 tỷ",,44 m²,"145,23 triệu/m²",Đã có sổ,Hẻm xe hơi Nhà nở hậu,,,,,"Nhà ngõ, hẻm",4 phòng,2 phòng,,,150 m²,,,,,,,,,,
2025-10-04T12:25:26.083860,Cập nhật 9 ngày trước,"16,86 tỷ",,50 m²,"337,20 triệu/m²",Đã có sổ,,,,,,"Nhà ngõ, hẻm",nhiều hơn 10 phòng,,,,,,,,,,,,,,
2025-10-04T12:25:26.350624,Cập nhật 8 ngày trước,"7,35 tỷ",,32 m²,"229,69 triệu/m²",Đã có sổ,,4 m,,,8 m,"Nhà ngõ, hẻm",3 phòng,4 phòng,Nội thất cao cấp,5,35 m²,,,,,,,,,,
2025-10-04T12:25:30.467866,Cập nhật 2 ngày trước,"6,6 tỷ",,30 m²,220 triệu/m²,Đã có sổ,,,,,,"Nhà ngõ, hẻm",3 phòng,,,,,,,,,,,,,,
2025-10-04T12:25:30.587236,Cập nhật 7 ngày trước,"5,6 tỷ",,36 m²,"155,56 triệu/m²",Đã có sổ,,,,,,"Nhà ngõ, hẻm",3 phòng,3 phòng,,4,,,,,,,,,,,
2025-10-04T12:25:33.979930,Cập nhật 9 ngày trước,"4,8 tỷ",Đất thổ cư,97 m²,"49,48 triệu/m²",Đã có sổ,Mặt tiền Hẻm xe hơi Thổ cư toàn bộ,5 m,m²,,19 m,,,,,,,,,,,,,,,,
2025-10-04T12:25:36.530197,Cập nhật 8 ngày trước,14 tỷ,,75 m²,"186,67 triệu/m²",Đã có sổ,Hẻm xe hơi Nhà nở hậu Hiện trạng khác,5 m,,Đông Bắc,15 m,"Nhà mặt phố, mặt tiền",3 phòng,,,2,75 m²,,,,,,,,,123a,
2025-10-04T12:25:37.407670,Cập nhật 7 ngày trước,10 tỷ,,38 m²,"263,16 triệu/m²",Đã có sổ,Hẻm xe hơi,,,,,"Nhà mặt phố, mặt tiền",3 phòng,,Nội thất đầy đủ,,38 m²,,,,,,,,,,
2025-10-04T12:25:40.003737,Cập nhật 9 ngày trước,"5,7 tỷ",Đất thổ cư,90 m²,"63,33 triệu/m²",Đã có sổ,Mặt tiền,5 m,m²,Nam,18 m,,,,,,,,,,,,,,,,
2025-10-04T12:25:40.223832,Cập nhật 18 giờ trước,"5,9 tỷ",Đất thổ cư,43 m²,"137,21 triệu/m²",Đã có sổ,,3.4 m,m²,Đông Nam,12.6 m,,,,,,,,,,,,,,,,
2025-10-04T12:25:43.557953,Cập nhật 4 ngày trước,"25,7 tỷ",,89 m²,"288,76 triệu/m²",Đã có sổ,,,,,,"Nhà mặt phố, mặt tiền",6 phòng,4 phòng,,5,89 m²,,,,,,,,,,
2025-10-04T12:25:46.559386,Cập nhật 9 ngày trước,"13,5 tỷ",,50 m²,270 triệu/m²,Đã có sổ,,,,,,"Nhà ngõ, hẻm",4 phòng,4 phòng,Nội thất đầy đủ,4,50 m²,,,,,,,,,,
2025-10-04T12:25:50.616091,Cập nhật 9 ngày trước,13 tỷ,,50 m²,260 triệu/m²,Đã có sổ,Hẻm xe hơi,5 m,,,10 m,"Nhà mặt phố, mặt tiền",5 phòng,5 phòng,Nội thất đầy đủ,5,50 m²,,,,,,,,,,
2025-10-04T12:25:52.138684,Cập nhật 9 ngày trước,"4,3 tỷ",Đất thổ cư,54 m²,"79,63 triệu/m²",Đã có sổ,,,,,,,,,,,,,,,,,,,,,
2025-10-04T12:25:53.190576,Cập nhật 3 ngày trước,"1,75 tỷ",Đất thổ cư,130 m²,"13,46 triệu/m²",Đang chờ sổ,Mặt tiền,8 m,m²,,,,,,,,,,,,,,,,,,
2025-10-04T12:25:57.603455,Cập nhật 7 ngày trước,"7,567 tỷ",,40 m²,"189,18 triệu/m²",Đã có sổ,,,,,,"Nhà ngõ, hẻm",7 phòng,4 phòng,Nội thất đầy đủ,5,40 m²,,,,,,,,,,
2025-10-04T12:26:01.160026,Cập nhật 9 ngày trước,"4,5 tỷ",,31 m²,"145,16 triệu/m²",Đã có sổ,,,,,,"Nhà ngõ, hẻm",3 phòng,,,,,,,,,,,,,,
2025-10-04T12:26:01.497074,Cập nhật 10 ngày trước,"2,73 tỷ",Đất thổ cư,52 m²,"52,50 triệu/m²",Đã có sổ,,4 m,m²,,13 m,,,,,,,,,,,,,,,,
2025-10-04T12:26:02.404894,Cập nhật 10 ngày trước,"10,9 tỷ",,40 m²,"272,50 triệu/m²",Đã có sổ,Hiện trạng khác,6 m,,,,"Nhà ngõ, hẻm",9 phòng,Nhiều hơn 6 phòng,Nội thất đầy đủ,6,240 m²,,,,,,,,,,
2025-10-04T12:26:05.135624,Cập nhật 9 ngày trước,"13,5 tỷ",,42 m²,"321,43 triệu/m²",Đã có sổ,Hẻm xe hơi,3.5 m,,,12 m,"Nhà ngõ, hẻm",3 phòng,4 phòng,Nội thất đầy đủ,5,42 m²,,,,,,,,,,
2025-10-04T12:26:08.777548,Cập nhật 9 ngày trước,"14,45 tỷ",,55 m²,"262,73 triệu/m²",Đã có sổ,Hẻm xe hơi,4 m,,,13 m,"Nhà ngõ, hẻm",nhiều hơn 10 phòng,Nhiều hơn 6 phòng,Nội thất đầy đủ,7,400 m²,,,,,,,,,,
2025-10-04T12:26:10.478414,Cập nhật 8 ngày trước,"19,3 tỷ",,69 m²,"279,71 triệu/m²",Đã có sổ,,5 m,,,,"Nhà ngõ, hẻm",6 phòng,3 phòng,,5,69 m²,,,,,,,,,,
2025-10-04T12:26:11.602695,Cập nhật 8 ngày trước,"11,9 tỷ",Đất thổ cư,70 m²,170 triệu/m²,Đã có sổ,,4 m,,,17 m,,,,,,,,,,,,,,,,
2025-10-04T12:26:12.182672,Cập nhật 3 ngày trước,"5,7 tỷ",Đất thổ cư,38 m²,150 triệu/m²,Đã có sổ,,4 m,,,,,,,,,,,,,,,,,,,
2025-10-04T12:26:15.366492,Cập nhật 9 ngày trước,"9,7 tỷ",,77 m²,"125,97 triệu/m²",Đã có sổ,Hẻm xe hơi,4 m,,,,"Nhà ngõ, hẻm",4 phòng,4 phòng,Nội thất đầy đủ,2,210 m²,,,,,,,,,,
2025-10-04T12:26:20.071778,Cập nhật 10 ngày trước,"17,5 tỷ",,61 m²,"286,89 triệu/m²",Đã có sổ,Hẻm xe hơi,,,,,"Nhà ngõ, hẻm",4 phòng,4 phòng,Nội thất cao cấp,5,,,,,,,,,,,
2025-10-04T12:26:21.844979,Cập nhật 9 ngày trước,"7,1 tỷ",,38 m²,"186,84 triệu/m²",Đã có sổ,,,,,,"Nhà ngõ, hẻm",3 phòng,,,,,,,,,,,,,,
2025-10-04T12:26:21.697066,Cập nhật 9 ngày trước,"36,5 tỷ",,50 m²,730 triệu/m²,Đã có sổ,Nhà nở hậu,,,,,"Nhà mặt phố, mặt tiền",8 phòng,,,,50 m²,,,,,,,,,,
2025-10-04T12:26:24.826874,Cập nhật 9 ngày trước,"7,49 tỷ",,45 m²,"166,44 triệu/m²",Đã có sổ,,,,,,"Nhà ngõ, hẻm",4 phòng,,,,,,,,,,,,,,
2025-10-04T12:26:27.706453,Cập nhật 7 ngày trước,5 tỷ,Đất thổ cư,60 m²,"83,33 triệu/m²",Đã có sổ,Mặt tiền Hẻm xe hơi Thổ cư toàn bộ,,m²,,,,,,,,,,,,,,,,,,
2025-10-04T12:26:29.375702,Cập nhật 5 ngày trước,9 tỷ,,44 m²,"204,55 triệu/m²",Đã có sổ,,,,,,"Nhà ngõ, hẻm",8 phòng,Nhiều hơn 6 phòng,,5,,,,,,,,,,,
2025-10-04T12:26:31.670514,Cập nhật 8 ngày trước,"16,9 tỷ",,48 m²,"352,08 triệu/m²",Đã có sổ,,,,,,"Nhà ngõ, hẻm",4 phòng,,,5,,,,,,,,,,,
2025-10-04T12:26:31.448429,Cập nhật 7 ngày trước,"26,5 tỷ",,70 m²,"378,57 triệu/m²",Đã có sổ,Hẻm xe hơi,6.3 m,,,10.3 m,"Nhà mặt phố, mặt tiền",4 phòng,5 phòng,Nội thất cao cấp,4,75 m²,,,,,,,,,,
2025-10-04T12:26:33.822935,Cập nhật 8 ngày trước,"8,4 tỷ",,46 m²,"182,61 triệu/m²",Đã có sổ,,,,,,"Nhà ngõ, hẻm",4 phòng,,Nội thất cao cấp,,,,,,,,,,,,
2025-10-04T12:26:37.522991,Cập nhật 10 ngày trước,64 tỷ,,170 m²,"376,47 triệu/m²",Đã có sổ,,10 m,,,,"Nhà mặt phố, mặt tiền",nhiều hơn 10 phòng,Nhiều hơn 6 phòng,Nội thất đầy đủ,2,280 m²,,,,,,,,,,
2025-10-04T12:26:38.746626,Cập nhật 8 ngày trước,8 tỷ,Đất thổ cư,70 m²,"114,29 triệu/m²",Đã có sổ,Mặt tiền Hẻm xe hơi Thổ cư toàn bộ,6 m,,Đông Nam,12 m,,,,,,,,,,,,,,,,
2025-10-04T12:26:41.500791,Cập nhật 7 ngày trước,"7,5 tỷ",,36 m²,"208,33 triệu/m²",Đã có sổ,Nhà nở hậu,4 m,,,,"Nhà ngõ, hẻm",5 phòng,4 phòng,Nội thất cao cấp,5,,,,,,,,,,,
2025-10-04T12:26:41.499791,Cập nhật 8 ngày trước,"8,95 tỷ",,47 m²,"190,43 triệu/m²",Đã có sổ,Hẻm xe hơi Nhà nở hậu,,,,,"Nhà ngõ, hẻm",4 phòng,,Nội thất cao cấp,5,,,,,,,,,,,
2025-10-04T12:26:42.766663,Cập nhật 9 ngày trước,"7,2 tỷ",,44 m²,"163,64 triệu/m²",Đã có sổ,,,,,,"Nhà ngõ, hẻm",4 phòng,,,,,,,,,,,,,,
2025-10-04T12:26:47.012011,Cập nhật 7 ngày trước,"5,25 tỷ",,39 m²,"134,62 triệu/m²",Đã có sổ,,,,,,"Nhà ngõ, hẻm",2 phòng,,Nội thất đầy đủ,,,,,,,,,,,,
2025-10-04T12:26:47.786812,Cập nhật 8 ngày trước,"6,3 tỷ",,33 m²,"190,91 triệu/m²",Đã có sổ,Nhà nở hậu,6.2 m,,,,"Nhà ngõ, hẻm",3 phòng,4 phòng,Nội thất đầy đủ,4,33 m²,,,,,,,,,22,
2025-10-04T12:26:51.141968,Cập nhật 8 ngày trước,"3,05 tỷ",Đất thổ cư,43 m²,"70,93 triệu/m²",Đã có sổ,,,m²,,,,,,,,,,,,,,,,,,
2025-10-04T12:26:51.286598,Cập nhật 9 ngày trước,"10,5 tỷ",,42 m²,250 triệu/m²,Đã có sổ,Nhà nở hậu,4 m,,Tây Nam,12 m,"Nhà ngõ, hẻm",4 phòng,5 phòng,Nội thất đầy đủ,5,42 m²,,,,,,,,,,
2025-10-04T12:26:51.955725,Cập nhật 8 ngày trước,"16,9 tỷ",,50 m²,338 triệu/m²,Đã có sổ,,,,,,"Nhà ngõ, hẻm",5 phòng,4 phòng,,5,,,,,,,,,,,
2025-10-04T12:26:57.386981,Cập nhật 9 ngày trước,13 tỷ,,40 m²,325 triệu/m²,Đã có sổ,Hẻm xe hơi Nhà nở hậu,3.5 m,,Đông Bắc,11 m,"Nhà ngõ, hẻm",5 phòng,5 phòng,Nội thất cao cấp,7,,,,,,,,,,,
2025-10-04T12:27:02.004708,Cập nhật 7 ngày trước,"1,5 tỷ",Đất thổ cư,100 m²,15 triệu/m²,Đã có sổ,Mặt tiền,5 m,m²,,20 m,,,,,,,,,,,,,,,,
2025-10-04T12:27:02.267747,Cập nhật 9 ngày trước,"10,41 tỷ",,40 m²,"260,25 triệu/m²",Đã có sổ,Nhà nở hậu,4.2 m,,,,"Nhà ngõ, hẻm",6 phòng,5 phòng,Nội thất đầy đủ,6,,,,,,,,,,,
2025-10-04T12:27:02.378197,Cập nhật 7 ngày trước,"7,5 tỷ",,45 m²,"166,67 triệu/m²",Đã có sổ,,,,,,"Nhà ngõ, hẻm",4 phòng,,,4,,,,,,,,,,,
2025-10-04T12:27:06.734276,Cập nhật 8 ngày trước,"8,6 tỷ",,36 m²,"238,89 triệu/m²",Đã có sổ,,3.5 m,,Nam,10.2 m,"Nhà ngõ, hẻm",4 phòng,4 phòng,Nội thất đầy đủ,4,36 m²,,,,,,,,,,
2025-10-04T12:27:10.960791,Cập nhật 9 ngày trước,"4,45 tỷ",,34 m²,"130,88 triệu/m²",Sổ hồng riêng,,,,,,,2 phòng,2 phòng,Nội thất cao cấp,,,Đã bàn giao,"Tập thể, cư xá",,,,,,,,
2025-10-04T12:27:12.210845,Cập nhật 9 ngày trước,"5,4 tỷ",,48 m²,"112,50 triệu/m²",Đã có sổ,Nhà nở hậu,,,,,"Nhà ngõ, hẻm",3 phòng,,,,,,,,,,,,,,
2025-10-04T12:27:11.597743,Cập nhật 4 ngày trước,"15,5 tỷ",,60 m²,"258,33 triệu/m²",Đã có sổ,Hẻm xe hơi Nhà nở hậu,,,,,"Nhà ngõ, hẻm",nhiều hơn 10 phòng,Nhiều hơn 6 phòng,Nội thất đầy đủ,,,,,,,,,,,,
2025-10-04T12:27:14.519987,Cập nhật 8 ngày trước,"10,5 tỷ",,66 m²,"159,09 triệu/m²",Đã có sổ,Hẻm xe hơi Nhà nở hậu,4.4 m,,,,"Nhà ngõ, hẻm",4 phòng,4 phòng,Hoàn thiện cơ bản,4,66 m²,,,,,,,,,,
2025-10-04T12:27:20.697892,Cập nhật 8 ngày trước,12 tỷ,Đất thổ cư,55 m²,"218,18 triệu/m²",Đã có sổ,Mặt tiền Nở hậu Thổ cư toàn bộ,,,,,,,,,,,,,,,,,,,,
2025-10-04T12:27:21.375713,Cập nhật 8 ngày trước,5 tỷ,,50 m²,100 triệu/m²,Đã có sổ,,,,,,"Nhà ngõ, hẻm",2 phòng,3 phòng,Nội thất đầy đủ,3,,,,,,,,,,,
2025-10-04T12:27:22.531746,Cập nhật 9 ngày trước,"8,95 tỷ",,44 m²,"203,41 triệu/m²",Đã có sổ,Nhà nở hậu,,,,,"Nhà ngõ, hẻm",3 phòng,4 phòng,Nội thất đầy đủ,5,44 m²,,,,,,,,,,
2025-10-04T12:27:24.688209,Cập nhật 8 ngày trước,"16,5 tỷ",Đất thổ cư,50 m²,330 triệu/m²,Đã có sổ,,,m²,,,,,,,,,,,,,,,,,,
2025-10-04T12:27:25.325228,Cập nhật 9 ngày trước,"12,1 tỷ",,46 m²,"263,04 triệu/m²",Đã có sổ,,,,,,"Nhà ngõ, hẻm",4 phòng,,Nội thất đầy đủ,4,,,,,,,,,,,
2025-10-04T12:27:29.691806,Cập nhật 9 ngày trước,"7,9 tỷ",,36 m²,"219,44 triệu/m²",Đã có sổ,,,,,,"Nhà ngõ, hẻm",4 phòng,4 phòng,,4,35 m²,,,,,,,,,,
2025-10-04T12:27:30.563574,Cập nhật 10 ngày trước,"12,4 tỷ",Đất thổ cư,90 m²,"137,78 triệu/m²",Đã có sổ,,,m²,,,,,,,,,,,,,,,,,,
2025-10-04T12:27:31.984908,Cập nhật 10 ngày trước,"6,3 tỷ",,45 m²,140 triệu/m²,Đã có sổ,,,,,,"Nhà mặt phố, mặt tiền",2 phòng,2 phòng,,,,,,,,,,,,,
2025-10-04T12:27:34.220023,Cập nhật 7 ngày trước,"6,8 tỷ",Đất thổ cư,61.8 m²,"110,03 triệu/m²",Đã có sổ,Hẻm xe hơi,4.1 m,,Đông Nam,14.8 m,,,,,,,,,,,,,,,,
2025-10-04T12:27:34.399744,Cập nhật 7 ngày trước,"9,95 tỷ",,45 m²,"221,11 triệu/m²",Đã có sổ,Hẻm xe hơi Nhà nở hậu,5 m,,,,"Nhà ngõ, hẻm",4 phòng,5 phòng,Nội thất cao cấp,6,50 m²,,,,,,,,,,
2025-10-04T12:27:39.518797,Cập nhật 9 ngày trước,"4,5 tỷ",,75 m²,60 triệu/m²,Sổ hồng riêng,,,,,,,2 phòng,,,,,Chưa bàn giao,Chung cư,,,,,,,,
2025-10-04T12:27:39.676348,Cập nhật 8 ngày trước,"4,15 tỷ",,40 m²,"103,75 triệu/m²",Đã có sổ,Hẻm xe hơi,,,,,"Nhà ngõ, hẻm",3 phòng,3 phòng,Nội thất đầy đủ,,,,,,,,,,,,
2025-10-04T12:27:40.811574,Cập nhật 10 ngày trước,"18,5 tỷ",,72 m²,"256,94 triệu/m²",Đã có sổ,Hẻm xe hơi,6 m,,,14.5 m,"Nhà ngõ, hẻm",4 phòng,3 phòng,,4,72 m²,,,,,,,,,,
2025-10-04T12:27:43.906722,Cập nhật 7 ngày trước,"13,5 tỷ",,50 m²,270 triệu/m²,Đã có sổ,Hẻm xe hơi,4.3 m,,,12 m,"Nhà ngõ, hẻm",nhiều hơn 10 phòng,Nhiều hơn 6 phòng,Nội thất cao cấp,7,55 m²,,,,,,,,,,
2025-10-04T12:27:46.188507,Cập nhật 8 ngày trước,"20,89 tỷ",,55 m²,"379,82 triệu/m²",Đã có sổ,,4 m,,,,Nhà phố liền kề,4 phòng,5 phòng,Nội thất đầy đủ,5,60 m²,,,,,,,,,,
2025-10-04T12:27:48.880229,Cập nhật 8 ngày trước,"8,5 tỷ",,47 m²,"180,85 triệu/m²",Đã có sổ,,,,,,"Nhà ngõ, hẻm",4 phòng,,Nội thất cao cấp,,,,,,,,,,,,
2025-10-04T12:27:53.950124,Cập nhật 7 ngày trước,"9,2 tỷ",,39 m²,"235,90 triệu/m²",Đã có sổ,,,,,,"Nhà ngõ, hẻm",3 phòng,,Nội thất cao cấp,5,,,,,,,,,,,
2025-10-04T12:27:55.807444,Cập nhật 9 ngày trước,"8,1 tỷ",,42 m²,"192,86 triệu/m²",Đã có sổ,,,,,,"Nhà ngõ, hẻm",5 phòng,,,,,,,,,,,,,,
2025-10-04T12:28:00.770589,Cập nhật 5 ngày trước,9 tỷ,,60 m²,150 triệu/m²,Đã có sổ,Hẻm xe hơi Nhà nở hậu,6 m,,Nam,10 m,"Nhà mặt phố, mặt tiền",8 phòng,5 phòng,,4,300 m²,,,,,,,,,,
2025-10-04T12:27:59.893604,Cập nhật 8 ngày trước,"11,9 tỷ",,44 m²,"270,45 triệu/m²",Đã có sổ,,4.5 m,,,9.8 m,"Nhà ngõ, hẻm",3 phòng,6 phòng,Nội thất đầy đủ,6,44 m²,,,,,,,,,,
2025-10-04T12:28:03.374721,Cập nhật 9 ngày trước,"5,7 tỷ",,32.6 m²,"174,85 triệu/m²",Đã có sổ,,,,,,"Nhà ngõ, hẻm",3 phòng,,,,,,,,,,,,,,
2025-10-04T12:28:06.256407,Cập nhật 10 ngày trước,"3,9 tỷ",,81 m²,"48,15 triệu/m²",Sổ hồng riêng,,,,,,,2 phòng,,,,,Đã bàn giao,"Tập thể, cư xá",,,,,,,,
2025-10-04T12:28:10.710398,Cập nhật 5 ngày trước,7 tỷ,,38 m²,"184,21 triệu/m²",Đã có sổ,Nhà nở hậu,,,,,"Nhà mặt phố, mặt tiền",4 phòng,6 phòng,,5,40 m²,,,,,,,,,,
2025-10-04T12:28:11.259361,Cập nhật 10 ngày trước,"5,1 tỷ",,32 m²,"159,38 triệu/m²",Đã có sổ,,,,,,"Nhà ngõ, hẻm",3 phòng,,,,,,,,,,,,,,
2025-10-04T12:28:13.429175,Cập nhật 2 ngày trước,"3,599 tỷ",Đất thổ cư,72 m²,50 triệu/m²,Đã có sổ,Mặt tiền Hẻm xe hơi Thổ cư toàn bộ,4 m,m²,,18 m,,,,,,,,,Cạnh tái định cư Hồng Vân,,,,,,,
2025-10-04T12:28:14.723229,Cập nhật 9 ngày trước,"3,9 tỷ",Đất thổ cư,45.8 m²,"85,15 triệu/m²",Đã có sổ,Hẻm xe hơi Nở hậu,4 m,m²,Tây Nam,11.48 m,,,,,,,,,,,,,,,,
2025-10-04T12:28:16.986961,Cập nhật 9 ngày trước,"7,2 tỷ",,45 m²,160 triệu/m²,Đã có sổ,,,,,,"Nhà ngõ, hẻm",4 phòng,,,5,,,,,,,,,,,
2025-10-04T12:28:19.330912,Cập nhật 9 ngày trước,"10,5 tỷ",,21 m²,500 triệu/m²,Đã có sổ,Hẻm xe hơi Nhà nở hậu,4.5 m,,,,"Nhà mặt phố, mặt tiền",3 phòng,4 phòng,Nội thất đầy đủ,6,,,,,,,,,,,
2025-10-04T12:28:21.937263,Cập nhật 10 ngày trước,6 tỷ,,30 m²,200 triệu/m²,Đã có sổ,Nhà nở hậu,,,,,"Nhà ngõ, hẻm",3 phòng,4 phòng,Nội thất đầy đủ,5,,,,,,,,,,,
2025-10-04T12:28:23.200201,Cập nhật 8 ngày trước,"7,79 tỷ",,30 m²,"259,67 triệu/m²",Đã có sổ,,3.55 m,,,,"Nhà ngõ, hẻm",4 phòng,4 phòng,Nội thất đầy đủ,5,35 m²,,,,,,,,,,
2025-10-04T12:28:26.140081,Cập nhật 8 ngày trước,"6,6 tỷ",,30 m²,220 triệu/m²,Đã có sổ,,,,,,"Nhà ngõ, hẻm",6 phòng,,,,,,,,,,,,,,
2025-10-04T12:28:28.512883,Cập nhật 35 phút trước,56 tỷ,,240 m²,"233,33 triệu/m²",Đã có sổ,,,,,,Nhà biệt thự,8 phòng,6 phòng,Bàn giao thô,,450 m²,,,,,,,,,,
2025-10-04T12:28:31.291837,Cập nhật 7 ngày trước,"4,65 tỷ",,40 m²,"116,25 triệu/m²",Đã có sổ,,,,Đông Nam,,"Nhà ngõ, hẻm",4 phòng,,,,,,,,,,,,,,
2025-10-04T12:28:34.923288,Cập nhật 8 ngày trước,"3,5 tỷ",,16 m²,"218,75 triệu/m²",Sổ hồng riêng,,,,,,,2 phòng,2 phòng,Hoàn thiện cơ bản,,,Chưa bàn giao,"Tập thể, cư xá",,,,,,,,
2025-10-04T12:28:38.776441,Cập nhật 7 ngày trước,"4,68 tỷ",,20 m²,234 triệu/m²,Đã có sổ,,,,,,"Nhà ngõ, hẻm",3 phòng,,Hoàn thiện cơ bản,4,,,,,,,,,,,
2025-10-04T12:28:40.522518,Cập nhật 8 ngày trước,"9,5 tỷ",,59 m²,"161,02 triệu/m²",Đã có sổ,,4 m,,,,"Nhà ngõ, hẻm",4 phòng,4 phòng,Nội thất cao cấp,4,59 m²,,,,,,,,,,
2025-10-04T12:28:44.673886,Cập nhật 8 ngày trước,6 tỷ,,33 m²,"181,82 triệu/m²",Đã có sổ,,,,,,"Nhà ngõ, hẻm",3 phòng,,Nội thất đầy đủ,,,,,,,,,,,,
2025-10-04T12:28:43.841624,Cập nhật 9 ngày trước,"7,125 tỷ",,43 m²,"165,70 triệu/m²",Đã có sổ,Nhà nở hậu Hẻm xe hơi,,,,,"Nhà ngõ, hẻm",4 phòng,,,6,,,,,,,,,,,
2025-10-04T12:28:48.022205,Cập nhật 8 ngày trước,"6,8 tỷ",,42 m²,"161,90 triệu/m²",Đã có sổ,Nhà nở hậu,,,,,"Nhà ngõ, hẻm",3 phòng,4 phòng,Nội thất cao cấp,5,,,,,,,,,,,
2025-10-04T12:28:52.679382,Cập nhật 9 ngày trước,3 tỷ,Đất thổ cư,56 m²,"53,57 triệu/m²",Đã có sổ,Thổ cư toàn bộ Nở hậu,3.8 m,m²,,15 m,,,,,,,,,,,,,,,,
2025-10-04T12:28:54.902713,Cập nhật 9 ngày trước,"5,439 tỷ",Đất thổ cư,85 m²,"63,99 triệu/m²",Đã có sổ,Mặt tiền Hẻm xe hơi Thổ cư toàn bộ,4.5 m,,Nam,16 m,,,,,,,,,,,,,,,,
2025-10-04T12:28:55.460305,Cập nhật 1 ngày trước,"8,95 tỷ",,42 m²,"213,10 triệu/m²",Đã có sổ,Hẻm xe hơi,4 m,,,12.5 m,"Nhà ngõ, hẻm",4 phòng,5 phòng,Nội thất đầy đủ,4,50 m²,,,,,,,,,,
2025-10-04T12:28:58.679949,Cập nhật 8 ngày trước,8 tỷ,,52 m²,"153,85 triệu/m²",Đã có sổ,,,,,,"Nhà ngõ, hẻm",4 phòng,,,,,,,,,,,,,,
2025-10-04T12:28:59.106559,Cập nhật 7 ngày trước,"8,9 tỷ",,30 m²,"296,67 triệu/m²",Đã có sổ,Hẻm xe hơi,3.2 m,,,9 m,"Nhà ngõ, hẻm",3 phòng,3 phòng,Nội thất đầy đủ,5,30 m²,,,,,,,,,,
2025-10-04T12:29:04.252952,Cập nhật 8 ngày trước,"19,5 tỷ",,68 m²,"286,76 triệu/m²",Đã có sổ,,4.6 m,,,14.7 m,"Nhà mặt phố, mặt tiền",4 phòng,4 phòng,Nội thất cao cấp,4,,,,,,,,,,,
2025-10-04T12:29:04.418874,Cập nhật 9 ngày trước,96 tỷ,,245 m²,"391,84 triệu/m²",Đã có sổ,,,,,,,,,Nội thất cao cấp,,,,,,Văn phòng,,,,,,
2025-10-04T12:29:04.442654,Cập nhật 2 giờ trước,17 tỷ,,76 m²,"223,68 triệu/m²",Đã có sổ,,,,,,Nhà phố liền kề,4 phòng,3 phòng,,5,380 m²,,,,,,,,,,
2025-10-04T12:29:08.609993,Cập nhật 10 ngày trước,"16,5 tỷ",,160 m²,"103,12 triệu/m²",Đã có sổ,Hẻm xe hơi,3.6 m,,Tây Nam,44 m,"Nhà ngõ, hẻm",3 phòng,3 phòng,Nội thất đầy đủ,3,160 m²,,,,,,,,,,
2025-10-04T12:29:09.788821,Cập nhật 7 ngày trước,"7,4 tỷ",,110 m²,"67,27 triệu/m²",Sổ hồng riêng,,,,,,,3 phòng,2 phòng,Nội thất đầy đủ,,,Đã bàn giao,Chung cư,,,,,,,,
2025-10-04T12:29:14.028855,Cập nhật 8 ngày trước,"4,15 tỷ",,40 m²,"103,75 triệu/m²",Đã có sổ,,3.5 m,,,12 m,"Nhà ngõ, hẻm",3 phòng,3 phòng,,3,40 m²,,,,,,,,,,
2025-10-04T12:29:14.195049,Cập nhật 8 ngày trước,"5,2 tỷ",,52 m²,100 triệu/m²,Sổ hồng riêng,,,,Đông Nam,,,2 phòng,2 phòng,Hoàn thiện cơ bản,,,Đã bàn giao,Chung cư,,,,,,,,Tây Bắc
2025-10-04T12:29:14.571812,Cập nhật 8 ngày trước,"5,5 tỷ",,30 m²,"183,33 triệu/m²",Đã có sổ,,3.2 m,,,,"Nhà ngõ, hẻm",3 phòng,3 phòng,Nội thất đầy đủ,4,30 m²,,,,,,,,,,
2025-10-04T12:29:19.141540,Cập nhật 10 ngày trước,"5,6 tỷ",,45.4 m²,"123,35 triệu/m²",Đã có sổ,,,,,,"Nhà ngõ, hẻm",3 phòng,,,,,,,,,,,,,,
2025-10-04T12:29:23.372646,Cập nhật 7 ngày trước,"1,79 tỷ",,65 m²,"27,54 triệu/m²",Hợp đồng mua bán,,,,,,,2 phòng,2 phòng,Nội thất cao cấp,,,Đã bàn giao,Chung cư,B,,5,,,,,
2025-10-04T12:29:23.497360,Cập nhật 8 ngày trước,"7,4 tỷ",,45 m²,"164,44 triệu/m²",Đã có sổ,,,,,,"Nhà mặt phố, mặt tiền",4 phòng,,,,,,,,,,,,,,
2025-10-04T12:29:23.973613,Cập nhật 9 ngày trước,"31,76 tỷ",,55 m²,"577,45 triệu/m²",Đã có sổ,Nhà nở hậu,5.3 m,,,,"Nhà mặt phố, mặt tiền",5 phòng,4 phòng,,5,,,,,,,,,,,
2025-10-04T12:29:28.202826,Cập nhật 9 ngày trước,"7,2 tỷ",,51 m²,"141,18 triệu/m²",Đã có sổ,,,,,,"Nhà ngõ, hẻm",3 phòng,,,,,,,,,,,,,,
2025-10-04T12:29:28.417023,Cập nhật 9 ngày trước,"7,7 tỷ",,44 m²,175 triệu/m²,Đã có sổ,,,,,,"Nhà mặt phố, mặt tiền",4 phòng,,,,,,,,,,,,,,
2025-10-04T12:29:32.828782,Cập nhật 9 ngày trước,"3,85 tỷ",Đất thổ cư,45 m²,"85,56 triệu/m²",Đã có sổ,Mặt tiền Thổ cư toàn bộ,4.1 m,m²,Đông Bắc,11 m,,,,,,,,,,,,,,,,
2025-10-04T12:29:33.699564,Cập nhật 9 ngày trước,"6,26 tỷ",,21 m²,"298,10 triệu/m²",Đã có sổ,Hẻm xe hơi,,,,,"Nhà ngõ, hẻm",3 phòng,3 phòng,,,25 m²,,,,,,,,,,
2025-10-04T12:29:33.809106,Cập nhật 9 ngày trước,"3,82 tỷ",,55 m²,"69,45 triệu/m²",Sổ hồng riêng,,,,,,,2 phòng,1 phòng,Nội thất cao cấp,,,Đã bàn giao,Chung cư,S2.05,,20,,,,,Đông Nam
2025-10-04T12:29:37.734598,Cập nhật 9 ngày trước,"1,8 tỷ",Đất thổ cư,150 m²,12 triệu/m²,Đã có sổ,,5 m,,,30 m,,,,,,,,,,,,,,,,
2025-10-04T12:29:37.495401,Cập nhật 9 ngày trước,12 tỷ,,52 m²,"230,77 triệu/m²",Đã có sổ,,,,,,"Nhà ngõ, hẻm",4 phòng,,,,,,,,,,,,,,
2025-10-04T12:29:43.605453,Cập nhật 9 ngày trước,"7,5 tỷ",,36 m²,"208,33 triệu/m²",Đã có sổ,Hẻm xe hơi,42 m,,,,"Nhà ngõ, hẻm",3 phòng,3 phòng,,4,36 m²,,,,,,,,,,
2025-10-04T12:29:43.767074,Cập nhật 9 ngày trước,"6,6 tỷ",,38 m²,"173,68 triệu/m²",Đã có sổ,Hẻm xe hơi,4 m,,,10 m,"Nhà ngõ, hẻm",3 phòng,4 phòng,Nội thất đầy đủ,5,38 m²,,,,,,,,,,
2025-10-04T12:29:48.586476,Cập nhật 9 ngày trước,"3,8 tỷ",,21 m²,"180,95 triệu/m²",Đã có sổ,,,,,,Nhà phố liền kề,3 phòng,,,,,,,,,,,,,,
2025-10-04T12:29:51.087997,Cập nhật 9 ngày trước,"7,345 tỷ",,32 m²,"229,53 triệu/m²",Đã có sổ,,3.7 m,,,,"Nhà ngõ, hẻm",3 phòng,4 phòng,Nội thất đầy đủ,5,32 m²,,,,,,,,,,
2025-10-04T12:29:53.574038,Cập nhật 3 ngày trước,"3,69 tỷ",,15 m²,246 triệu/m²,Đã có sổ,Hẻm xe hơi,5 m,,,,"Nhà ngõ, hẻm",3 phòng,3 phòng,,,18 m²,,,,,,,,,,
2025-10-04T12:29:53.854881,Cập nhật 9 ngày trước,"2,6 tỷ",,30 m²,"86,67 triệu/m²",Sổ chung / công chứng vi bằng,,,,,,"Nhà ngõ, hẻm",2 phòng,2 phòng,,,,,,,,,,,,,
2025-10-04T12:29:58.516245,Cập nhật 9 ngày trước,"7,4 tỷ",Đất thổ cư,87 m²,"85,06 triệu/m²",Đã có sổ,Mặt tiền Thổ cư toàn bộ,6 m,,,,,,,,,,,,,,,,,,,
2025-10-04T12:29:59.986142,Cập nhật 9 ngày trước,"14,5 tỷ",,42 m²,"345,24 triệu/m²",Đã có sổ,Hẻm xe hơi,,,,,Nhà phố liền kề,4 phòng,,,6,,,,,,,,,,,
2025-10-04T12:30:01.215754,Cập nhật 9 ngày trước,21 tỷ,,60 m²,350 triệu/m²,Đã có sổ,Hẻm xe hơi,4.4 m,,,14 m,"Nhà ngõ, hẻm",4 phòng,5 phòng,Nội thất đầy đủ,4,60 m²,,,,,,,,,,
2025-10-04T12:30:03.619287,Cập nhật 9 ngày trước,"6,2 tỷ",,43 m²,"144,19 triệu/m²",Đã có sổ,,,,,,"Nhà ngõ, hẻm",4 phòng,,,4,,,,,,,,,,,
2025-10-04T12:30:03.701508,Cập nhật 9 ngày trước,"9,5 tỷ",,42 m²,"226,19 triệu/m²",Đã có sổ,Hẻm xe hơi,4 m,,Đông Nam,10.5 m,"Nhà ngõ, hẻm",4 phòng,3 phòng,Hoàn thiện cơ bản,5,180 m²,,,,,,,,,,
2025-10-04T12:30:09.751612,Cập nhật 9 ngày trước,"4,68 tỷ",,55 m²,"85,09 triệu/m²",Sổ hồng riêng,,,,,,,2 phòng,1 phòng,Nội thất cao cấp,,,Đã bàn giao,"Tập thể, cư xá",,,,Căn góc,,,,
2025-10-04T12:30:11.245130,Cập nhật 9 ngày trước,"5,999 tỷ",,33 m²,"181,79 triệu/m²",Đã có sổ,,,,Tây,,"Nhà ngõ, hẻm",3 phòng,3 phòng,,,,,,,,,,,,,
2025-10-04T12:30:13.383868,Cập nhật 9 ngày trước,"6,25 tỷ",,38 m²,"164,47 triệu/m²",Đã có sổ,Nhà nở hậu,4.1 m,,,,"Nhà ngõ, hẻm",3 phòng,3 phòng,Nội thất đầy đủ,3,38 m²,,,,,,,,,,
2025-10-04T12:30:13.498355,Cập nhật 9 ngày trước,14 tỷ,,38 m²,"368,42 triệu/m²",Đã có sổ,,4 m,,,,"Nhà mặt phố, mặt tiền",5 phòng,,Hoàn thiện cơ bản,5,45 m²,,,,,,,,,,
2025-10-04T12:30:19.346478,Cập nhật 9 ngày trước,"6,8 tỷ",,36 m²,"188,89 triệu/m²",Đã có sổ,Nhà nở hậu,,,,,"Nhà ngõ, hẻm",4 phòng,4 phòng,Nội thất đầy đủ,4,,,,,,,,,,,
2025-10-04T12:30:20.679369,Cập nhật 9 ngày trước,"46,38 tỷ",,90 m²,"515,33 triệu/m²",Đã có sổ,Hẻm xe hơi,6 m,,,,"Nhà ngõ, hẻm",4 phòng,Nhiều hơn 6 phòng,Nội thất đầy đủ,9,96 m²,,,,,,,,,,
2025-10-04T12:30:23.114059,Cập nhật 9 ngày trước,"1,75 tỷ",,38 m²,"46,05 triệu/m²",Sổ hồng riêng,,,,,,,1 phòng,1 phòng,Nội thất đầy đủ,,,Đã bàn giao,"Căn hộ dịch vụ, mini",,,8,,,,,
2025-10-04T12:30:23.511969,Cập nhật 9 ngày trước,"8,7 tỷ",,45 m²,"193,33 triệu/m²",Đã có sổ,Hẻm xe hơi,3.3 m,,,,"Nhà ngõ, hẻm",5 phòng,5 phòng,Nội thất đầy đủ,5,,,,,,,,,,,
2025-10-04T12:30:28.408378,Cập nhật 9 ngày trước,"7,2 tỷ",,38 m²,"189,47 triệu/m²",Đã có sổ,,,,,,"Nhà ngõ, hẻm",4 phòng,,,,,,,,,,,,,,
2025-10-04T12:30:28.448810,Cập nhật 9 ngày trước,"2,1 tỷ",,17 m²,"123,53 triệu/m²",Đang chờ sổ,,,,,,"Nhà ngõ, hẻm",3 phòng,3 phòng,Nội thất đầy đủ,4,70 m²,,,,,,,,,,
2025-10-04T12:30:33.616885,Cập nhật 9 ngày trước,"2,15 tỷ",,16 m²,"134,38 triệu/m²",Đang chờ sổ,,4 m,,,,"Nhà ngõ, hẻm",2 phòng,,Nội thất đầy đủ,4,16 m²,,,,,,,,,,
2025-10-04T12:30:38.563950,Cập nhật 9 ngày trước,"8,5 tỷ",,30 m²,"283,33 triệu/m²",Đã có sổ,,4 m,,,8 m,"Nhà ngõ, hẻm",3 phòng,4 phòng,Nội thất đầy đủ,4,30 m²,,,,,,,,,,
2025-10-04T12:30:39.828708,Cập nhật 9 ngày trước,"7,5 tỷ",,43 m²,"174,42 triệu/m²",Đã có sổ,,,,,,"Nhà ngõ, hẻm",5 phòng,,,,,,,,,,,,,,
2025-10-04T12:30:41.221631,Cập nhật 9 ngày trước,"7,9 tỷ",,43 m²,"183,72 triệu/m²",Đã có sổ,,,,,,"Nhà ngõ, hẻm",4 phòng,,,,,,,,,,,,,,
2025-10-04T12:30:42.920454,Cập nhật 9 ngày trước,"6,6 tỷ",,38 m²,"173,68 triệu/m²",Đã có sổ,Hẻm xe hơi,4 m,,,10 m,"Nhà ngõ, hẻm",3 phòng,4 phòng,Nội thất đầy đủ,5,38 m²,,,,,,,,,,
2025-10-04T12:30:46.637649,Cập nhật 9 ngày trước,105 tỷ,,3500 m²,30 triệu/m²,Đã có sổ,,,,,,,,,,,,,,,Mặt bằng kinh doanh,,,,,,
2025-10-04T12:30:48.565976,Cập nhật 9 ngày trước,"15,5 tỷ",,52 m²,"298,08 triệu/m²",Đã có sổ,Nhà nở hậu,,,,,"Nhà ngõ, hẻm",4 phòng,,Nội thất cao cấp,,52 m²,,,,,,,,,,
2025-10-04T12:30:50.532806,Cập nhật 9 ngày trước,"3,4 tỷ",Đất thổ cư,79 m²,"43,04 triệu/m²",Đã có sổ,,,m²,,,,,,,,,,,,,,,,,,
2025-10-04T12:30:52.777889,Cập nhật 9 ngày trước,"8,6 tỷ",,35 m²,"245,71 triệu/m²",Đã có sổ,,4 m,,,9 m,"Nhà ngõ, hẻm",3 phòng,4 phòng,Nội thất đầy đủ,5,35 m²,,,,,,,,,,
2025-10-04T12:30:55.714884,Cập nhật 9 ngày trước,"1,65 tỷ",Đất thổ cư,100 m²,"16,50 triệu/m²",Đã có sổ,Mặt tiền,5 m,m²,Đông,20 m,,,,,,,,,,,,,,,,
2025-10-04T12:30:57.309548,Cập nhật 9 ngày trước,"5,7 tỷ",,33.5 m²,"170,15 triệu/m²",Đã có sổ,,,,,,"Nhà ngõ, hẻm",5 phòng,3 phòng,Nội thất đầy đủ,4,,,,,,,,,,,
2025-10-04T12:31:02.209455,Cập nhật 9 ngày trước,"10,41 tỷ",,40 m²,"260,25 triệu/m²",Đã có sổ,Nhà nở hậu,4.2 m,,,,"Nhà ngõ, hẻm",6 phòng,5 phòng,Nội thất đầy đủ,6,,,,,,,,,,,
2025-10-04T12:31:02.814513,Cập nhật 9 ngày trước,"6,2 tỷ",,30 m²,"206,67 triệu/m²",Đã có sổ,,,,,,"Nhà ngõ, hẻm",3 phòng,4 phòng,,5,,,,,,,,,,,
2025-10-04T12:31:05.103015,Cập nhật 9 ngày trước,"17,5 tỷ",,54 m²,"324,07 triệu/m²",Đã có sổ,Nhà nở hậu,3.6 m,,,,"Nhà mặt phố, mặt tiền",2 phòng,3 phòng,Nội thất đầy đủ,4,54 m²,,,,,,,,,,
2025-10-04T12:31:08.640812,Cập nhật 9 ngày trước,"10,6 tỷ",,46 m²,"230,43 triệu/m²",Đã có sổ,,,,,,"Nhà ngõ, hẻm",4 phòng,,,,,,,,,,,,,,
2025-10-04T12:31:12.974029,Cập nhật 9 ngày trước,"7,8 tỷ",,36 m²,"216,67 triệu/m²",Đã có sổ,Hiện trạng khác,,,,,"Nhà ngõ, hẻm",4 phòng,,Nội thất cao cấp,4,,,,,,,,,,,
2025-10-04T12:31:13.000707,Cập nhật 5 ngày trước,"13,2 tỷ",,60 m²,220 triệu/m²,Đã có sổ,Hẻm xe hơi Nhà nở hậu,3.8 m,,,,Nhà phố liền kề,5 phòng,5 phòng,Nội thất đầy đủ,6,60 m²,,,,,,,,,,
2025-10-04T12:31:13.693919,Cập nhật 9 ngày trước,46 tỷ,,130 m²,"353,85 triệu/m²",Đã có sổ,Hẻm xe hơi,4 m,,Đông Nam,32 m,"Nhà mặt phố, mặt tiền",6 phòng,5 phòng,Nội thất đầy đủ,6,130 m²,,,,,,,,,,
2025-10-04T12:31:14.195033,Cập nhật 9 ngày trước,"32,9 tỷ",Đất thổ cư,132 m²,"249,24 triệu/m²",Đã có sổ,,,,,,,,,,,,,,,,,,,,,
2025-10-04T12:31:18.056969,Cập nhật 9 ngày trước,"23,9 tỷ",,82 m²,"291,46 triệu/m²",Đã có sổ,Hẻm xe hơi,4.1 m,,,,"Nhà mặt phố, mặt tiền",5 phòng,3 phòng,Nội thất đầy đủ,5,,,,,,,,,,,
2025-10-04T12:31:21.407540,Cập nhật 16 giờ trước,"6,8 tỷ",,32 m²,"212,50 triệu/m²",Đã có sổ,,,,,,"Nhà ngõ, hẻm",5 phòng,,,,,,,,,,,,,,
2025-10-04T12:31:23.967854,Cập nhật 9 ngày trước,"5,8 triệu",,86 m²,67.441 đ/m²,Sổ hồng riêng,,,,,,,3 phòng,,Nội thất đầy đủ,,,Đã bàn giao,"Tập thể, cư xá",,,,Căn góc,,,,
2025-10-04T12:31:26.404079,Cập nhật 9 ngày trước,"16,5 tỷ",,75 m²,220 triệu/m²,Đang chờ sổ,,5 m,,,,"Nhà mặt phố, mặt tiền",3 phòng,3 phòng,Nội thất đầy đủ,3,,,,,,,,,,,
2025-10-04T12:31:28.310775,Cập nhật 1 ngày trước,"8,6 tỷ",,41 m²,"209,76 triệu/m²",Đã có sổ,Nhà nở hậu,3 m,,Đông Nam,15 m,"Nhà ngõ, hẻm",7 phòng,4 phòng,,5,41 m²,,,,,,,,,,
2025-10-04T12:31:30.450346,Cập nhật 9 ngày trước,"26,5 tỷ",,60 m²,"441,67 triệu/m²",Đã có sổ,Hẻm xe hơi,,,,,"Nhà ngõ, hẻm",5 phòng,4 phòng,,5,,,,,,,,,,,
2025-10-04T12:31:30.870479,Cập nhật 9 ngày trước,"5,15 tỷ",Đất thổ cư,55 m²,"93,64 triệu/m²",Đã có sổ,Mặt tiền,7.2 m,m²,,,,,,,,,,,,,,,,,,
2025-10-04T12:31:34.326795,Cập nhật 9 ngày trước,"6,85 tỷ",,30 m²,"228,33 triệu/m²",Đã có sổ,Nhà nở hậu,4 m,,Đông Nam,7.6 m,"Nhà ngõ, hẻm",3 phòng,4 phòng,,5,30 m²,,,,,,,,,,
2025-10-04T12:31:35.773513,Cập nhật 9 ngày trước,10 tỷ,,54 m²,"185,19 triệu/m²",Đã có sổ,,6 m,,,9 m,"Nhà ngõ, hẻm",6 phòng,4 phòng,Nội thất cao cấp,5,54 m²,,,,,,,,,,
2025-10-04T12:31:39.702005,Cập nhật 9 ngày trước,"7,5 tỷ",,38 m²,"197,37 triệu/m²",Đã có sổ,,4 m,,,,"Nhà mặt phố, mặt tiền",3 phòng,,Hoàn thiện cơ bản,6,38 m²,,,,,,,,,,
2025-10-04T12:31:40.128465,Cập nhật 9 ngày trước,"7,5 tỷ",,46 m²,"163,04 triệu/m²",Đã có sổ,,,,,,"Nhà ngõ, hẻm",4 phòng,4 phòng,,5,,,,,,,,,,,
2025-10-04T12:31:40.183260,Cập nhật 9 ngày trước,"6,1 tỷ",,30 m²,"203,33 triệu/m²",Đã có sổ,Nhà nở hậu,3.5 m,,Tây Nam,,"Nhà ngõ, hẻm",3 phòng,4 phòng,Hoàn thiện cơ bản,5,30 m²,,,,,,,,,,
2025-10-04T12:31:43.950086,Cập nhật 9 ngày trước,"5,439 tỷ",Đất thổ cư,85 m²,"63,99 triệu/m²",Đã có sổ,Mặt tiền Hẻm xe hơi Thổ cư toàn bộ,4.5 m,,Nam,16 m,,,,,,,,,,,,,,,,
2025-10-04T12:31:45.161541,Cập nhật 9 ngày trước,"10,9 tỷ",,50 m²,218 triệu/m²,Đã có sổ,,4 m,,,12.5 m,"Nhà ngõ, hẻm",5 phòng,4 phòng,,,50 m²,,,,,,,,,,
2025-10-04T12:31:49.723442,Cập nhật 9 ngày trước,"4,45 tỷ",,34 m²,"130,88 triệu/m²",Sổ hồng riêng,,,,,,,2 phòng,2 phòng,Nội thất cao cấp,,,Đã bàn giao,"Tập thể, cư xá",,,,,,,,
2025-10-04T12:31:50.492009,Cập nhật 9 ngày trước,"7,2 tỷ",,35 m²,"205,71 triệu/m²",Đã có sổ,,,,,,"Nhà ngõ, hẻm",5 phòng,,,,,,,,,,,,,,
2025-10-04T12:31:53.914131,Cập nhật 9 ngày trước,"45,8 tỷ",,135 m²,"339,26 triệu/m²",Đã có sổ,Hẻm xe hơi,7 m,,Đông Nam,19 m,Nhà biệt thự,3 phòng,3 phòng,Nội thất cao cấp,3,135 m²,,,,,,,,,,
2025-10-04T12:32:00.569252,Cập nhật 9 ngày trước,"9,29 tỷ",,38 m²,"244,47 triệu/m²",Đã có sổ,,,,,,"Nhà ngõ, hẻm",5 phòng,6 phòng,Nội thất cao cấp,7,38 m²,,,,,,,,,,
2025-10-04T12:32:05.051715,Cập nhật 9 ngày trước,"14,4 tỷ",,46 m²,"313,04 triệu/m²",Đã có sổ,Nhà nở hậu Hẻm xe hơi,,,,,"Nhà mặt phố, mặt tiền",4 phòng,5 phòng,Hoàn thiện cơ bản,5,46 m²,,,,,,,,,,
2025-10-04T12:32:10.528768,Cập nhật 9 ngày trước,"10,5 tỷ",,21 m²,500 triệu/m²,Đã có sổ,Hẻm xe hơi Nhà nở hậu,4.5 m,,,,"Nhà mặt phố, mặt tiền",3 phòng,4 phòng,Nội thất đầy đủ,6,,,,,,,,,,,
2025-10-04T12:32:10.934664,Cập nhật 9 ngày trước,920 triệu,,40 m²,23 triệu/m²,Sổ hồng riêng,,,,,,,2 phòng,1 phòng,Nội thất cao cấp,,,Đã bàn giao,"Căn hộ dịch vụ, mini",,,,,,,,
2025-10-04T12:32:12.601528,Cập nhật 9 ngày trước,7 tỷ,,36 m²,"194,44 triệu/m²",Đã có sổ,,,,,,"Nhà ngõ, hẻm",3 phòng,,,5,,,,,,,,,,,
2025-10-04T12:32:14.867686,Cập nhật 9 ngày trước,"21,5 tỷ",,56 m²,"383,93 triệu/m²",Đã có sổ,Hẻm xe hơi,4 m,,,,"Nhà mặt phố, mặt tiền",4 phòng,6 phòng,Nội thất cao cấp,8,,,,,,,,,,,
2025-10-04T12:32:20.223679,Cập nhật 9 ngày trước,"7,2 tỷ",,60 m²,120 triệu/m²,Đã có sổ,,42 m,,,15 m,"Nhà ngõ, hẻm",nhiều hơn 10 phòng,Nhiều hơn 6 phòng,,,60 m²,,,,,,,,,,
2025-10-04T12:32:21.738891,Cập nhật 9 ngày trước,"7,2 tỷ",,31 m²,"232,26 triệu/m²",Đã có sổ,Hẻm xe hơi,5 m,,,6.2 m,"Nhà ngõ, hẻm",3 phòng,4 phòng,Nội thất đầy đủ,5,31 m²,,,,,,,,,,
2025-10-04T12:32:22.266802,Cập nhật 9 ngày trước,"4,95 tỷ",,32.7 m²,"151,38 triệu/m²",Đã có sổ,,3 m,,,12 m,"Nhà ngõ, hẻm",5 phòng,,Nội thất đầy đủ,5,,,,,,,,,,,
2025-10-04T12:32:21.963851,Cập nhật 9 ngày trước,"7,2 tỷ",,31 m²,"232,26 triệu/m²",Đã có sổ,Hẻm xe hơi,,,Tây Nam,,"Nhà ngõ, hẻm",3 phòng,4 phòng,Nội thất đầy đủ,5,,,,,,,,,,,
2025-10-04T12:32:24.430352,Cập nhật 9 ngày trước,750 triệu,,48 m²,"15,62 triệu/m²",Sổ hồng riêng,,,,Đông,,,2 phòng,1 phòng,Nội thất đầy đủ,,,Đã bàn giao,"Căn hộ dịch vụ, mini",,,,,,,,Đông Nam
2025-10-04T12:32:32.901952,Cập nhật 9 ngày trước,"5,9 tỷ",,28 m²,"210,71 triệu/m²",Đã có sổ,Nhà nở hậu,,,,,"Nhà ngõ, hẻm",3 phòng,4 phòng,Hoàn thiện cơ bản,5,,,,,,,,,,,
2025-10-04T12:32:33.104377,Cập nhật 9 ngày trước,"7,2 tỷ",,30 m²,240 triệu/m²,Đã có sổ,Nhà nở hậu,,,,,"Nhà ngõ, hẻm",3 phòng,4 phòng,Nội thất đầy đủ,6,,,,,,,,,,,
2025-10-04T12:32:34.127714,Cập nhật 9 ngày trước,"4,9 tỷ",,31 m²,"158,06 triệu/m²",Đã có sổ,,,,,,"Nhà ngõ, hẻm",4 phòng,4 phòng,,4,,,,,,,,,,,
2025-10-04T12:32:34.824580,Cập nhật 9 ngày trước,"7,75 tỷ",,36 m²,"215,28 triệu/m²",Đã có sổ,Hẻm xe hơi,3.3 m,,,11 m,"Nhà ngõ, hẻm",3 phòng,4 phòng,Nội thất đầy đủ,5,36 m²,,,,,,,,,,
2025-10-04T12:32:33.663840,Cập nhật 9 ngày trước,"9,5 tỷ",,50 m²,190 triệu/m²,Đã có sổ,Nhà nở hậu,4.5 m,,,,"Nhà mặt phố, mặt tiền",4 phòng,,Nội thất cao cấp,5,50 m²,,,,,,,,,,
2025-10-04T12:32:45.856682,Cập nhật 9 ngày trước,"5,25 tỷ",,120 m²,"43,75 triệu/m²",Sổ hồng riêng,,,,,,,4 phòng,2 phòng,,,,Chưa bàn giao,"Tập thể, cư xá",,,,,,,,
2025-10-04T12:32:45.954088,Cập nhật 9 ngày trước,"5,5 tỷ",,55 m²,100 triệu/m²,Đã có sổ,Nhà nở hậu,4 m,,,,"Nhà ngõ, hẻm",8 phòng,,Nội thất đầy đủ,4,55 m²,,,,,,,,,,
2025-10-04T12:32:46.048039,Cập nhật 9 ngày trước,"38,6 tỷ",,203 m²,"190,15 triệu/m²",Đã có sổ,,,,,,"Nhà mặt phố, mặt tiền",8 phòng,Nhiều hơn 6 phòng,,4,203 m²,,,,,,,,,,
2025-10-04T12:32:46.307910,Cập nhật 9 ngày trước,"3,25 tỷ",Đất thổ cư,36 m²,"90,28 triệu/m²",Đã có sổ,,,,,,,,,,,,,,,,,,,,,
2025-10-04T12:32:55.491039,Cập nhật 9 ngày trước,"4,75 tỷ",,43 m²,"110,47 triệu/m²",Đã có sổ,Nhà nở hậu,4 m,,,,"Nhà ngõ, hẻm",4 phòng,,Hoàn thiện cơ bản,4,43 m²,,,,,,,,,,
2025-10-04T12:32:56.431445,Cập nhật 9 ngày trước,"13,8 tỷ",,37 m²,"372,97 triệu/m²",Đã có sổ,,4.7 m,,,7.8 m,"Nhà mặt phố, mặt tiền",3 phòng,3 phòng,Bàn giao thô,4,40 m²,,,,,,,,,,
2025-10-04T12:32:57.120485,Cập nhật 9 ngày trước,12 tỷ,,44 m²,"272,73 triệu/m²",Đã có sổ,Nhà nở hậu,3.6 m,,,12 m,"Nhà ngõ, hẻm",6 phòng,,Nội thất đầy đủ,5,220 m²,,,,,,,,,,
2025-10-04T12:33:08.225406,Cập nhật 5 ngày trước,"20,2 tỷ",,50 m²,404 triệu/m²,Đã có sổ,,,,,,Nhà phố liền kề,5 phòng,,Nội thất đầy đủ,,,,,,,,,,,,
2025-10-04T12:33:08.333430,Cập nhật 9 ngày trước,"10,755 tỷ",,48 m²,"224,06 triệu/m²",Đã có sổ,Nhà nở hậu,,,,,"Nhà ngõ, hẻm",4 phòng,5 phòng,Hoàn thiện cơ bản,5,50 m²,,,,,,,,,,
2025-10-04T12:33:08.930202,Cập nhật 9 ngày trước,"6,38 tỷ",,100 m²,"63,80 triệu/m²",Sổ hồng riêng,,,,,,,2 phòng,2 phòng,,,,Chưa bàn giao,Chung cư,,,,,,,,
2025-10-04T12:33:13.327242,Cập nhật 9 ngày trước,"7,09 tỷ",,43 m²,"164,88 triệu/m²",Đã có sổ,Hẻm xe hơi,4.6 m,,,,"Nhà ngõ, hẻm",3 phòng,,Nội thất đầy đủ,5,,,,,,,,,,,
2025-10-04T12:33:17.560479,Cập nhật 9 ngày trước,"8,35 tỷ",,34 m²,"245,59 triệu/m²",Đã có sổ,,,,,,"Nhà ngõ, hẻm",3 phòng,4 phòng,Nội thất đầy đủ,5,34 m²,,,,,,,,,,
2025-10-04T12:33:18.170956,Cập nhật 9 ngày trước,"5,18 tỷ",,32 m²,"161,88 triệu/m²",Đã có sổ,,,,,,"Nhà ngõ, hẻm",3 phòng,,,,,,,,,,,,,,
2025-10-04T12:33:18.749059,Cập nhật 9 ngày trước,"16,5 tỷ",,205 m²,"80,49 triệu/m²",Đã có sổ,Hẻm xe hơi Nhà nở hậu,,,Đông Nam,,"Nhà ngõ, hẻm",4 phòng,3 phòng,Nội thất cao cấp,3,,,,,,,,,,,
2025-10-04T12:33:19.068014,Cập nhật 9 ngày trước,"4,5 tỷ",Đất thổ cư,70 m²,"64,29 triệu/m²",Đã có sổ,,,m²,,,,,,,,,,,,,,,,,,
2025-10-04T12:33:23.766994,Cập nhật 9 ngày trước,"6,56 tỷ",,35 m²,"187,43 triệu/m²",Đã có sổ,,4 m,,,9 m,"Nhà ngõ, hẻm",3 phòng,4 phòng,Nội thất đầy đủ,4,35 m²,,,,,,,,,,
2025-10-04T12:33:26.487790,Cập nhật 9 ngày trước,15 tỷ,,41 m²,"365,85 triệu/m²",Đã có sổ,Hẻm xe hơi Nhà nở hậu,,,,,"Nhà mặt phố, mặt tiền",5 phòng,4 phòng,,,43 m²,,,,,,,,,,
2025-10-04T12:33:27.664429,Cập nhật 9 ngày trước,"29,79 tỷ",,87 m²,"342,41 triệu/m²",Đã có sổ,Hẻm xe hơi,8 m,,,,"Nhà ngõ, hẻm",8 phòng,Nhiều hơn 6 phòng,Nội thất cao cấp,9,96 m²,,,,,,,,,,
2025-10-04T12:33:28.334304,Cập nhật 9 ngày trước,"7,8 tỷ",,36 m²,"216,67 triệu/m²",Đã có sổ,Nhà nở hậu Hẻm xe hơi,,,,,"Nhà ngõ, hẻm",4 phòng,5 phòng,Nội thất cao cấp,5,36 m²,,,,,,,,,,
2025-10-04T12:33:28.804047,Cập nhật 9 ngày trước,5 tỷ,Đất thổ cư,92.1 m²,"54,29 triệu/m²",Đã có sổ,Thổ cư toàn bộ,6.1 m,m²,Tây Nam,,,,,,,,,,,,,,,,,
2025-10-04T12:33:33.704927,Cập nhật 9 ngày trước,"3,95 tỷ",Đất thổ cư,60 m²,"65,83 triệu/m²",Đã có sổ,,,m²,,,,,,,,,,,,,,,,,,
2025-10-04T12:33:35.578577,Cập nhật 9 ngày trước,"4,8 tỷ",,130 m²,"36,92 triệu/m²",Sổ hồng riêng,,,,,,,3 phòng,2 phòng,Nội thất cao cấp,,,Đã bàn giao,"Tập thể, cư xá",,,3,Căn góc,,,,
2025-10-04T12:33:39.743669,Cập nhật 9 ngày trước,"3,45 tỷ",,48 m²,"71,88 triệu/m²",Sổ hồng riêng,,,,,,,1 phòng,1 phòng,Nội thất đầy đủ,,,Đã bàn giao,Chung cư,S1.05,,24,0,,,2408,Đông Bắc
2025-10-04T12:33:39.977117,Cập nhật 9 ngày trước,"8,9 tỷ",,47.5 m²,"187,37 triệu/m²",Đã có sổ,,,,,,"Nhà ngõ, hẻm",5 phòng,,,6,,,,,,,,,,,
2025-10-04T12:33:42.937539,Cập nhật 9 ngày trước,"6,5 tỷ",,25 m²,260 triệu/m²,Đã có sổ,,,,,,"Nhà mặt phố, mặt tiền",3 phòng,,,,,,,,,,,,,,
2025-10-04T12:33:44.870774,Cập nhật 9 ngày trước,"7,8 tỷ",,35 m²,"222,86 triệu/m²",Đã có sổ,,,,,,"Nhà ngõ, hẻm",5 phòng,,Nội thất đầy đủ,6,,,,,,,,,,,
2025-10-04T12:33:46.428306,Cập nhật 9 ngày trước,"7,1 tỷ",,38 m²,"186,84 triệu/m²",Đã có sổ,,,,,,"Nhà ngõ, hẻm",3 phòng,,,,,,,,,,,,,,
2025-10-04T12:33:51.770761,Cập nhật 9 ngày trước,"5,35 tỷ",,30.5 m²,"175,41 triệu/m²",Đã có sổ,Nhà nở hậu,3.6 m,,,10 m,"Nhà ngõ, hẻm",3 phòng,3 phòng,Hoàn thiện cơ bản,5,30.5 m²,,,,,,,,,,
2025-10-04T12:33:53.933311,Cập nhật 9 ngày trước,"6,1 tỷ",,38 m²,"160,53 triệu/m²",Đã có sổ,,,,,,"Nhà ngõ, hẻm",3 phòng,,,4,,,,,,,,,,,
2025-10-04T12:33:55.960609,Cập nhật 9 ngày trước,17 tỷ,,50 m²,340 triệu/m²,Đã có sổ,Nhà nở hậu,3.8 m,,,,"Nhà mặt phố, mặt tiền",3 phòng,4 phòng,Nội thất đầy đủ,4,50 m²,,,,,,,,,,
2025-10-04T12:34:01.571536,Cập nhật 9 ngày trước,58 tỷ,,90 m²,"644,44 triệu/m²",Đã có sổ,Hẻm xe hơi,5.5 m,,,,"Nhà mặt phố, mặt tiền",4 phòng,,Nội thất đầy đủ,,,,,,,,,,,,
2025-10-04T12:34:02.124246,Cập nhật 9 ngày trước,"7,8 tỷ",,33 m²,"236,36 triệu/m²",Đã có sổ,Hẻm xe hơi,,,,,"Nhà ngõ, hẻm",3 phòng,,,,,,,,,,,,,,
2025-10-04T12:34:03.740752,Cập nhật 9 ngày trước,"6,8 tỷ",,30 m²,"226,67 triệu/m²",Đã có sổ,,,,,,"Nhà ngõ, hẻm",3 phòng,,,5,,,,,,,,,,,
2025-10-04T12:34:07.505474,Cập nhật 9 ngày trước,"6,75 tỷ",,54 m²,125 triệu/m²,Đã có sổ,,,,,,"Nhà ngõ, hẻm",1 phòng,,,1,,,,,,,,,,,
2025-10-04T12:34:11.451797,Cập nhật 9 ngày trước,5 tỷ,,32 m²,"156,25 triệu/m²",Đã có sổ,Hẻm xe hơi,,,,,"Nhà ngõ, hẻm",4 phòng,5 phòng,Nội thất đầy đủ,5,33 m²,,,,,,,,,,
2025-10-04T12:34:13.058129,Cập nhật 9 ngày trước,"13,5 tỷ",,35 m²,"385,71 triệu/m²",Đã có sổ,,6 m,,,7 m,"Nhà mặt phố, mặt tiền",4 phòng,4 phòng,Nội thất đầy đủ,5,38 m²,,,,,,,,,,
2025-10-04T12:34:15.631746,Cập nhật 9 ngày trước,"13,5 tỷ",Đất thổ cư,79 m²,"170,89 triệu/m²",Đã có sổ,Thổ cư toàn bộ,7 m,m²,,13 m,,,,,,,,,,,,,,,,
2025-10-04T12:34:16.848142,Cập nhật 9 ngày trước,"7,2 tỷ",,51 m²,"141,18 triệu/m²",Đã có sổ,,,,,,"Nhà ngõ, hẻm",3 phòng,,,,,,,,,,,,,,
2025-10-04T12:34:25.827321,Cập nhật 9 ngày trước,1 tỷ,,50 m²,20 triệu/m²,Sổ hồng riêng,,,,,,,2 phòng,1 phòng,,,,Đã bàn giao,"Căn hộ dịch vụ, mini",5,,6,,,,,
2025-10-04T12:34:28.017631,Cập nhật 9 ngày trước,7 tỷ,,35 m²,200 triệu/m²,Đã có sổ,Nhà nở hậu Hẻm xe hơi,3.4 m,,,,"Nhà ngõ, hẻm",4 phòng,4 phòng,Nội thất đầy đủ,4,35 m²,,,,,,,,,,
2025-10-04T12:34:29.817986,Cập nhật 9 ngày trước,3 tỷ,Đất thổ cư,80 m²,"37,50 triệu/m²",Đã có sổ,,5.2 m,,,15.5 m,,,,,,,,,,,,,,,,
2025-10-04T12:34:35.721755,Cập nhật 9 ngày trước,4 tỷ,Đất thổ cư,55 m²,"72,73 triệu/m²",Đã có sổ,,4 m,,,14 m,,,,,,,,,,,,,,,,
2025-10-04T12:34:40.666144,Cập nhật 9 ngày trước,"4,4 tỷ",Đất thổ cư,65 m²,"67,69 triệu/m²",Đã có sổ,,7 m,,,9 m,,,,,,,,,,,,,,,,
2025-10-04T12:34:40.773962,Cập nhật 9 ngày trước,"3,25 tỷ",,70 m²,"46,43 triệu/m²",Đang chờ sổ,,,,,,,2 phòng,2 phòng,Nội thất đầy đủ,,,Đã bàn giao,Chung cư,,,,,,,,
2025-10-04T12:34:44.831545,Cập nhật 9 ngày trước,7 tỷ,,30 m²,"233,33 triệu/m²",Đã có sổ,,,,,,"Nhà mặt phố, mặt tiền",3 phòng,4 phòng,Nội thất đầy đủ,5,,,,,,,,,,,
2025-10-04T12:34:49.935592,Cập nhật 9 ngày trước,"62,8 tỷ",,194 m²,"323,71 triệu/m²",Đã có sổ,,,,,,Nhà biệt thự,5 phòng,6 phòng,Nội thất cao cấp,4,194 m²,,,,,,,,,,
2025-10-04T12:34:57.123994,Cập nhật 9 ngày trước,"10,5 tỷ",,46 m²,"228,26 triệu/m²",Đã có sổ,Hẻm xe hơi,,,,,"Nhà ngõ, hẻm",3 phòng,,,,,,,,,,,,,,
2025-10-04T12:34:58.446585,Cập nhật 9 ngày trước,10 tỷ,Đất thổ cư,50 m²,200 triệu/m²,Đã có sổ,,,,,,,,,,,,,,,,,,,,,
2025-10-04T12:35:05.975711,Cập nhật 9 ngày trước,"6,3 tỷ",,35 m²,180 triệu/m²,Đã có sổ,,,,,,"Nhà ngõ, hẻm",3 phòng,,,,,,,,,,,,,,
2025-10-04T12:35:14.318757,Cập nhật 9 ngày trước,"9,5 tỷ",,52 m²,"182,69 triệu/m²",Đã có sổ,,,,,,"Nhà ngõ, hẻm",5 phòng,,,,,,,,,,,,,,
2025-10-04T12:35:15.219973,Cập nhật 9 ngày trước,"13,199 tỷ",Đất thổ cư,60 m²,"219,98 triệu/m²",Đã có sổ,"Hẻm xe hơi
Thổ cư toàn bộ",4 m,m²,,15.6 m,,,,,,,,,,,,,,,,
2025-10-04T12:35:15.670808,Cập nhật 9 ngày trước,"6,6 tỷ",Đất thổ cư,102 m²,"64,71 triệu/m²",Đã có sổ,"Hẻm xe hơi
Thổ cư toàn bộ",5 m,,Đông,20 m,,,,,,,,,,,,,,,,
2025-10-04T12:35:17.675742,Cập nhật 9 ngày trước,"9,29 tỷ",,38 m²,"244,47 triệu/m²",Đã có sổ,,,,,,"Nhà ngõ, hẻm",5 phòng,6 phòng,Nội thất cao cấp,7,38 m²,,,,,,,,,,
2025-10-04T12:35:22.268215,Cập nhật 9 ngày trước,"8,9 tỷ",,47.5 m²,"187,37 triệu/m²",Đã có sổ,,,,,,"Nhà ngõ, hẻm",5 phòng,,,6,,,,,,,,,,,
2025-10-04T12:35:24.326830,Cập nhật 9 ngày trước,"6,7 tỷ",,37 m²,"181,08 triệu/m²",Đã có sổ,Hẻm xe hơi,,,,,"Nhà ngõ, hẻm",3 phòng,4 phòng,Nội thất đầy đủ,,3 m²,,,,,,,,,,
2025-10-04T12:35:26.103738,Cập nhật 9 ngày trước,"5,4 tỷ",,48 m²,"112,50 triệu/m²",Đã có sổ,Nhà nở hậu,,,,,"Nhà ngõ, hẻm",3 phòng,,,,,,,,,,,,,,
2025-10-04T12:35:27.523600,Cập nhật 9 ngày trước,10 tỷ,,42 m²,"238,10 triệu/m²",Đã có sổ,,,,,,"Nhà ngõ, hẻm",4 phòng,,Nội thất cao cấp,6,,,,,,,,,,,
2025-10-04T12:35:31.423689,Cập nhật 9 ngày trước,1 tỷ,,35 m²,"28,57 triệu/m²",Đang chờ sổ,,,,,,,2 phòng,2 phòng,Nội thất đầy đủ,,,Chưa bàn giao,"Căn hộ dịch vụ, mini",5,,6,,,,,
2025-10-04T12:35:33.519722,Cập nhật 9 ngày trước,"3,69 tỷ",,33 m²,"111,82 triệu/m²",Không có sổ,,,,,,"Nhà ngõ, hẻm",4 phòng,3 phòng,,3,,,,,,,,,,,
2025-10-04T12:35:35.366860,Cập nhật 9 ngày trước,"7,95 tỷ",,38 m²,"209,21 triệu/m²",Đã có sổ,,3.5 m,,,11 m,"Nhà ngõ, hẻm",3 phòng,4 phòng,Nội thất đầy đủ,5,38 m²,,,,,,,,,,
2025-10-04T12:35:35.426765,Cập nhật 3 ngày trước,"14,8 tỷ",,70 m²,"211,43 triệu/m²",Đã có sổ,Hẻm xe hơi Nhà nở hậu,4 m,,Tây Nam,18 m,"Nhà ngõ, hẻm",3 phòng,4 phòng,Nội thất đầy đủ,6,70 m²,,,,,,,,,,
2025-10-04T12:35:36.711732,Cập nhật 9 ngày trước,13 tỷ,,50 m²,260 triệu/m²,Đã có sổ,Hẻm xe hơi,5 m,,,10 m,"Nhà mặt phố, mặt tiền",5 phòng,5 phòng,Nội thất đầy đủ,5,50 m²,,,,,,,,,,
2025-10-04T12:35:41.350752,Cập nhật 9 ngày trước,"17,6 tỷ",Đất nền dự án,82 m²,"214,63 triệu/m²",Đã có sổ,Hẻm xe hơi,5 m,m²,Đông Bắc,16.4 m,,,,,,,,,,,,,,,,
2025-10-04T12:35:42.136219,Cập nhật 9 ngày trước,"7,2 tỷ",,45 m²,160 triệu/m²,Đã có sổ,,,,,,"Nhà ngõ, hẻm",4 phòng,,,5,,,,,,,,,,,
2025-10-04T12:35:45.082853,Cập nhật 9 ngày trước,"7,2 tỷ",,44 m²,"163,64 triệu/m²",Đã có sổ,,,,,,"Nhà ngõ, hẻm",4 phòng,,,,,,,,,,,,,,
2025-10-04T12:35:44.975805,Cập nhật 9 ngày trước,"4,8 tỷ",Đất thổ cư,97 m²,"49,48 triệu/m²",Đã có sổ,Mặt tiền Hẻm xe hơi Thổ cư toàn bộ,5 m,m²,,19 m,,,,,,,,,,,,,,,,
2025-10-04T12:35:51.359052,Cập nhật 9 ngày trước,"6,59 tỷ",,35 m²,"188,29 triệu/m²",Đã có sổ,,3 m,,Tây,,"Nhà ngõ, hẻm",4 phòng,4 phòng,,5,35 m²,,,,,,,,,,
2025-10-04T12:35:51.589811,Cập nhật 9 ngày trước,"22,5 tỷ",,70 m²,"321,43 triệu/m²",Đã có sổ,,,,,,"Nhà ngõ, hẻm",4 phòng,,,,,,,,,,,,,,
2025-10-04T12:35:55.900202,Cập nhật 9 ngày trước,"9,65 tỷ",,45 m²,"214,44 triệu/m²",Đã có sổ,,,,,,"Nhà ngõ, hẻm",6 phòng,,,5,,,,,,,,,,,
2025-10-04T12:35:56.649877,Cập nhật 9 ngày trước,16 tỷ,Đất thổ cư,140 m²,"114,29 triệu/m²",Đã có sổ,Hẻm xe hơi Nở hậu Thổ cư toàn bộ,7.3 m,,,,,,,,,,,,,,,,,,,
2025-10-04T12:35:58.154298,Cập nhật 9 ngày trước,"5,999 tỷ",,33 m²,"181,79 triệu/m²",Đã có sổ,,,,Tây,,"Nhà ngõ, hẻm",3 phòng,3 phòng,,,,,,,,,,,,,
2025-10-04T12:36:01.506050,Cập nhật 9 ngày trước,17 tỷ,,91 m²,"186,81 triệu/m²",Đã có sổ,,5 m,,Đông Nam,20 m,"Nhà ngõ, hẻm",5 phòng,,Nội thất đầy đủ,5,91 m²,,,,,,,,,,
2025-10-04T12:36:02.388656,Cập nhật 9 ngày trước,"5,3 tỷ",Đất thổ cư,63 m²,"84,13 triệu/m²",Đã có sổ,,,m²,,,,,,,,,,,,,,,,,,
2025-10-04T12:36:05.313353,Cập nhật 9 ngày trước,"8,8 tỷ",,52 m²,"169,23 triệu/m²",Đã có sổ,Nhà nở hậu,6 m,,,,"Nhà ngõ, hẻm",3 phòng,3 phòng,Nội thất đầy đủ,3,52 m²,,,,,,,,,,
2025-10-04T12:36:07.403920,Cập nhật 9 ngày trước,"7,5 tỷ",,38 m²,"197,37 triệu/m²",Đã có sổ,,,,,,"Nhà ngõ, hẻm",3 phòng,,,,,,,,,,,,,,
2025-10-04T12:36:05.942921,Cập nhật 9 ngày trước,8 tỷ,,38 m²,"210,53 triệu/m²",Đã có sổ,Hẻm xe hơi Nhà nở hậu,,,,,"Nhà ngõ, hẻm",3 phòng,,Nội thất đầy đủ,,,,,,,,,,,,
2025-10-04T12:36:11.378512,Cập nhật 9 ngày trước,"18,4 tỷ",,145 m²,"126,90 triệu/m²",Đang chờ sổ,,,,Bắc,,,3 phòng,3 phòng,Hoàn thiện cơ bản,,,Đã bàn giao,Chung cư,06,,12,,,,,Nam
2025-10-04T12:36:16.193429,Cập nhật 9 ngày trước,6 tỷ,Đất thổ cư,50 m²,120 triệu/m²,Đã có sổ,,4.8 m,,,,,,,,,,,,,,,,,,,
2025-10-04T12:36:16.537747,Cập nhật 9 ngày trước,"8,9 tỷ",,39 m²,"228,21 triệu/m²",Đã có sổ,Nhà nở hậu,,,,,"Nhà ngõ, hẻm",4 phòng,,,5,,,,,,,,,,,
2025-10-04T12:36:17.833493,Cập nhật 9 ngày trước,"2,6 tỷ",Đất thổ cư,46 m²,"56,52 triệu/m²",Đã có sổ,,5.8 m,,,8.5 m,,,,,,,,,,,,,,,,
2025-10-04T12:36:20.447552,Cập nhật 9 ngày trước,"7,75 tỷ",,33 m²,"234,85 triệu/m²",Đã có sổ,Nhà nở hậu,,,,,"Nhà ngõ, hẻm",3 phòng,4 phòng,Nội thất cao cấp,5,,,,,,,,,,,
2025-10-04T12:36:21.102617,Cập nhật 9 ngày trước,"7,125 tỷ",,43 m²,"165,70 triệu/m²",Đã có sổ,Nhà nở hậu Hẻm xe hơi,,,,,"Nhà ngõ, hẻm",4 phòng,,,6,,,,,,,,,,,
2025-10-04T12:36:25.442911,Cập nhật 9 ngày trước,"9,35 tỷ",,36 m²,"259,72 triệu/m²",Đã có sổ,Hẻm xe hơi,3.3 m,,,,"Nhà ngõ, hẻm",6 phòng,5 phòng,Nội thất đầy đủ,5,36 m²,,,,,,,,,,
2025-10-04T12:36:26.084529,Cập nhật 9 ngày trước,"8,3 tỷ",,43 m²,"193,02 triệu/m²",Đã có sổ,,,,,,"Nhà ngõ, hẻm",4 phòng,3 phòng,,,,,,,,,,,,,
2025-10-04T12:36:29.965762,Cập nhật 9 ngày trước,15 tỷ,,45 m²,"333,33 triệu/m²",Đã có sổ,,,,,,Nhà phố liền kề,4 phòng,,,,,,,,,,,,,,
2025-10-04T12:36:30.875170,Cập nhật 9 ngày trước,"6,7 tỷ",,40 m²,"167,50 triệu/m²",Đã có sổ,,,,,,"Nhà mặt phố, mặt tiền",3 phòng,,,,,,,,,,,,,,
2025-10-04T12:36:33.828305,Cập nhật 9 ngày trước,"3,05 tỷ",Đất thổ cư,48 m²,"63,54 triệu/m²",Đã có sổ,,6.4 m,,,8.5 m,,,,,,,,,,,,,,,,
2025-10-04T12:36:37.047644,Cập nhật 9 ngày trước,"8,5 tỷ",,33 m²,"257,58 triệu/m²",Đã có sổ,Hẻm xe hơi,,,,,"Nhà ngõ, hẻm",3 phòng,3 phòng,Nội thất cao cấp,5,,,,,,,,,,,
2025-10-04T12:36:36.423718,Cập nhật 9 ngày trước,"2,2 tỷ",Đất thổ cư,76 m²,"28,95 triệu/m²",Đã có sổ,Thổ cư toàn bộ,6.61 m,m²,,11.5 m,,,,,,,,,,,,,,,,
2025-10-04T12:36:40.481010,Cập nhật 9 ngày trước,"2,8 tỷ",,55 m²,"50,91 triệu/m²",Không có sổ,,5 m,,,,"Nhà ngõ, hẻm",3 phòng,,Nội thất đầy đủ,3,55 m²,,,,,,,,,,
2025-10-04T12:36:42.154058,Cập nhật 9 ngày trước,"8,1 tỷ",,42 m²,"192,86 triệu/m²",Đã có sổ,,,,,,"Nhà ngõ, hẻm",5 phòng,,,,,,,,,,,,,,
2025-10-04T12:36:43.775657,Cập nhật 9 ngày trước,"6,4 tỷ",,30 m²,"213,33 triệu/m²",Đã có sổ,Nhà nở hậu,4.9 m,,,,"Nhà ngõ, hẻm",3 phòng,,Nội thất đầy đủ,5,,,,,,,,,,,
2025-10-04T12:36:47.707101,Cập nhật 9 ngày trước,"6,1 tỷ",,46 m²,"132,61 triệu/m²",Đã có sổ,Hiện trạng khác,6 m,,,,"Nhà ngõ, hẻm",6 phòng,3 phòng,Nội thất đầy đủ,4,,,,,,,,,,,
2025-10-04T12:36:47.489798,Cập nhật 9 ngày trước,"5,15 tỷ",Đất thổ cư,55 m²,"93,64 triệu/m²",Đã có sổ,Mặt tiền,7.2 m,m²,,,,,,,,,,,,,,,,,,
2025-10-04T12:36:51.346483,Cập nhật 9 ngày trước,"8,05 tỷ",,37 m²,"217,57 triệu/m²",Đã có sổ,,,,,,"Nhà ngõ, hẻm",3 phòng,,Nội thất cao cấp,5,,,,,,,,,,,
2025-10-04T12:36:51.511834,Cập nhật 9 ngày trước,"3,1 tỷ",,36 m²,"86,11 triệu/m²",Giấy tờ viết tay,,,,,,"Nhà ngõ, hẻm",4 phòng,3 phòng,Nội thất đầy đủ,3,36 m²,,,,,,,,,,
2025-10-04T12:36:53.657813,Cập nhật 9 ngày trước,"7,75 tỷ",,31 m²,250 triệu/m²,Đã có sổ,Nhà nở hậu,4.3 m,,,7.2 m,"Nhà ngõ, hẻm",3 phòng,,Nội thất đầy đủ,5,155 m²,,,,,,,,,,
2025-10-04T12:36:58.324011,Cập nhật 9 ngày trước,"5,35 tỷ",,33 m²,"162,12 triệu/m²",Đã có sổ,,,,,,"Nhà mặt phố, mặt tiền",3 phòng,,,,,,,,,,,,,,
2025-10-04T12:36:58.715004,Cập nhật 9 ngày trước,"1,35 tỷ",Đất thổ cư,44 m²,"30,68 triệu/m²",Đã có sổ,Mặt tiền Hẻm xe hơi,,,Đông Nam,,,,,,,,,,,,,,,,,
2025-10-04T12:37:01.024833,Cập nhật 9 ngày trước,"9,3 tỷ",,42 m²,"221,43 triệu/m²",Đã có sổ,,,,,,"Nhà mặt phố, mặt tiền",4 phòng,,,,,,,,,,,,,,
2025-10-04T12:37:03.065546,Cập nhật 9 ngày trước,"8,75 tỷ",,50 m²,175 triệu/m²,Đã có sổ,,,,,,"Nhà ngõ, hẻm",4 phòng,4 phòng,Nội thất đầy đủ,5,,,,,,,,,,,
2025-10-04T12:37:08.656551,Cập nhật 9 ngày trước,"3,85 tỷ",Đất thổ cư,45 m²,"85,56 triệu/m²",Đã có sổ,Mặt tiền Thổ cư toàn bộ,4.1 m,m²,Đông Bắc,11 m,,,,,,,,,,,,,,,,
2025-10-04T12:37:11.447520,Cập nhật 9 ngày trước,"4,68 tỷ",,68 m²,"68,82 triệu/m²",Sổ hồng riêng,,,,,,,2 phòng,2 phòng,Nội thất cao cấp,,,Chưa bàn giao,"Tập thể, cư xá",,,,,,,,
2025-10-04T12:37:11.700108,Cập nhật 9 ngày trước,"5,3 tỷ",Đất thổ cư,54.5 m²,"97,25 triệu/m²",Đã có sổ,,4.97 m,,,11 m,,,,,,,,,,,,,,,,
2025-10-04T12:37:14.341662,Cập nhật 9 ngày trước,"2,6 tỷ",Đất thổ cư,46 m²,"56,52 triệu/m²",Đã có sổ,,5.8 m,,,8.5 m,,,,,,,,,,,,,,,,
2025-10-04T12:37:21.272856,Cập nhật 9 ngày trước,"5,7 tỷ",Đất thổ cư,90 m²,"63,33 triệu/m²",Đã có sổ,Mặt tiền,5 m,m²,Nam,18 m,,,,,,,,,,,,,,,,
2025-10-04T12:37:26.089454,Cập nhật 9 ngày trước,72 tỷ,,90 m²,800 triệu/m²,Đã có sổ,,,,,,"Nhà mặt phố, mặt tiền",4 phòng,,,,90 m²,,,,,,,,,,
2025-10-04T12:37:30.966025,Cập nhật 9 ngày trước,"4,6 tỷ",,78 m²,"58,97 triệu/m²",Sổ hồng riêng,,,,,,,2 phòng,2 phòng,,,,Đã bàn giao,"Tập thể, cư xá",,,,,,,,
2025-10-04T12:37:31.870526,Cập nhật 9 ngày trước,800 triệu,,36 m²,"22,22 triệu/m²",Sổ hồng riêng,,,,Nam,,,2 phòng,1 phòng,Nội thất cao cấp,,,Đã bàn giao,"Căn hộ dịch vụ, mini",,,,,,,,Đông Nam
2025-10-04T12:37:34.789489,Cập nhật 9 ngày trước,"16,5 tỷ",Đất thổ cư,106 m²,"155,66 triệu/m²",Đã có sổ,Nở hậu Thổ cư toàn bộ,,m²,,,,,,,,,,,,,,,,,,
2025-10-04T12:37:36.566939,Cập nhật 9 ngày trước,2 tỷ,Đất thổ cư,80 m²,25 triệu/m²,Đã có sổ,,5 m,m²,,16 m,,,,,,,,,,,,,,,,
2025-10-04T12:37:36.562787,Cập nhật 9 ngày trước,"3,856 tỷ",Đất thổ cư,160 m²,"24,10 triệu/m²",Đã có sổ,,8 m,m²,,20 m,,,,,,,,,,,,,,,,
2025-10-04T12:37:52.186452,Cập nhật 9 ngày trước,"4,5 tỷ",,31 m²,"145,16 triệu/m²",Đã có sổ,,7 m,,,5 m,"Nhà ngõ, hẻm",3 phòng,3 phòng,Nội thất đầy đủ,4,31 m²,,,,,,,,,,
2025-10-04T12:37:53.152654,Cập nhật 9 ngày trước,"5,85 tỷ",,75 m²,78 triệu/m²,Sổ hồng riêng,,,,,,,1 phòng,1 phòng,Bàn giao thô,,,Chưa bàn giao,"Tập thể, cư xá",,,,,,,,
2025-10-04T12:37:53.638515,Cập nhật 9 ngày trước,"10,3 tỷ",,40 m²,"257,50 triệu/m²",Đã có sổ,,,,,,"Nhà mặt phố, mặt tiền",4 phòng,4 phòng,Nội thất đầy đủ,4,160 m²,,,,,,,,,,
2025-10-04T12:37:56.254689,Cập nhật 9 ngày trước,12 tỷ,,36 m²,"333,33 triệu/m²",Đã có sổ,,,,,,"Nhà ngõ, hẻm",4 phòng,,,6,,,,,,,,,,,
2025-10-04T12:37:58.103677,Cập nhật 9 ngày trước,"8,2 tỷ",,34 m²,"241,18 triệu/m²",Đã có sổ,Nhà nở hậu,,,Tây Bắc,,"Nhà ngõ, hẻm",5 phòng,4 phòng,,5,,,,,,,,,,,
2025-10-04T12:38:01.666369,Cập nhật 9 ngày trước,"5,9 tỷ",,26 m²,"226,92 triệu/m²",Đã có sổ,,3.5 m,,,,"Nhà ngõ, hẻm",2 phòng,3 phòng,Hoàn thiện cơ bản,4,26 m²,,,,,,,,,,
2025-10-04T12:38:03.769979,Cập nhật 9 ngày trước,"4,5 tỷ",,37 m²,"121,62 triệu/m²",Không có sổ,,,,,,"Nhà ngõ, hẻm",2 phòng,2 phòng,,3,,,,,,,,,,,
2025-10-04T12:38:04.214263,Cập nhật 9 ngày trước,"10,8 tỷ",,57 m²,"189,47 triệu/m²",Đã có sổ,,,,,,"Nhà ngõ, hẻm",5 phòng,,,,,,,,,,,,,,
2025-10-04T12:38:11.663654,Cập nhật 9 ngày trước,"9,9 tỷ",Đất thổ cư,73 m²,"135,62 triệu/m²",Đã có sổ,,3.2 m,,,,,,,,,,,,,,,,,,,
2025-10-04T12:38:14.197008,Cập nhật 9 ngày trước,"11,7 tỷ",,129 m²,"90,70 triệu/m²",Sổ hồng riêng,,,,,,,3 phòng,,Hoàn thiện cơ bản,,,Chưa bàn giao,Chung cư,Lavish,,20,,,,SM2 20-04,Đông
2025-10-04T12:38:14.295393,Cập nhật 9 ngày trước,17 tỷ,,60 m²,"283,33 triệu/m²",Đã có sổ,,,,,,"Nhà mặt phố, mặt tiền",4 phòng,5 phòng,,4,,,,,,,,,,,
2025-10-04T12:38:14.739559,Cập nhật 9 ngày trước,16 tỷ,Đất thổ cư,80 m²,200 triệu/m²,Đã có sổ,Mặt tiền Hẻm xe hơi,,m²,,,,,,,,,,,,,,,,,,
2025-10-04T12:38:16.704792,Cập nhật 9 ngày trước,"18,9 tỷ",,69 m²,"273,91 triệu/m²",Đã có sổ,Hẻm xe hơi,,,,,"Nhà ngõ, hẻm",4 phòng,,Nội thất cao cấp,4,69 m²,,,,,,,,,,
2025-10-04T12:38:20.366614,Cập nhật 9 ngày trước,"5,6 tỷ",,33 m²,"169,70 triệu/m²",Đã có sổ,,3.5 m,,,9 m,"Nhà ngõ, hẻm",3 phòng,4 phòng,Nội thất đầy đủ,5,35 m²,,,,,,,,,,
2025-10-04T12:38:25.079692,Cập nhật 9 ngày trước,"5,72 tỷ",Đất thổ cư,71 m²,"80,56 triệu/m²",Đã có sổ,,,,,,,,,,,,,,,,,,,,,
2025-10-04T12:38:25.535629,Cập nhật 9 ngày trước,"27,9 tỷ",,93 m²,300 triệu/m²,Đã có sổ,Hẻm xe hơi,5 m,,,,"Nhà mặt phố, mặt tiền",4 phòng,6 phòng,Nội thất cao cấp,7,,,,,,,,,,,
2025-10-04T12:38:26.241731,Cập nhật 9 ngày trước,"16,2 tỷ",,75 m²,216 triệu/m²,Đã có sổ,Hẻm xe hơi Nhà nở hậu,4 m,,,,"Nhà mặt phố, mặt tiền",5 phòng,5 phòng,Nội thất đầy đủ,5,80 m²,,,,,,,,,,
2025-10-04T12:38:29.834026,Cập nhật 9 ngày trước,"9,7 tỷ",,77 m²,"125,97 triệu/m²",Đã có sổ,Hẻm xe hơi,4 m,,,,"Nhà ngõ, hẻm",4 phòng,4 phòng,Nội thất đầy đủ,2,210 m²,,,,,,,,,,
2025-10-04T12:38:34.142914,Cập nhật 9 ngày trước,"15,2 tỷ",,105.6 m²,"143,94 triệu/m²",Đã có sổ,,,,,,,,,,,,,,,Shophouse,,,,,,
2025-10-04T12:38:34.936609,Cập nhật 9 ngày trước,"6,3 tỷ",,150 m²,42 triệu/m²,Sổ hồng riêng,,,,,,,4 phòng,2 phòng,Nội thất cao cấp,,,Đã bàn giao,"Tập thể, cư xá",,,2,Căn góc,,,,
2025-10-04T12:38:36.420525,Cập nhật 9 ngày trước,"7,1 tỷ",,41 m²,"173,17 triệu/m²",Đã có sổ,,,,,,"Nhà ngõ, hẻm",4 phòng,,,,,,,,,,,,,,
2025-10-04T12:38:41.187031,Cập nhật 9 ngày trước,"5,2 tỷ",,30.5 m²,"170,49 triệu/m²",Đã có sổ,Nhà nở hậu,3.6 m,,,10 m,"Nhà ngõ, hẻm",4 phòng,3 phòng,Nội thất đầy đủ,5,30.5 m²,,,,,,,,,,
2025-10-04T12:38:45.540786,Cập nhật 9 ngày trước,"16,5 tỷ",,160 m²,"103,12 triệu/m²",Đã có sổ,,,,,,,,,Nội thất đầy đủ,,,,,,Mặt bằng kinh doanh,1,,,,,
2025-10-04T12:38:45.858918,Cập nhật 9 ngày trước,"1,25 tỷ",Đất nông nghiệp,60 m²,"20,83 triệu/m²",Sổ chung / công chứng vi bằng,,,,,,,,,,,,,,,,,,,,,
2025-10-04T12:38:50.422742,Cập nhật 9 ngày trước,"4,7 tỷ",,80 m²,"58,75 triệu/m²",Đã có sổ,,,,Đông Nam,,"Nhà mặt phố, mặt tiền",4 phòng,3 phòng,Nội thất cao cấp,4,200 m²,,,,,,,,,,
2025-10-04T12:38:54.261893,Cập nhật 9 ngày trước,"7,2 tỷ",,42 m²,"171,43 triệu/m²",Đã có sổ,,,,,,"Nhà ngõ, hẻm",4 phòng,,,,,,,,,,,,,,
2025-10-04T12:38:55.290054,Cập nhật 9 ngày trước,"10,425 tỷ",,44 m²,"236,93 triệu/m²",Đã có sổ,,,,,,"Nhà ngõ, hẻm",4 phòng,3 phòng,Hoàn thiện cơ bản,3,38 m²,,,,,,,,,,
2025-10-04T12:38:55.751759,Cập nhật 9 ngày trước,"6,725 tỷ",,35 m²,"192,14 triệu/m²",Đã có sổ,Nhà nở hậu,,,,,"Nhà ngõ, hẻm",4 phòng,,,4,,,,,,,,,,,
2025-10-04T12:38:55.876332,Cập nhật 9 ngày trước,"13,7 tỷ",,52 m²,"263,46 triệu/m²",Đã có sổ,Hẻm xe hơi Nhà nở hậu,5 m,,,10.5 m,"Nhà ngõ, hẻm",6 phòng,5 phòng,Nội thất đầy đủ,5,52 m²,,,,,,,,,,
2025-10-04T12:39:03.829537,Cập nhật 9 ngày trước,"13,5 tỷ",,50 m²,270 triệu/m²,Đã có sổ,,,,,,"Nhà ngõ, hẻm",4 phòng,4 phòng,Nội thất đầy đủ,4,50 m²,,,,,,,,,,
2025-10-04T12:39:04.417731,Cập nhật 9 ngày trước,"12,5 tỷ",,51 m²,"245,10 triệu/m²",Đã có sổ,,,,,,"Nhà ngõ, hẻm",4 phòng,3 phòng,Nội thất đầy đủ,4,200 m²,,,,,,,,,,
2025-10-04T12:39:07.746405,Cập nhật 9 ngày trước,"18,3 tỷ",,45 m²,"406,67 triệu/m²",Đã có sổ,,,,,,"Nhà mặt phố, mặt tiền",4 phòng,,,,,,,,,,,,,,
2025-10-04T12:39:09.530825,Cập nhật 9 ngày trước,72 tỷ,,90 m²,800 triệu/m²,Đã có sổ,,,,,,"Nhà mặt phố, mặt tiền",4 phòng,,,,90 m²,,,,,,,,,,
2025-10-04T12:39:13.106132,Cập nhật 9 ngày trước,"6,7 tỷ",,33 m²,"203,03 triệu/m²",Đã có sổ,Nhà nở hậu,,,,,"Nhà ngõ, hẻm",3 phòng,4 phòng,Nội thất đầy đủ,5,33 m²,,,,,,,,,,
2025-10-04T12:39:13.332112,Cập nhật 9 ngày trước,"8,2 tỷ",,31 m²,"264,52 triệu/m²",Đã có sổ,,3.4 m,,,,"Nhà ngõ, hẻm",4 phòng,4 phòng,Nội thất đầy đủ,6,,,,,,,,,,,
2025-10-04T12:39:13.866364,Cập nhật 9 ngày trước,"3,65 tỷ",,32.5 m²,"112,31 triệu/m²",Đã có sổ,,,,Bắc,,"Nhà ngõ, hẻm",3 phòng,3 phòng,,,32.5 m²,,,,,,,,,,
2025-10-04T12:39:18.191607,Cập nhật 9 ngày trước,"8,6 tỷ",,50 m²,172 triệu/m²,Đã có sổ,Hẻm xe hơi Nhà nở hậu,5 m,,,,"Nhà ngõ, hẻm",3 phòng,4 phòng,Hoàn thiện cơ bản,4,50 m²,,,,,,,,,,
2025-10-04T12:39:18.711557,Cập nhật 9 ngày trước,20 tỷ,,60 m²,"333,33 triệu/m²",Đã có sổ,Hẻm xe hơi,4.5 m,,,13.3 m,"Nhà ngõ, hẻm",4 phòng,4 phòng,Bàn giao thô,4,60 m²,,,,,,,,,,
2025-10-04T12:39:21.991578,Cập nhật 9 ngày trước,95 tỷ,,125 m²,760 triệu/m²,Đã có sổ,Nhà nở hậu,3 m,,Đông Bắc,45 m,"Nhà mặt phố, mặt tiền",8 phòng,2 phòng,,2,250 m²,,,,,,,,,,
2025-10-04T12:39:22.969260,Cập nhật 9 ngày trước,"6,5 tỷ",,82 m²,"79,27 triệu/m²",Đã có sổ,,3.5 m,,Bắc,23.42 m,"Nhà mặt phố, mặt tiền",6 phòng,3 phòng,,3,,,,,,,,,,,
2025-10-04T12:39:23.079431,Cập nhật 9 ngày trước,31 tỷ,,100 m²,310 triệu/m²,Đã có sổ,,,,,,"Nhà mặt phố, mặt tiền",3 phòng,,,,,,,,,,,,,,
2025-10-04T12:39:27.775012,Cập nhật 9 ngày trước,9 tỷ,,38 m²,"236,84 triệu/m²",Đã có sổ,,3.5 m,,,12 m,"Nhà ngõ, hẻm",8 phòng,Nhiều hơn 6 phòng,,,38 m²,,,,,,,,,,
2025-10-04T12:39:31.725605,Cập nhật 9 ngày trước,"1,15 tỷ",,52 m²,"22,12 triệu/m²",Đang chờ sổ,,,,,,,2 phòng,2 phòng,,,,Đã bàn giao,Chung cư,8,,6,Căn góc,,,,
2025-10-04T12:39:34.367644,Cập nhật 9 ngày trước,"6,5 tỷ",,47 m²,"138,30 triệu/m²",Đã có sổ,Hẻm xe hơi,4.4 m,,,,"Nhà ngõ, hẻm",5 phòng,5 phòng,Bàn giao thô,1,47 m²,,,,,,,,,,
2025-10-04T12:39:37.092557,Cập nhật 9 ngày trước,19 tỷ,,68 m²,"279,41 triệu/m²",Đã có sổ,Hẻm xe hơi,,,,,"Nhà mặt phố, mặt tiền",5 phòng,5 phòng,Nội thất đầy đủ,5,,,,,,,,,,,
2025-10-04T12:39:40.431649,Cập nhật 9 ngày trước,"2,05 tỷ",,55 m²,"37,27 triệu/m²",Hợp đồng mua bán,,,,,,,2 phòng,2 phòng,Nội thất đầy đủ,,,Đã bàn giao,Chung cư,,,,,,,,
2025-10-04T12:39:42.613943,Cập nhật 9 ngày trước,"5,95 tỷ",,32 m²,"185,94 triệu/m²",Đã có sổ,Nhà nở hậu,7 m,,,,"Nhà ngõ, hẻm",3 phòng,4 phòng,Nội thất đầy đủ,,32 m²,,,,,,,,,,
2025-10-04T12:39:44.269671,Cập nhật 9 ngày trước,"7,7 tỷ",,170 m²,"45,29 triệu/m²",Sổ hồng riêng,,,,,,,6 phòng,4 phòng,,,,Chưa bàn giao,Duplex,,,,,,,,
2025-10-04T12:39:47.277998,Cập nhật 9 ngày trước,"8,35 tỷ",Đất thổ cư,60 m²,"139,17 triệu/m²",Đã có sổ,Hẻm xe hơi Thổ cư 1 phần,4 m,,,15 m,,,,,,,,,,,,,,,,
2025-10-04T12:39:49.258196,Cập nhật 9 ngày trước,"45,8 tỷ",,135 m²,"339,26 triệu/m²",Đã có sổ,Hẻm xe hơi,7 m,,Đông Nam,19 m,Nhà biệt thự,3 phòng,3 phòng,Nội thất cao cấp,3,135 m²,,,,,,,,,,
2025-10-04T12:39:51.993166,Cập nhật 9 ngày trước,12 tỷ,,45 m²,"266,67 triệu/m²",Đã có sổ,,,,,,"Nhà ngõ, hẻm",4 phòng,3 phòng,Nội thất đầy đủ,5,45 m²,,,,,,,,,,
2025-10-04T12:39:53.378524,Cập nhật 9 ngày trước,"1,5 tỷ",,45 m²,"33,33 triệu/m²",Hợp đồng mua bán,,,,,,,2 phòng,1 phòng,Nội thất đầy đủ,,,Đã bàn giao,Chung cư,,,,,,,,
2025-10-04T12:39:53.833880,Cập nhật 9 ngày trước,5 tỷ,,31 m²,"161,29 triệu/m²",Đã có sổ,,,,,,"Nhà ngõ, hẻm",3 phòng,,,4,,,,,,,,,,,
2025-10-04T12:39:58.338640,Cập nhật 9 ngày trước,"7,5 tỷ",,38 m²,"197,37 triệu/m²",Đã có sổ,,,,,,"Nhà ngõ, hẻm",3 phòng,,Nội thất cao cấp,5,,,,,,,,,,,
2025-10-04T12:40:00.814463,Cập nhật 9 ngày trước,"7,5 tỷ",,32 m²,"234,38 triệu/m²",Đã có sổ,Hẻm xe hơi,3.2 m,,Đông Nam,10 m,"Nhà ngõ, hẻm",4 phòng,3 phòng,Nội thất đầy đủ,4,,,,,,,,,,,
2025-10-04T12:40:01.755532,Cập nhật 9 ngày trước,"7,8 tỷ",,51 m²,"152,94 triệu/m²",Đã có sổ,,,,,,"Nhà ngõ, hẻm",2 phòng,1 phòng,,,51 m²,,,,,,,,,,
2025-10-04T12:40:02.491189,Cập nhật 9 ngày trước,"6,35 tỷ",,25 m²,254 triệu/m²,Đã có sổ,,,,,,"Nhà ngõ, hẻm",4 phòng,5 phòng,,6,,,,,,,,,,,
2025-10-04T12:40:02.337034,Cập nhật 9 ngày trước,"13,5 tỷ",,50 m²,270 triệu/m²,Đã có sổ,,,,,,"Nhà ngõ, hẻm",4 phòng,4 phòng,Nội thất đầy đủ,4,50 m²,,,,,,,,,,
2025-10-04T12:40:11.147866,Cập nhật 9 ngày trước,23 tỷ,Đất thổ cư,80 m²,"287,50 triệu/m²",Đã có sổ,,,m²,,,,,,,,,,,,,,,,,,
2025-10-04T12:40:11.284959,Cập nhật 9 ngày trước,"5,755 tỷ",,32 m²,"179,84 triệu/m²",Đã có sổ,Nhà nở hậu,,,,,"Nhà mặt phố, mặt tiền",3 phòng,3 phòng,Nội thất đầy đủ,4,32 m²,,,,,,,,,,
2025-10-04T12:40:13.059645,Cập nhật 9 ngày trước,"7,5 tỷ",,40 m²,"187,50 triệu/m²",Đã có sổ,,,,,,"Nhà ngõ, hẻm",5 phòng,4 phòng,Hoàn thiện cơ bản,4,,,,,,,,,,,
2025-10-04T12:40:16.694562,Cập nhật 9 ngày trước,"9,3 tỷ",Đất thổ cư,60 m²,155 triệu/m²,Đã có sổ,,5 m,,,,,,,,,,,,,,,,,,,
2025-10-04T12:40:18.901849,Cập nhật 9 ngày trước,"12,78 tỷ",,48 m²,"266,25 triệu/m²",Đã có sổ,,,,,,"Nhà ngõ, hẻm",3 phòng,4 phòng,Hoàn thiện cơ bản,5,50 m²,,,,,,,,,,
2025-10-04T12:40:21.340153,Cập nhật 9 ngày trước,26 tỷ,Đất thổ cư,117 m²,"222,22 triệu/m²",Đã có sổ,Mặt tiền Nở hậu Thổ cư toàn bộ,9.5 m,m²,,12.3 m,,,,,,,,,,,,,,,,
2025-10-04T12:40:21.393739,Cập nhật 9 ngày trước,"9,8 tỷ",,37 m²,"264,86 triệu/m²",Đã có sổ,Hiện trạng khác,,,Nam,,"Nhà ngõ, hẻm",3 phòng,4 phòng,Nội thất đầy đủ,5,193 m²,,,,,,,,,,
2025-10-04T12:40:23.075440,Cập nhật 9 ngày trước,"4,4 tỷ",,35 m²,"125,71 triệu/m²",Đã có sổ,Nhà nở hậu,4 m,,,,"Nhà ngõ, hẻm",3 phòng,,Hoàn thiện cơ bản,5,35 m²,,,,,,,,,,
2025-10-04T12:40:27.939463,Cập nhật 9 ngày trước,"7,1 tỷ",,39 m²,"182,05 triệu/m²",Đã có sổ,,,,,,"Nhà ngõ, hẻm",3 phòng,,,,,,,,,,,,,,
2025-10-04T12:40:31.959368,Cập nhật 9 ngày trước,"7,8 tỷ",,46 m²,"169,57 triệu/m²",Đã có sổ,,5 m,,,9.4 m,"Nhà ngõ, hẻm",3 phòng,3 phòng,Hoàn thiện cơ bản,4,230 m²,,,,,,,,,,
2025-10-04T12:40:32.355265,Cập nhật 9 ngày trước,"4,58 tỷ",,60 m²,"76,33 triệu/m²",Sổ hồng riêng,,,,,,,2 phòng,,,,,Đã bàn giao,"Tập thể, cư xá",,,,,,,,
2025-10-04T12:40:36.819835,Cập nhật 9 ngày trước,"1,59 tỷ",,11 m²,"144,55 triệu/m²",Không có sổ,,,,,,"Nhà ngõ, hẻm",2 phòng,2 phòng,Nội thất đầy đủ,4,,,,,,,,,,,
2025-10-04T12:40:37.018668,Cập nhật 9 ngày trước,"7,2 tỷ",,38 m²,"189,47 triệu/m²",Đã có sổ,,,,,,"Nhà ngõ, hẻm",3 phòng,,,,,,,,,,,,,,
2025-10-04T12:40:39.288472,Cập nhật 9 ngày trước,"6,75 tỷ",Đất thổ cư,62 m²,"108,87 triệu/m²",Đã có sổ,Nở hậu,,,,,,,,,,,,,,,,,,,,
2025-10-04T12:40:41.452657,Cập nhật 9 ngày trước,3 tỷ,Đất thổ cư,100 m²,30 triệu/m²,Đã có sổ,Mặt tiền Hẻm xe hơi Nở hậu,,m²,,,,,,,,,,,,,,,,,,
2025-10-04T12:40:46.110771,Cập nhật 9 ngày trước,5 tỷ,,40 m²,125 triệu/m²,Đã có sổ,,,,Đông Nam,,"Nhà ngõ, hẻm",3 phòng,4 phòng,Hoàn thiện cơ bản,5,200 m²,,,,,,,,,,
2025-10-04T12:40:46.216804,Cập nhật 9 ngày trước,7 tỷ,,33 m²,"212,12 triệu/m²",Đã có sổ,Hẻm xe hơi,3.8 m,,Đông Nam,,"Nhà ngõ, hẻm",4 phòng,4 phòng,Nội thất đầy đủ,5,33 m²,,,,,,,,,,
2025-10-04T12:40:48.867330,Cập nhật 9 ngày trước,"6,8 tỷ",,47 m²,"144,68 triệu/m²",Đã có sổ,Nhà nở hậu,6 m,,Tây Nam,7.75 m,"Nhà ngõ, hẻm",4 phòng,3 phòng,Nội thất đầy đủ,4,47 m²,,,,,,,,,,
2025-10-04T12:40:50.378574,Cập nhật 9 ngày trước,250 tỷ,,320 m²,"781,25 triệu/m²",Đã có sổ,Nhà nở hậu,11 m,,Đông Bắc,30 m,Nhà biệt thự,5 phòng,5 phòng,Hoàn thiện cơ bản,2,600 m²,,,,,,,,,,
2025-10-04T12:40:55.265794,Cập nhật 9 ngày trước,"7,4 tỷ",,32 m²,"231,25 triệu/m²",Đã có sổ,,4 m,,,8 m,"Nhà ngõ, hẻm",4 phòng,4 phòng,Nội thất đầy đủ,6,,,,,,,,,,,
2025-10-04T12:40:55.682000,Cập nhật 9 ngày trước,7 tỷ,Đất thổ cư,344 m²,"20,35 triệu/m²",Đã có sổ,Mặt tiền,9 m,m²,,38 m,,,,,,,,,,,,,,,,
2025-10-04T12:40:59.831593,Cập nhật 9 ngày trước,"10,8 tỷ",,41 m²,"263,41 triệu/m²",Đã có sổ,Hẻm xe hơi Nhà nở hậu,4 m,,,,"Nhà mặt phố, mặt tiền",6 phòng,4 phòng,Nội thất đầy đủ,4,200 m²,,,,,,,,,,
2025-10-04T12:41:00.149555,Cập nhật 9 ngày trước,"7,86 tỷ",,32 m²,"245,62 triệu/m²",Đã có sổ,,6.8 m,,,,"Nhà ngõ, hẻm",4 phòng,,Nội thất đầy đủ,5,32 m²,,,,,,,,,,
2025-10-04T12:41:00.927200,Cập nhật 9 ngày trước,"5,1 tỷ",,22 m²,"231,82 triệu/m²",Đã có sổ,,,,,,"Nhà ngõ, hẻm",2 phòng,3 phòng,,4,,,,,,,,,,,
2025-10-04T12:41:05.120072,Cập nhật 9 ngày trước,"8,95 tỷ",,44 m²,"203,41 triệu/m²",Đã có sổ,Nhà nở hậu,,,,,"Nhà ngõ, hẻm",3 phòng,4 phòng,Nội thất đầy đủ,5,44 m²,,,,,,,,,,
2025-10-04T12:41:06.451104,Cập nhật 9 ngày trước,7 tỷ,,38 m²,"184,21 triệu/m²",Đã có sổ,,,,,,"Nhà ngõ, hẻm",3 phòng,3 phòng,,,,,,,,,,,,,
2025-10-04T12:41:09.442179,Cập nhật 9 ngày trước,"4,5 tỷ",,31 m²,"145,16 triệu/m²",Đã có sổ,,,,,,"Nhà ngõ, hẻm",3 phòng,,,,,,,,,,,,,,
2025-10-04T12:41:09.485168,Cập nhật 9 ngày trước,"18,9 tỷ",Đất thổ cư,90 m²,210 triệu/m²,Đã có sổ,Mặt tiền Hẻm xe hơi Thổ cư toàn bộ,4.4 m,m²,Đông Bắc,20.45 m,,,,,,,,,,,,,,,,
2025-10-04T12:41:10.145296,Cập nhật 9 ngày trước,"22,9 tỷ",,68 m²,"336,76 triệu/m²",Đã có sổ,Hẻm xe hơi Nhà nở hậu,,,,,"Nhà mặt phố, mặt tiền",5 phòng,6 phòng,Nội thất cao cấp,7,68 m²,,,,,,,,,,
2025-10-04T12:41:15.196858,Cập nhật 9 ngày trước,"6,3 tỷ",,25 m²,252 triệu/m²,Đã có sổ,,3.3 m,,,7 m,"Nhà ngõ, hẻm",3 phòng,4 phòng,Nội thất cao cấp,5,25 m²,,,,,,,,,,
2025-10-04T12:41:15.604831,Cập nhật 9 ngày trước,3 tỷ,,80 m²,"37,50 triệu/m²",Đã có sổ,,5.2 m,,,15.5 m,"Nhà ngõ, hẻm",2 phòng,1 phòng,,,80 m²,,,,,,,,,,
2025-10-04T12:41:19.523176,Cập nhật 9 ngày trước,"5,24 tỷ",Đất thổ cư,78 m²,"67,18 triệu/m²",Đã có sổ,Mặt tiền Hẻm xe hơi Thổ cư toàn bộ,4.3 m,,Nam,10 m,,,,,,,,,,,,,,,,
2025-10-04T12:41:19.804511,Cập nhật 9 ngày trước,"6,8 tỷ",,36 m²,"188,89 triệu/m²",Đã có sổ,,,,,,"Nhà ngõ, hẻm",3 phòng,4 phòng,Nội thất đầy đủ,5,,,,,,,,,,,
2025-10-04T12:41:25.537072,Cập nhật 9 ngày trước,"7,95 tỷ",,30 m²,265 triệu/m²,Đã có sổ,,,,,,"Nhà ngõ, hẻm",3 phòng,,,5,,,,,,,,,,,
2025-10-04T12:41:25.851704,Cập nhật 9 ngày trước,12 tỷ,,35 m²,"342,86 triệu/m²",Đã có sổ,Nhà nở hậu,,,,,"Nhà ngõ, hẻm",4 phòng,,,6,,,,,,,,,,,
2025-10-04T12:41:29.473821,Cập nhật 9 ngày trước,8 tỷ,,35 m²,"228,57 triệu/m²",Đã có sổ,,,,,,"Nhà ngõ, hẻm",3 phòng,,Nội thất cao cấp,5,,,,,,,,,,,
2025-10-04T12:41:29.501430,Cập nhật 9 ngày trước,3 tỷ,Đất thổ cư,60 m²,50 triệu/m²,Đã có sổ,,6 m,m²,,10 m,,,,,,,,,,,,,,,,
2025-10-04T12:41:29.592029,Cập nhật 9 ngày trước,"5,2 tỷ",,30.2 m²,"172,19 triệu/m²",Đã có sổ,,,,,,"Nhà ngõ, hẻm",3 phòng,3 phòng,,,30.2 m²,,,,,,,,,,
2025-10-04T12:41:36.342965,Cập nhật 9 ngày trước,"1,26 tỷ",,50 m²,"25,20 triệu/m²",Hợp đồng mua bán,,,,,,,2 phòng,1 phòng,Nội thất cao cấp,,,Đã bàn giao,Chung cư,5,,5,,,,,
2025-10-04T12:41:36.528539,Cập nhật 9 ngày trước,"8,6 tỷ",,46 m²,"186,96 triệu/m²",Đã có sổ,,,,,,"Nhà ngõ, hẻm",4 phòng,3 phòng,,,,,,,,,,,,,
2025-10-04T12:41:39.738946,Cập nhật 9 ngày trước,"7,45 tỷ",,39 m²,"191,03 triệu/m²",Đã có sổ,,,,,,"Nhà ngõ, hẻm",3 phòng,,,,,,,,,,,,,,
2025-10-04T12:41:38.748075,Cập nhật 9 ngày trước,"8,23 tỷ",,47 m²,"175,11 triệu/m²",Đã có sổ,,,,,,"Nhà ngõ, hẻm",5 phòng,,,,,,,,,,,,,,
2025-10-04T12:41:39.522497,Cập nhật 9 ngày trước,"7,8 tỷ",,42 m²,"185,71 triệu/m²",Đã có sổ,,,,,,"Nhà ngõ, hẻm",4 phòng,,,,,,,,,,,,,,
2025-10-04T12:41:46.063433,Cập nhật 9 ngày trước,"6,7 tỷ",,30 m²,"223,33 triệu/m²",Đã có sổ,,3 m,,,,"Nhà ngõ, hẻm",4 phòng,3 phòng,Nội thất cao cấp,5,,,,,,,,,,,
2025-10-04T12:41:46.440382,Cập nhật 9 ngày trước,"8,39 tỷ",,35 m²,"239,71 triệu/m²",Đã có sổ,Hẻm xe hơi Nhà nở hậu,3.5 m,,Đông,103 m,"Nhà ngõ, hẻm",3 phòng,4 phòng,,6,35 m²,,,,,,,,,,
2025-10-04T12:41:50.464471,Cập nhật 9 ngày trước,18 tỷ,,55 m²,"327,27 triệu/m²",Đã có sổ,Nhà nở hậu Hẻm xe hơi Hiện trạng khác,7 m,,,7.85 m,"Nhà ngõ, hẻm",nhiều hơn 10 phòng,Nhiều hơn 6 phòng,Nội thất đầy đủ,6,55 m²,,,,,,,,,,
2025-10-04T12:41:49.734445,Cập nhật 9 ngày trước,28 tỷ,,120 m²,"233,33 triệu/m²",Đã có sổ,,20 m,,,6 m,Nhà biệt thự,5 phòng,5 phòng,,,120 m²,,,,,,,,,,
2025-10-04T12:41:49.831767,Cập nhật 9 ngày trước,"13,8 tỷ",,44 m²,"313,64 triệu/m²",Đã có sổ,Hẻm xe hơi,,,,,"Nhà ngõ, hẻm",3 phòng,3 phòng,Nội thất đầy đủ,4,,,,,,,,,,,
2025-10-04T12:41:56.027944,Cập nhật 9 ngày trước,"8,99 tỷ",,36 m²,"249,72 triệu/m²",Đã có sổ,Hẻm xe hơi Nhà nở hậu,4 m,,,9 m,"Nhà ngõ, hẻm",3 phòng,4 phòng,Nội thất cao cấp,5,36 m²,,,,,,,,,,
2025-10-04T12:41:57.712376,Cập nhật 9 ngày trước,"5,5 tỷ",,39 m²,"141,03 triệu/m²",Sổ hồng riêng,,,,,,,2 phòng,,,,,Chưa bàn giao,Chung cư,,,,,,,,
2025-10-04T12:42:01.634371,Cập nhật 9 ngày trước,"6,1 tỷ",,34 m²,"179,41 triệu/m²",Đã có sổ,Nhà nở hậu,,,Đông,,"Nhà ngõ, hẻm",4 phòng,4 phòng,,4,34 m²,,,,,,,,,,
2025-10-04T12:42:01.984635,Cập nhật 9 ngày trước,"4,3 tỷ",Đất thổ cư,54 m²,"79,63 triệu/m²",Đã có sổ,,,,,,,,,,,,,,,,,,,,,
2025-10-04T12:42:03.764392,Cập nhật 9 ngày trước,"7,3 tỷ",,48 m²,"152,08 triệu/m²",Đã có sổ,,,,,,"Nhà ngõ, hẻm",4 phòng,4 phòng,,4,,,,,,,,,,,
2025-10-04T12:42:11.173828,Cập nhật 9 ngày trước,"12,55 tỷ",,48 m²,"261,46 triệu/m²",Đã có sổ,Nhà nở hậu,,,,,"Nhà ngõ, hẻm",3 phòng,4 phòng,Nội thất đầy đủ,5,,,,,,,,,,,
2025-10-04T12:42:11.446895,Cập nhật 9 ngày trước,"5,6 tỷ",,44 m²,"127,27 triệu/m²",Đã có sổ,,4 m,,,,"Nhà ngõ, hẻm",4 phòng,,Nội thất đầy đủ,4,44 m²,,,,,,,,,,
2025-10-04T12:42:13.029857,Cập nhật 9 ngày trước,"20,4 tỷ",,50 m²,408 triệu/m²,Đã có sổ,,,,,,"Nhà mặt phố, mặt tiền",4 phòng,,,,,,,,,,,,,,
2025-10-04T12:42:14.457698,Cập nhật 9 ngày trước,"8,5 tỷ",,48 m²,"177,08 triệu/m²",Đã có sổ,,,,,,"Nhà ngõ, hẻm",4 phòng,4 phòng,Nội thất đầy đủ,4,,,,,,,,,,,
2025-10-04T12:42:16.410529,Cập nhật 9 ngày trước,"19,9 tỷ",,103 m²,"193,20 triệu/m²",Đã có sổ,Hẻm xe hơi Nhà nở hậu,4.2 m,,,22 m,"Nhà ngõ, hẻm",4 phòng,4 phòng,Nội thất đầy đủ,3,,,,,,,,,,,
2025-10-04T12:42:23.164101,Cập nhật 9 ngày trước,"5,85 tỷ",,75 m²,78 triệu/m²,Sổ hồng riêng,,,,,,,1 phòng,1 phòng,Bàn giao thô,,,Chưa bàn giao,"Tập thể, cư xá",,,,,,,,
2025-10-04T12:42:23.659168,Cập nhật 9 ngày trước,"8,8 tỷ",,36 m²,"244,44 triệu/m²",Đã có sổ,,5.1 m,,,7 m,"Nhà ngõ, hẻm",3 phòng,4 phòng,Nội thất đầy đủ,6,36 m²,,,,,,,,,,
2025-10-04T12:42:25.763063,Cập nhật 9 ngày trước,"9,1 tỷ",,48 m²,"189,58 triệu/m²",Đã có sổ,,,,,,"Nhà ngõ, hẻm",4 phòng,,,,,,,,,,,,,,
2025-10-04T12:42:31.751865,Cập nhật 9 ngày trước,"9,15 tỷ",,38 m²,"240,79 triệu/m²",Đã có sổ,,,,,,"Nhà ngõ, hẻm",3 phòng,3 phòng,,4,,,,,,,,,,,
2025-10-04T12:42:34.850491,Cập nhật 9 ngày trước,"5,9 tỷ",,21 m²,"280,95 triệu/m²",Đã có sổ,,,,,,"Nhà ngõ, hẻm",2 phòng,,,,,,,,,,,,,,
2025-10-04T12:42:36.418383,Cập nhật 9 ngày trước,"8,5 tỷ",,48 m²,"177,08 triệu/m²",Đã có sổ,,5.3 m,,,,"Nhà ngõ, hẻm",4 phòng,,Hoàn thiện cơ bản,4,48 m²,,,,,,,,,,
2025-10-04T12:42:37.202020,Cập nhật 9 ngày trước,"1,95 tỷ",,23 m²,"84,78 triệu/m²",Đang chờ sổ,,,,,,"Nhà ngõ, hẻm",3 phòng,4 phòng,Nội thất đầy đủ,4,90 m²,,,,,,,,,,
2025-10-04T12:42:42.628274,Cập nhật 9 ngày trước,"5,65 tỷ",Đất thổ cư,66 m²,"85,61 triệu/m²",Đã có sổ,Hẻm xe hơi Thổ cư toàn bộ,4 m,,Tây Bắc,16 m,,,,,,,,,,,,,,,,
2025-10-04T12:42:46.512325,Cập nhật 9 ngày trước,"7,35 tỷ",,38 m²,"193,42 triệu/m²",Đã có sổ,,4 m,,,,"Nhà ngõ, hẻm",3 phòng,,,,,,,,,,,,,,
2025-10-04T12:42:53.156616,Cập nhật 2 ngày trước,"6,4 tỷ",,31 m²,"206,45 triệu/m²",Đã có sổ,,4 m,,Nam,,"Nhà ngõ, hẻm",3 phòng,4 phòng,Nội thất đầy đủ,5,54 m²,,,,,,,,,,
2025-10-04T12:42:55.806174,Cập nhật 9 ngày trước,"12,1 tỷ",,46 m²,"263,04 triệu/m²",Đã có sổ,,,,,,"Nhà ngõ, hẻm",4 phòng,,Nội thất đầy đủ,4,,,,,,,,,,,
2025-10-04T12:42:56.799524,Cập nhật 9 ngày trước,"5,2 tỷ",,75 m²,"69,33 triệu/m²",Sổ hồng riêng,,,,,,,3 phòng,,,,,Chưa bàn giao,"Tập thể, cư xá",,,,,,,,
2025-10-04T12:42:56.706480,Cập nhật 9 ngày trước,"7,93 tỷ",,34 m²,"233,24 triệu/m²",Đã có sổ,Nhà nở hậu,3.9 m,,,,"Nhà ngõ, hẻm",4 phòng,4 phòng,Nội thất đầy đủ,,,,,,,,,,,,
2025-10-04T12:42:56.892924,Cập nhật 9 ngày trước,"5,8 tỷ",,30.5 m²,"190,16 triệu/m²",Đã có sổ,Nhà nở hậu,3.6 m,,,10 m,"Nhà mặt phố, mặt tiền",3 phòng,3 phòng,Nội thất cao cấp,5,30.5 m²,,,,,,,,,,
2025-10-04T12:43:02.509467,Cập nhật 3 ngày trước,"11,9 tỷ",,42 m²,"283,33 triệu/m²",Đã có sổ,,4 m,,,,"Nhà mặt phố, mặt tiền",3 phòng,,Nội thất cao cấp,,42 m²,,,,,,,,,,
2025-10-04T12:43:07.125292,Cập nhật 9 ngày trước,"9,5 tỷ",Đất thổ cư,451 m²,"21,06 triệu/m²",Đã có sổ,Mặt tiền Hẻm xe hơi Nở hậu Thổ cư 1 phần,,m²,,,,,,,,,,,,,,,,,,
2025-10-04T12:43:05.520758,Cập nhật 9 ngày trước,"4,8 tỷ",,32 m²,150 triệu/m²,Đã có sổ,,3.2 m,,,10 m,"Nhà ngõ, hẻm",2 phòng,1 phòng,,,,,,,,,,,,,
2025-10-04T12:43:06.905844,Cập nhật 9 ngày trước,"8,1 tỷ",,35 m²,"231,43 triệu/m²",Đã có sổ,Nhà nở hậu,,,,,"Nhà ngõ, hẻm",3 phòng,4 phòng,,5,,,,,,,,,,,
2025-10-04T12:43:17.158184,Cập nhật 9 ngày trước,"7,5 tỷ",,40 m²,"187,50 triệu/m²",Đã có sổ,,,,,,"Nhà ngõ, hẻm",5 phòng,4 phòng,Hoàn thiện cơ bản,4,,,,,,,,,,,
2025-10-04T12:43:16.985408,Cập nhật 9 ngày trước,"6,949 tỷ",Đất thổ cư,80 m²,"86,86 triệu/m²",Đã có sổ,Hẻm xe hơi Thổ cư toàn bộ,4 m,,Đông Nam,20 m,,,,,,,,,,,,,,,,
2025-10-04T12:43:17.196440,Cập nhật 9 ngày trước,"7,9 tỷ",,42 m²,"188,10 triệu/m²",Đã có sổ,,,,,,"Nhà ngõ, hẻm",3 phòng,,,,,,,,,,,,,,
2025-10-04T12:43:17.732853,Cập nhật 9 ngày trước,"4,25 tỷ",Đất thổ cư,48 m²,"88,54 triệu/m²",Đã có sổ,,4 m,,,12 m,,,,,,,,,,,,,,,,
2025-10-04T12:43:21.935383,Cập nhật 6 ngày trước,"7,2 tỷ",,30 m²,240 triệu/m²,Đã có sổ,,,,,,"Nhà ngõ, hẻm",4 phòng,,Nội thất đầy đủ,4,,,,,,,,,,,
2025-10-04T12:43:27.665458,Cập nhật 9 ngày trước,"15,5 tỷ",,63 m²,"246,03 triệu/m²",Đã có sổ,,,,,,"Nhà ngõ, hẻm",10 phòng,Nhiều hơn 6 phòng,Nội thất cao cấp,6,66 m²,,,,,,,,,,
2025-10-04T12:43:28.020667,Cập nhật 9 ngày trước,"15,2 tỷ",,50 m²,304 triệu/m²,Đã có sổ,,,,,,Nhà phố liền kề,6 phòng,,,7,,,,,,,,,,,
2025-10-04T12:43:28.010453,Cập nhật 9 ngày trước,"11,5 tỷ",,37 m²,"310,81 triệu/m²",Đã có sổ,Hẻm xe hơi Nhà nở hậu,,,,,"Nhà ngõ, hẻm",4 phòng,3 phòng,Nội thất đầy đủ,4,,,,,,,,,,,
2025-10-04T12:43:28.892551,Cập nhật 9 ngày trước,95 tỷ,,125 m²,760 triệu/m²,Đã có sổ,Nhà nở hậu,3 m,,Đông Bắc,45 m,"Nhà mặt phố, mặt tiền",8 phòng,2 phòng,,2,250 m²,,,,,,,,,,
2025-10-04T12:43:38.089699,Cập nhật 9 ngày trước,3 tỷ,Đất thổ cư,30 m²,100 triệu/m²,Đã có sổ,,3.15 m,,,10 m,,,,,,,,,,,,,,,,
2025-10-04T12:43:39.093127,Cập nhật 9 ngày trước,"12,5 tỷ",,54 m²,"231,48 triệu/m²",Đã có sổ,,4.5 m,,,12 m,"Nhà ngõ, hẻm",3 phòng,4 phòng,,4,,,,,,,,,,,
2025-10-04T12:43:42.608799,Cập nhật 9 ngày trước,"7,2 tỷ",,35 m²,"205,71 triệu/m²",Đã có sổ,,,,,,"Nhà ngõ, hẻm",5 phòng,,,,,,,,,,,,,,
2025-10-04T12:43:47.430753,Cập nhật 9 ngày trước,"7,5 tỷ",,43 m²,"174,42 triệu/m²",Đã có sổ,,,,,,"Nhà ngõ, hẻm",5 phòng,,,,,,,,,,,,,,
2025-10-04T12:43:47.453665,Cập nhật 9 ngày trước,"15,2 tỷ",,50 m²,304 triệu/m²,Đã có sổ,,4 m,,,13 m,"Nhà mặt phố, mặt tiền",8 phòng,Nhiều hơn 6 phòng,Nội thất cao cấp,,350 m²,,,,,,,,,,
2025-10-04T12:43:49.779557,Cập nhật 9 ngày trước,"19,5 tỷ",,100 m²,195 triệu/m²,Đã có sổ,Nhà nở hậu,7 m,,,14.28 m,"Nhà ngõ, hẻm",nhiều hơn 10 phòng,Nhiều hơn 6 phòng,Nội thất đầy đủ,6,100 m²,,,,,,,,,,
2025-10-04T12:43:50.310781,Cập nhật 9 ngày trước,54 tỷ,,130 m²,"415,38 triệu/m²",Đã có sổ,,9 m,,,,"Nhà mặt phố, mặt tiền",9 phòng,Nhiều hơn 6 phòng,Nội thất đầy đủ,8,1200 m²,,,,,,,,,,
2025-10-04T12:43:53.474872,Cập nhật 9 ngày trước,"13,9 tỷ",,48 m²,"289,58 triệu/m²",Đã có sổ,,,,,,"Nhà ngõ, hẻm",2 phòng,2 phòng,,3,,,,,,,,,,,
2025-10-04T12:43:58.695276,Cập nhật 9 ngày trước,9 tỷ,,40 m²,225 triệu/m²,Đã có sổ,,,,,,"Nhà ngõ, hẻm",3 phòng,,,6,,,,,,,,,,,
2025-10-04T12:43:59.812105,Cập nhật 9 ngày trước,"6,82 tỷ",,32 m²,"213,12 triệu/m²",Đã có sổ,Nhà nở hậu,4.5 m,,,,"Nhà ngõ, hẻm",4 phòng,4 phòng,,,,,,,,,,,,,
2025-10-04T12:44:00.682628,Cập nhật 9 ngày trước,22 tỷ,,93 m²,"236,56 triệu/m²",Đã có sổ,Nhà nở hậu,5.3 m,,,17 m,"Nhà mặt phố, mặt tiền",6 phòng,,Nội thất đầy đủ,6,100 m²,,,,,,,,,,
2025-10-04T12:44:02.918821,Cập nhật 9 ngày trước,"20,5 tỷ",,25 m²,820 triệu/m²,Đã có sổ,,3 m,,,,"Nhà mặt phố, mặt tiền",4 phòng,4 phòng,Nội thất cao cấp,5,100 m²,,,,,,,,,,
2025-10-04T12:44:06.305747,Cập nhật 9 ngày trước,"7,1 tỷ",,32 m²,"221,88 triệu/m²",Đã có sổ,,,,,,"Nhà ngõ, hẻm",3 phòng,,,,,,,,,,,,,,
2025-10-04T12:44:07.963900,Cập nhật 9 ngày trước,"6,688 tỷ",,40 m²,"167,20 triệu/m²",Đã có sổ,,,,,,"Nhà ngõ, hẻm",4 phòng,3 phòng,,,40 m²,,,,,,,,,,
2025-10-04T12:44:09.495715,Cập nhật 9 ngày trước,"8,7 tỷ",,39 m²,"223,08 triệu/m²",Đã có sổ,,,,,,"Nhà ngõ, hẻm",8 phòng,,Nội thất đầy đủ,6,,,,,,,,,,,
2025-10-04T12:44:12.418424,Cập nhật 9 ngày trước,"7,7 tỷ",,170 m²,"45,29 triệu/m²",Sổ hồng riêng,,,,,,,6 phòng,,,,,Đã bàn giao,Duplex,,,,,,,,
2025-10-04T12:44:16.432386,Cập nhật 9 ngày trước,"7,8 tỷ",,46 m²,"169,57 triệu/m²",Đã có sổ,,,,,,"Nhà ngõ, hẻm",3 phòng,,,,,,,,,,,,,,
2025-10-04T12:44:17.186634,Cập nhật 9 ngày trước,"5,75 tỷ",,35 m²,"164,29 triệu/m²",Đã có sổ,Nhà nở hậu,,,,,"Nhà mặt phố, mặt tiền",3 phòng,4 phòng,,5,35 m²,,,,,,,,,,
2025-10-04T12:44:18.876534,Cập nhật 2 ngày trước,"5,5 tỷ",,25 m²,220 triệu/m²,Đã có sổ,Nhà nở hậu,,,,,"Nhà ngõ, hẻm",3 phòng,3 phòng,Nội thất đầy đủ,4,,,,,,,,,,,
2025-10-04T12:44:19.642278,Cập nhật 9 ngày trước,"7,69 tỷ",,36 m²,"213,61 triệu/m²",Đã có sổ,,,,,,"Nhà ngõ, hẻm",4 phòng,3 phòng,,,,,,,,,,,,,
2025-10-04T12:44:23.198296,Cập nhật 9 ngày trước,"13,755 tỷ",,55 m²,"250,09 triệu/m²",Đã có sổ,Nhà nở hậu,,,,,"Nhà ngõ, hẻm",6 phòng,5 phòng,Nội thất đầy đủ,5,60 m²,,,,,,,,,,
2025-10-04T12:44:26.266595,Cập nhật 9 ngày trước,"8,8 tỷ",Đất thổ cư,49.5 m²,"177,78 triệu/m²",Đã có sổ,Thổ cư toàn bộ,,,,,,,,,,,,,,,,,,,,
2025-10-04T12:44:25.598307,Cập nhật 9 ngày trước,"13,88 tỷ",,82 m²,"169,27 triệu/m²",Đã có sổ,,,,,,"Nhà mặt phố, mặt tiền",5 phòng,,,5,,,,,,,,,,,
2025-10-04T12:44:27.957057,Cập nhật 9 ngày trước,"21,6 tỷ",,77.4 m²,"279,07 triệu/m²",Đã có sổ,Hẻm xe hơi,,,,,"Nhà ngõ, hẻm",5 phòng,3 phòng,Nội thất đầy đủ,4,310 m²,,,,,,,,,,
2025-10-04T12:44:33.169670,Cập nhật 9 ngày trước,"62,45 tỷ",,207 m²,"301,69 triệu/m²",Đã có sổ,,9 m,,,,Nhà biệt thự,5 phòng,5 phòng,Nội thất đầy đủ,5,207 m²,,,,,,,,,,
2025-10-04T12:44:36.762412,Cập nhật 9 ngày trước,"7,3 tỷ",,41 m²,"178,05 triệu/m²",Đã có sổ,,,,,,"Nhà ngõ, hẻm",3 phòng,4 phòng,Nội thất đầy đủ,5,,,,,,,,,,,
2025-10-04T12:44:37.570622,Cập nhật 9 ngày trước,"3,9 tỷ",Đất thổ cư,51 m²,"76,47 triệu/m²",Đã có sổ,,,m²,,,,,,,,,,,,,,,,,,
2025-10-04T12:44:39.719482,Cập nhật 9 ngày trước,"7,8 tỷ",,42 m²,"185,71 triệu/m²",Đã có sổ,,,,,,"Nhà ngõ, hẻm",4 phòng,3 phòng,Nội thất cao cấp,5,,,,,,,,,,,
2025-10-04T12:44:42.872884,Cập nhật 9 ngày trước,"8,15 tỷ",,45 m²,"181,11 triệu/m²",Đã có sổ,,,,,,"Nhà ngõ, hẻm",4 phòng,,,,,,,,,,,,,,
2025-10-04T12:44:46.936656,Cập nhật 9 ngày trước,"3,8 tỷ",,48 m²,"79,17 triệu/m²",Đã có sổ,Hẻm xe hơi Nhà nở hậu,4 m,,Nam,11.2 m,"Nhà ngõ, hẻm",4 phòng,3 phòng,Nội thất đầy đủ,4,48 m²,,,,,,,,,,
2025-10-04T12:44:48.998569,Cập nhật 9 ngày trước,"4,2 tỷ",,35 m²,120 triệu/m²,Không có sổ,,4 m,,,9 m,"Nhà ngõ, hẻm",3 phòng,4 phòng,Nội thất đầy đủ,3,35 m²,,,,,,,,,,
2025-10-04T12:44:49.154518,Cập nhật 9 ngày trước,"7,8 tỷ",,80 m²,"97,50 triệu/m²",Sổ hồng riêng,,,,,,,3 phòng,,,,,Chưa bàn giao,Chung cư,,,,,,,,
2025-10-04T12:44:52.964990,Cập nhật 9 ngày trước,"10,7 tỷ",,40 m²,"267,50 triệu/m²",Đã có sổ,Hẻm xe hơi,3.2 m,,Tây Bắc,13 m,"Nhà ngõ, hẻm",6 phòng,4 phòng,Nội thất cao cấp,5,200 m²,,,,,,,,,,
2025-10-04T12:44:56.918386,Cập nhật 9 ngày trước,"5,85 tỷ",,53 m²,"110,38 triệu/m²",Đã có sổ,,3.5 m,,,,"Nhà ngõ, hẻm",4 phòng,,Nội thất đầy đủ,4,53 m²,,,,,,,,,,
2025-10-04T12:44:57.687820,Cập nhật 9 ngày trước,5 tỷ,,32.7 m²,"152,91 triệu/m²",Sổ hồng riêng,,,,,,,1 phòng,,,,,Đã bàn giao,"Căn hộ dịch vụ, mini",,,,,,,,
2025-10-04T12:44:58.220287,Cập nhật 9 ngày trước,6 tỷ,Đất thổ cư,70 m²,"85,71 triệu/m²",Đã có sổ,,5 m,,,14 m,,,,,,,,,,,,,,,,
2025-10-04T12:44:58.398023,Cập nhật 9 ngày trước,"7,2 tỷ",,45 m²,160 triệu/m²,Đã có sổ,,,,,,"Nhà ngõ, hẻm",3 phòng,,,6,,,,,,,,,,,
2025-10-04T12:45:07.957956,Cập nhật 9 ngày trước,"5,4 tỷ",,65 m²,"83,08 triệu/m²",Sổ hồng riêng,,,,,,,2 phòng,2 phòng,Nội thất cao cấp,,,Đã bàn giao,Chung cư,,,,,,,,Đông Nam
2025-10-04T12:45:08.320119,Cập nhật 9 ngày trước,"13,7 tỷ",Đất nền dự án,50 m²,274 triệu/m²,Đã có sổ,,,,,,,,,,,,,,,,,,,,,
2025-10-04T12:45:08.687514,Cập nhật 9 ngày trước,"8,95 tỷ",,50 m²,179 triệu/m²,Đã có sổ,Hẻm xe hơi Nhà nở hậu,,,,,"Nhà ngõ, hẻm",4 phòng,4 phòng,Hoàn thiện cơ bản,4,50 m²,,,,,,,,,,
2025-10-04T12:45:10.096509,Cập nhật 9 ngày trước,"5,79 tỷ",,80 m²,"72,38 triệu/m²",Sổ hồng riêng,,,,,,,3 phòng,,,,,Đã bàn giao,"Tập thể, cư xá",,,,,,,,
2025-10-04T12:45:16.803543,Cập nhật 9 ngày trước,"7,8 tỷ",,38 m²,"205,26 triệu/m²",Đã có sổ,Hiện trạng khác,,,,,"Nhà ngõ, hẻm",4 phòng,,Nội thất đầy đủ,4,,,,,,,,,,,
2025-10-04T12:45:22.646861,Cập nhật 9 ngày trước,"9,5 tỷ",,52 m²,"182,69 triệu/m²",Đã có sổ,,,,,,"Nhà ngõ, hẻm",4 phòng,,,,,,,,,,,,,,
2025-10-04T12:45:22.717463,Cập nhật 9 ngày trước,"4,2 tỷ",,12 m²,350 triệu/m²,Đã có sổ,Nhà nở hậu,,,,,"Nhà ngõ, hẻm",3 phòng,3 phòng,Nội thất cao cấp,5,16 m²,,,,,,,,,,
2025-10-04T12:45:23.177596,Cập nhật 9 ngày trước,"6,5 tỷ",,31 m²,"209,68 triệu/m²",Đã có sổ,,3.3 m,,Đông Nam,9.3 m,"Nhà ngõ, hẻm",3 phòng,4 phòng,Nội thất đầy đủ,5,31 m²,,,,,,,,,,
2025-10-04T12:45:20.866451,Cập nhật 18 giờ trước,"8,3 tỷ",,43 m²,"193,02 triệu/m²",Đã có sổ,,4 m,,,,"Nhà ngõ, hẻm",5 phòng,,,,,,,,,,,,,,
2025-10-04T12:45:30.442233,Cập nhật 9 ngày trước,6 tỷ,,100 m²,60 triệu/m²,Đã có sổ,Hẻm xe hơi,5 m,,Nam,20 m,"Nhà ngõ, hẻm",2 phòng,2 phòng,Hoàn thiện cơ bản,,100 m²,,,,,,,,,,
2025-10-04T12:45:36.608457,Cập nhật 9 ngày trước,"4,2 tỷ",Đất thổ cư,280 m²,15 triệu/m²,Đã có sổ,"Mặt tiền
Hẻm xe hơi
Nở hậu
Thổ cư 1 phần",,m²,,,,,,,,,,,,,,,,,,
2025-10-04T12:45:36.950144,Cập nhật 9 ngày trước,"8,5 tỷ",,37 m²,"229,73 triệu/m²",Đã có sổ,,,,,,"Nhà ngõ, hẻm",3 phòng,3 phòng,,,,,,,,,,,,,
2025-10-04T12:45:38.430946,Cập nhật 9 ngày trước,"5,8 tỷ",,45 m²,"128,89 triệu/m²",Đã có sổ,,4 m,,,,"Nhà ngõ, hẻm",6 phòng,,Nội thất đầy đủ,5,45 m²,,,,,,,,,,
2025-10-04T12:45:39.229486,Cập nhật 9 ngày trước,"16,5 tỷ",,65 m²,"253,85 triệu/m²",Đã có sổ,Hẻm xe hơi,6.5 m,,,10 m,"Nhà ngõ, hẻm",3 phòng,2 phòng,,3,,,,,,,,,,,
2025-10-04T12:45:44.376752,Cập nhật 9 ngày trước,"4,68 tỷ",,70 m²,"66,86 triệu/m²",Sổ hồng riêng,,,,,,,2 phòng,1 phòng,Nội thất cao cấp,,,Chưa bàn giao,"Tập thể, cư xá",,,3,,,,,
2025-10-04T12:45:50.054888,Cập nhật 9 ngày trước,"13,5 tỷ",,65 m²,"207,69 triệu/m²",Đã có sổ,,,,,,"Nhà ngõ, hẻm",4 phòng,,,,,,,,,,,,,,
2025-10-04T12:45:51.314207,Cập nhật 9 ngày trước,"7,5 tỷ",,25 m²,300 triệu/m²,Đã có sổ,,,,,,"Nhà mặt phố, mặt tiền",5 phòng,,,,,,,,,,,,,,
2025-10-04T12:45:53.490315,Cập nhật 9 ngày trước,"15,5 tỷ",,37 m²,"418,92 triệu/m²",Đã có sổ,"Hẻm xe hơi
Nhà nở hậu",6 m,,Đông Nam,6 m,Nhà phố liền kề,3 phòng,,Nội thất đầy đủ,4,37 m²,,,,,,,,,,
2025-10-04T12:45:55.381025,Cập nhật 9 ngày trước,"8,6 tỷ",,36 m²,"238,89 triệu/m²",Đã có sổ,,,,,,"Nhà ngõ, hẻm",10 phòng,Nhiều hơn 6 phòng,Nội thất đầy đủ,6,,,,,,,,,,,
2025-10-04T12:45:57.762105,Cập nhật 9 ngày trước,"17,6 tỷ",,56 m²,"314,29 triệu/m²",Đã có sổ,Nhà nở hậu,3.8 m,,,,"Nhà mặt phố, mặt tiền",3 phòng,3 phòng,Nội thất đầy đủ,4,56 m²,,,,,,,,,,
2025-10-04T12:46:06.259866,Cập nhật 9 ngày trước,"6,7 tỷ",,38 m²,"176,32 triệu/m²",Đã có sổ,,,,,,"Nhà ngõ, hẻm",3 phòng,,,,,,,,,,,,,,
2025-10-04T12:46:06.176375,Cập nhật 9 ngày trước,"8,35 tỷ",,45 m²,"185,56 triệu/m²",Đã có sổ,,,,,,"Nhà ngõ, hẻm",4 phòng,,Nội thất cao cấp,5,,,,,,,,,,,
2025-10-04T12:46:09.347694,Cập nhật 9 ngày trước,"7,9 tỷ",,36 m²,"219,44 triệu/m²",Đã có sổ,,,,,,"Nhà ngõ, hẻm",4 phòng,4 phòng,,4,35 m²,,,,,,,,,,
2025-10-04T12:46:10.663161,Cập nhật 9 ngày trước,"12,1 tỷ",,39 m²,"310,26 triệu/m²",Đã có sổ,,,,,,"Nhà ngõ, hẻm",3 phòng,6 phòng,Nội thất cao cấp,6,234 m²,,,,,,,,,,
2025-10-04T12:46:19.298759,Cập nhật 9 ngày trước,"7,65 tỷ",,42 m²,"182,14 triệu/m²",Đã có sổ,,,,,,"Nhà ngõ, hẻm",3 phòng,4 phòng,Nội thất đầy đủ,5,,,,,,,,,,,
2025-10-04T12:46:21.466060,Cập nhật 1 ngày trước,"4,88 tỷ",,22 m²,"221,82 triệu/m²",Đã có sổ,"Hẻm xe hơi
Nhà nở hậu",4 m,,Tây Bắc,6 m,"Nhà ngõ, hẻm",3 phòng,3 phòng,Nội thất đầy đủ,5,22 m²,,,09,,,,,,,
