now,published_at,price,house_type,size,price_m2,property_legal_document,rooms,toilets,furnishing_sell,floors,property_status,apartment_type,floornumber,land_type,pty_characteristics,width,length,block,size_unit,living_size,unitnumber,commercial_type,direction,apartment_feature,balconydirection
2025-10-04T00:12:57.583293,Cập nhật 15 giờ trước,"7,8 tỷ","Nhà ngõ, hẻm",48 m²,"162,50 triệu/m²",Đã có sổ,4 phòng,5 phòng,Nội thất đầy đủ,6,,,,,,,,,,,,,,,
2025-10-04T00:12:58.562183,Cập nhật 7 ngày trước,"4,38 tỷ","Nhà ngõ, hẻm",32 m²,"136,88 triệu/m²",Đã có sổ,3 phòng,,,,,,,,,,,,,,,,,,
2025-10-04T00:13:00.342648,Cập nhật 8 ngày trước,"6,28 tỷ",,111 m²,"56,58 triệu/m²",Đang chờ sổ,3 phòng,2 phòng,,,Đã bàn giao,Chung cư,9,,,,,,,,,,,,
2025-10-04T00:13:00.404643,Cập nhật 1 ngày trước,"2,59 tỷ",,56.5 m²,"45,84 triệu/m²",Đã có sổ,,,,,,,,Đất thổ cư,"Hẻm xe hơi
Thổ cư toàn bộ
Mặt tiền",7.3 m,7.7 m,Xuân Bách,m²,,,,,,
2025-10-04T00:13:02.598530,Cập nhật 5 giờ trước,"8,3 tỷ","Nhà ngõ, hẻm",43 m²,"193,02 triệu/m²",Đã có sổ,5 phòng,,,,,,,,,4 m,,,,,,,,,
2025-10-04T00:13:09.893384,Cập nhật 8 ngày trước,"8,6 tỷ","Nhà ngõ, hẻm",48 m²,"179,17 triệu/m²",Đã có sổ,4 phòng,,,,,,,,,,,,,,,,,,
2025-10-04T00:13:12.778474,Cập nhật 8 ngày trước,9 tỷ,,45 m²,200 triệu/m²,Đã có sổ,,,,,,,,Đất thổ cư,,4 m,11 m,,m²,,,,,,
2025-10-04T00:13:15.401679,Cập nhật 1 ngày trước,"15,2 tỷ","Nhà mặt phố, mặt tiền",50 m²,304 triệu/m²,Đã có sổ,6 phòng,5 phòng,,5,,,,,,,,,,50 m²,,,,,
2025-10-04T00:13:20.045899,Cập nhật 9 ngày trước,"6,4 tỷ",,75 m²,"85,33 triệu/m²",Đã có sổ,,,,,,,,Đất thổ cư,Mặt tiền Hẻm xe hơi Thổ cư toàn bộ,4.3 m,,,,,,,,,
2025-10-04T00:13:20.189101,Cập nhật 9 ngày trước,"7,6 tỷ","Nhà ngõ, hẻm",39 m²,"194,87 triệu/m²",Đã có sổ,4 phòng,,,,,,,,,,,,,,,,,,
2025-10-04T00:13:20.752655,Cập nhật 6 ngày trước,"1,35 tỷ","Nhà ngõ, hẻm",18 m²,75 triệu/m²,Không có sổ,2 phòng,,,3,,,,,,,,,,,,,,,
2025-10-04T00:13:22.040032,Cập nhật 8 ngày trước,8 tỷ,"Nhà ngõ, hẻm",35 m²,"228,57 triệu/m²",Đã có sổ,5 phòng,5 phòng,Nội thất cao cấp,7,,,,,Hẻm xe hơi,,,,,35 m²,,,,,
2025-10-04T00:13:22.561840,Cập nhật 8 ngày trước,"9,29 tỷ","Nhà ngõ, hẻm",38 m²,"244,47 triệu/m²",Đã có sổ,5 phòng,6 phòng,Nội thất cao cấp,7,,,,,,,,,,38 m²,,,,,
2025-10-04T00:13:28.134553,Cập nhật 7 ngày trước,"5,1 tỷ","Nhà ngõ, hẻm",32 m²,"159,38 triệu/m²",Đã có sổ,3 phòng,4 phòng,Hoàn thiện cơ bản,5,,,,,,,,,,,,,,,
2025-10-04T00:13:28.456338,Cập nhật 8 ngày trước,"14,5 tỷ",,300 m²,"48,33 triệu/m²",Đã có sổ,,,,,,,,Đất thổ cư,Mặt tiền Thổ cư toàn bộ,12 m,25 m,Khu TĐC Linh Sơn Bình Yên,m²,,23,,,,
2025-10-04T00:13:28.872092,Cập nhật 6 ngày trước,15 tỷ,"Nhà ngõ, hẻm",55 m²,"272,73 triệu/m²",Đã có sổ,3 phòng,,,,,,,,Hẻm xe hơi,,,,,,,,,,
2025-10-04T00:13:29.942960,Cập nhật 7 ngày trước,"12,8 tỷ",,80 m²,160 triệu/m²,Đã có sổ,,,,,,,,,,,,,,,,Mặt bằng kinh doanh,,,
2025-10-04T00:13:30.462339,Cập nhật 9 ngày trước,"13,5 tỷ","Nhà ngõ, hẻm",56 m²,"241,07 triệu/m²",Đã có sổ,4 phòng,3 phòng,,,,,,,Hẻm xe hơi,4 m,,,,,,,,,
2025-10-04T00:13:35.365149,Cập nhật 9 ngày trước,"8,6 tỷ","Nhà ngõ, hẻm",50 m²,172 triệu/m²,Đã có sổ,3 phòng,4 phòng,Hoàn thiện cơ bản,4,,,,,Hẻm xe hơi Nhà nở hậu,5 m,,,,50 m²,,,,,
2025-10-04T00:13:36.091683,Cập nhật 8 ngày trước,"4,5 tỷ",,90 m²,50 triệu/m²,Sổ hồng riêng,3 phòng,2 phòng,Nội thất đầy đủ,,Chưa bàn giao,"Tập thể, cư xá",,,,,,,,,,,,,
2025-10-04T00:13:36.847457,Cập nhật 3 ngày trước,"14,4 tỷ",Nhà biệt thự,68 m²,"211,76 triệu/m²",Đã có sổ,4 phòng,3 phòng,Nội thất cao cấp,4,,,,,Hiện trạng khác,5.8 m,11.8 m,,,68 m²,,,,,
2025-10-04T00:13:37.763610,Cập nhật 3 ngày trước,"4,797 tỷ","Nhà ngõ, hẻm",18 m²,"266,50 triệu/m²",Đã có sổ,3 phòng,3 phòng,Hoàn thiện cơ bản,4,,,,,Nhà nở hậu,3 m,6 m,,,,,,,,
2025-10-04T00:13:38.506762,Cập nhật 8 ngày trước,"13,199 tỷ",,60 m²,"219,98 triệu/m²",Đã có sổ,,,,,,,,Đất thổ cư,Hẻm xe hơi Thổ cư toàn bộ,4 m,15.6 m,,m²,,,,,,
2025-10-04T00:13:42.561538,Cập nhật 3 ngày trước,"4,68 tỷ","Nhà ngõ, hẻm",25 m²,"187,20 triệu/m²",Đã có sổ,3 phòng,,,,,,,,,,,,,,,,,,
2025-10-04T00:13:44.942975,Cập nhật 2 ngày trước,"6,25 tỷ","Nhà ngõ, hẻm",35 m²,"178,57 triệu/m²",Đã có sổ,2 phòng,3 phòng,Nội thất đầy đủ,3,,,,,Nhà nở hậu,,,,,35 m²,,,Tây,,
2025-10-04T00:13:45.683379,Cập nhật 7 ngày trước,"9,2 tỷ",,46 m²,200 triệu/m²,Đã có sổ,,,,,,,,Đất thổ cư,Mặt tiền Hẻm xe hơi,3.8 m,,,m²,,,,,,
2025-10-04T00:13:47.141004,Cập nhật 8 ngày trước,"4,58 tỷ","Nhà ngõ, hẻm",14 m²,"327,14 triệu/m²",Đã có sổ,3 phòng,,,,,,,,,,,,,,,,,,
2025-10-04T00:13:50.304350,Cập nhật 9 ngày trước,3 tỷ,,30 m²,100 triệu/m²,Đã có sổ,,,,,,,,Đất thổ cư,,3.15 m,10 m,,,,,,,,
2025-10-04T00:13:50.662976,Cập nhật 2 ngày trước,11 tỷ,"Nhà mặt phố, mặt tiền",37 m²,"297,30 triệu/m²",Đã có sổ,6 phòng,6 phòng,Nội thất cao cấp,4,,,,,Nhà nở hậu Hẻm xe hơi,,,,,42 m²,,,Tây Bắc,,
2025-10-04T00:13:53.544866,Cập nhật 8 ngày trước,"8,7 tỷ","Nhà mặt phố, mặt tiền",21 m²,"414,29 triệu/m²",Đã có sổ,2 phòng,2 phòng,Nội thất đầy đủ,4,,,,,,,,,,,,,,,
2025-10-04T00:13:53.857709,Cập nhật 9 ngày trước,"7,8 tỷ","Nhà ngõ, hẻm",46 m²,"169,57 triệu/m²",Đã có sổ,3 phòng,,,,,,,,,,,,,,,,,,
2025-10-04T00:13:55.182850,Cập nhật 8 ngày trước,"3,19 tỷ","Nhà ngõ, hẻm",48 m²,"66,46 triệu/m²",Đã có sổ,2 phòng,1 phòng,Nội thất cao cấp,1,,,,,Hẻm xe hơi Nhà nở hậu,4 m,12 m,,,48 m²,,,,,
2025-10-04T00:13:59.137060,Cập nhật 7 ngày trước,"5,4 tỷ",,90 m²,60 triệu/m²,Đang chờ sổ,3 phòng,,,,Chưa bàn giao,Chung cư,,,,,,,,,,,,,
2025-10-04T00:13:59.272469,Cập nhật 9 giờ trước,18 tỷ,"Nhà ngõ, hẻm",48 m²,375 triệu/m²,Đã có sổ,6 phòng,5 phòng,Nội thất cao cấp,5,,,,,Hẻm xe hơi,,,,,,,,,,
2025-10-04T00:14:00.991878,Cập nhật 9 ngày trước,"7,5 tỷ","Nhà ngõ, hẻm",43 m²,"174,42 triệu/m²",Đã có sổ,5 phòng,,,,,,,,,,,,,,,,,,
2025-10-04T00:14:04.337318,Cập nhật 8 ngày trước,"2,55 tỷ",,81 m²,"31,48 triệu/m²",Đã có sổ,,,,,,,,Đất thổ cư,Mặt tiền Hẻm xe hơi Nở hậu Thổ cư toàn bộ,7 m,11.6 m,Đất phân lô,m²,,,,Đông Nam,,
2025-10-04T00:14:07.928919,Cập nhật 8 ngày trước,"4,85 tỷ",,63 m²,"76,98 triệu/m²",Sổ hồng riêng,2 phòng,2 phòng,Nội thất cao cấp,,Đã bàn giao,Chung cư,,,,,,,,,,,,Căn góc,
2025-10-04T00:14:08.596261,Cập nhật 6 ngày trước,"15,8 tỷ","Nhà ngõ, hẻm",49 m²,"322,45 triệu/m²",Đã có sổ,5 phòng,3 phòng,,2,,,,,,,,,,58 m²,,,,,
2025-10-04T00:14:08.905383,Cập nhật 9 ngày trước,"5,8 tỷ","Nhà ngõ, hẻm",36 m²,"161,11 triệu/m²",Đã có sổ,3 phòng,,Nội thất đầy đủ,6,,,,,,3 m,,,,,,,,,
2025-10-04T00:14:11.184703,Cập nhật 4 ngày trước,"6,35 tỷ","Nhà ngõ, hẻm",35 m²,"181,43 triệu/m²",Đã có sổ,3 phòng,3 phòng,Hoàn thiện cơ bản,4,,,,,Nhà nở hậu,4 m,9 m,,,140 m²,,,,,
2025-10-04T00:14:12.912461,Cập nhật 8 ngày trước,"4,1 tỷ","Nhà ngõ, hẻm",50 m²,82 triệu/m²,Đã có sổ,4 phòng,,,,,,,,,,,,,,,,,,
2025-10-04T00:14:16.615793,Cập nhật 7 ngày trước,"7,1 tỷ","Nhà ngõ, hẻm",55 m²,"129,09 triệu/m²",Đã có sổ,3 phòng,,,,,,,,,,,,,,,,,,
2025-10-04T00:14:16.817925,Cập nhật 7 ngày trước,"13,5 tỷ","Nhà mặt phố, mặt tiền",40 m²,"337,50 triệu/m²",Đã có sổ,3 phòng,5 phòng,Nội thất cao cấp,,,,,,,,,,,40 m²,,,,,
2025-10-04T00:14:17.148016,Cập nhật 8 ngày trước,"7,89 tỷ","Nhà ngõ, hẻm",40 m²,"197,25 triệu/m²",Đã có sổ,3 phòng,4 phòng,,,,,,,,,,,,,,,,,
2025-10-04T00:14:19.747877,Cập nhật 8 ngày trước,9 tỷ,"Nhà ngõ, hẻm",47 m²,"191,49 triệu/m²",Đã có sổ,3 phòng,,,,,,,,,,,,,,,,,,
2025-10-04T00:14:21.179747,Cập nhật 7 ngày trước,"3,2 tỷ",,50 m²,64 triệu/m²,Sổ hồng riêng,2 phòng,,Nội thất đầy đủ,,Chưa bàn giao,"Tập thể, cư xá",1,,,,,,,,,,,,
2025-10-04T00:14:25.362357,Cập nhật 7 ngày trước,26 tỷ,"Nhà mặt phố, mặt tiền",70 m²,"371,43 triệu/m²",Đã có sổ,4 phòng,,,,,,,,,,,,,,,,,,
2025-10-04T00:14:25.462702,Cập nhật 7 ngày trước,"46,5 tỷ",Nhà biệt thự,180 m²,"258,33 triệu/m²",Đã có sổ,4 phòng,4 phòng,Nội thất đầy đủ,4,,,,,,18 m,12 m,,,,,,,,
2025-10-04T00:14:25.559827,Cập nhật 8 ngày trước,"13,8 tỷ","Nhà ngõ, hẻm",40 m²,345 triệu/m²,Đã có sổ,3 phòng,4 phòng,Nội thất cao cấp,5,,,,,,5 m,8 m,,,40 m²,,,,,
2025-10-04T00:14:29.294201,Cập nhật 9 ngày trước,"3,9 tỷ",,51 m²,"76,47 triệu/m²",Đã có sổ,,,,,,,,Đất thổ cư,,,,,m²,,,,,,
2025-10-04T00:14:30.045677,Cập nhật 9 ngày trước,"6,5 tỷ","Nhà ngõ, hẻm",30 m²,"216,67 triệu/m²",Đã có sổ,3 phòng,,,,,,,,,,,,,,,,,,
2025-10-04T00:14:34.603270,Cập nhật 2 ngày trước,"5,2 tỷ","Nhà ngõ, hẻm",32 m²,"162,50 triệu/m²",Đã có sổ,4 phòng,4 phòng,,5,,,,,,,,,,,,,,,
2025-10-04T00:14:34.806440,Cập nhật 7 ngày trước,"4,8 tỷ","Nhà ngõ, hẻm",20 m²,240 triệu/m²,Đã có sổ,3 phòng,4 phòng,Nội thất đầy đủ,55,,,,,,,,,,,,,,,
2025-10-04T00:14:33.600403,Cập nhật 7 ngày trước,"2,9 tỷ",,40 m²,"72,50 triệu/m²",Đã có sổ,,,,,,,,Đất thổ cư,,,,,m²,,,,,,
2025-10-04T00:14:39.031983,Cập nhật 3 ngày trước,"4,25 tỷ","Nhà ngõ, hẻm",32 m²,"132,81 triệu/m²",Đã có sổ,3 phòng,4 phòng,Nội thất đầy đủ,5,,,,,Hẻm xe hơi Nhà nở hậu,4.1 m,8 m,,,160 m²,,,,,
2025-10-04T00:14:39.018380,Cập nhật 7 ngày trước,"1,8 tỷ","Nhà mặt phố, mặt tiền",34 m²,"52,94 triệu/m²",Không có sổ,1 phòng,1 phòng,Hoàn thiện cơ bản,1,,,,,Hẻm xe hơi Nhà nát,4 m,8.5 m,,,42 m²,,,Đông Bắc,,
2025-10-04T00:14:43.367613,Cập nhật 8 ngày trước,"17,9 tỷ","Nhà mặt phố, mặt tiền",47 m²,"380,85 triệu/m²",Đã có sổ,4 phòng,,,4,,,,,,,,,,,,,,,
2025-10-04T00:14:43.424186,Cập nhật 8 ngày trước,"8,3 tỷ","Nhà ngõ, hẻm",32 m²,"259,38 triệu/m²",Đã có sổ,3 phòng,4 phòng,Nội thất đầy đủ,6,,,,,Hẻm xe hơi,4 m,,,,32 m²,,,Đông Bắc,,
2025-10-04T00:14:47.393918,Cập nhật 8 ngày trước,"6,85 tỷ","Nhà mặt phố, mặt tiền",35 m²,"195,71 triệu/m²",Đã có sổ,5 phòng,,,,,,,,Nhà nở hậu,,,,,,,,,,
2025-10-04T00:14:51.646869,Cập nhật 4 giờ trước,"8,25 tỷ","Nhà ngõ, hẻm",35 m²,"235,71 triệu/m²",Đã có sổ,4 phòng,3 phòng,Nội thất cao cấp,5,,,,,Nhà nở hậu,,,,,35 m²,,,,,
2025-10-04T00:14:52.910764,Cập nhật 8 ngày trước,"7,5 tỷ","Nhà ngõ, hẻm",38 m²,"197,37 triệu/m²",Đã có sổ,3 phòng,,,,,,,,,,,,,,,,,,
2025-10-04T00:14:52.000723,Cập nhật 8 ngày trước,"9,4 tỷ","Nhà ngõ, hẻm",45 m²,"208,89 triệu/m²",Đã có sổ,4 phòng,3 phòng,Nội thất cao cấp,4,,,,,Nhà nở hậu Hẻm xe hơi,4.5 m,10 m,,,45 m²,,,,,
2025-10-04T00:14:55.768020,Cập nhật 8 ngày trước,"7,35 tỷ",,100 m²,"73,50 triệu/m²",Đã có sổ,,,,,,,,Đất thổ cư,Thổ cư toàn bộ,,,,m²,,,,Tây Nam,,
2025-10-04T00:14:57.241115,Cập nhật 9 ngày trước,"7,75 tỷ","Nhà ngõ, hẻm",45 m²,"172,22 triệu/m²",Đã có sổ,3 phòng,,Nội thất đầy đủ,3,,,,,,5 m,,,,,,,,,
2025-10-04T00:15:01.203585,Cập nhật 7 ngày trước,7 tỷ,"Nhà ngõ, hẻm",32 m²,"218,75 triệu/m²",Đã có sổ,4 phòng,5 phòng,,5,,,,,Nhà nở hậu Hẻm xe hơi,,,,,,,,Đông Bắc,,
2025-10-04T00:15:02.006472,Cập nhật 7 ngày trước,"4,75 tỷ","Nhà ngõ, hẻm",33 m²,"143,94 triệu/m²",Đã có sổ,3 phòng,,Hoàn thiện cơ bản,5,,,,,,6 m,,,,33 m²,,,,,
2025-10-04T00:15:04.728769,Cập nhật 7 ngày trước,"3,8 tỷ",,60 m²,"63,33 triệu/m²",Sổ hồng riêng,2 phòng,2 phòng,Nội thất cao cấp,,Chưa bàn giao,Chung cư,,,,,,,,,,,,,
2025-10-04T00:15:05.542976,Cập nhật 7 ngày trước,"23,19 tỷ","Nhà ngõ, hẻm",73 m²,"317,67 triệu/m²",Đã có sổ,5 phòng,6 phòng,,7,,,,,Hẻm xe hơi,6 m,,,,73 m²,,,,,
2025-10-04T00:15:08.751111,Cập nhật 7 ngày trước,15 tỷ,"Nhà ngõ, hẻm",58 m²,"258,62 triệu/m²",Đã có sổ,6 phòng,,,,,,,,Hẻm xe hơi,,,,,,,,,,
2025-10-04T00:15:09.542490,Cập nhật 7 ngày trước,"13,5 tỷ","Nhà mặt phố, mặt tiền",32 m²,"421,88 triệu/m²",Đã có sổ,2 phòng,3 phòng,Hoàn thiện cơ bản,4,,,,,Hẻm xe hơi,3.2 m,,,,110 m²,,,,,
2025-10-04T00:15:12.924159,Cập nhật 1 ngày trước,"5,45 tỷ","Nhà ngõ, hẻm",50 m²,109 triệu/m²,Đã có sổ,2 phòng,,,2,,,,,Hẻm xe hơi,,,,,,,,,,
2025-10-04T00:15:14.642662,Cập nhật 9 ngày trước,"7,5 tỷ","Nhà mặt phố, mặt tiền",38 m²,"197,37 triệu/m²",Đã có sổ,3 phòng,,Hoàn thiện cơ bản,6,,,,,,4 m,,,,38 m²,,,,,
2025-10-04T00:15:17.173936,Cập nhật 8 ngày trước,"6,9 tỷ","Nhà ngõ, hẻm",42 m²,"164,29 triệu/m²",Đã có sổ,3 phòng,,,,,,,,,,,,,,,,,,
2025-10-04T00:15:18.115253,Cập nhật 9 ngày trước,"8,2 tỷ","Nhà ngõ, hẻm",34 m²,"241,18 triệu/m²",Đã có sổ,5 phòng,4 phòng,,5,,,,,Nhà nở hậu,,,,,,,,Tây Bắc,,
2025-10-04T00:15:20.654792,Cập nhật 8 ngày trước,"20,5 tỷ","Nhà mặt phố, mặt tiền",25 m²,820 triệu/m²,Đã có sổ,4 phòng,4 phòng,Nội thất cao cấp,5,,,,,,3 m,,,,100 m²,,,,,
2025-10-04T00:15:22.171776,Cập nhật 8 ngày trước,"5,95 tỷ","Nhà ngõ, hẻm",32 m²,"185,94 triệu/m²",Đã có sổ,3 phòng,4 phòng,Nội thất đầy đủ,,,,,,Nhà nở hậu,7 m,,,,32 m²,,,,,
2025-10-04T00:15:26.171043,Cập nhật 8 ngày trước,"16,8 tỷ","Nhà mặt phố, mặt tiền",55 m²,"305,45 triệu/m²",Đã có sổ,4 phòng,4 phòng,Nội thất đầy đủ,4,,,,,,5.5 m,10 m,,,60 m²,,,Tây Bắc,,
2025-10-04T00:15:26.745679,Cập nhật 8 ngày trước,"7,5 tỷ","Nhà ngõ, hẻm",45 m²,"166,67 triệu/m²",Đã có sổ,5 phòng,,,,,,,,,,,,,,,,,,
2025-10-04T00:15:26.248691,Cập nhật 8 ngày trước,"4,88 tỷ",,95 m²,"51,37 triệu/m²",Sổ hồng riêng,3 phòng,,,,Đã bàn giao,Chung cư,,,,,,,,,,,,,
2025-10-04T00:15:28.619009,Cập nhật 4 ngày trước,"6,9 tỷ","Nhà ngõ, hẻm",54 m²,"127,78 triệu/m²",Đã có sổ,3 phòng,3 phòng,,5,,,,,,4 m,,,,54 m²,,,,,
2025-10-04T00:15:30.515557,Cập nhật 6 ngày trước,28 tỷ,,223 m²,"125,56 triệu/m²",Đã có sổ,,,,,,,,Đất thổ cư,,8.2 m,28 m,,,,,,,,
2025-10-04T00:15:33.484038,Cập nhật 7 ngày trước,"15,8 tỷ","Nhà ngõ, hẻm",48 m²,"329,17 triệu/m²",Đã có sổ,4 phòng,,,,,,,,,,,,,48 m²,,,,,
2025-10-04T00:15:34.865616,Cập nhật 8 ngày trước,"19,4 tỷ","Nhà ngõ, hẻm",59 m²,"328,81 triệu/m²",Đã có sổ,5 phòng,,Nội thất đầy đủ,7,,,,,Hẻm xe hơi,4.5 m,13 m,,,,,,,,
2025-10-04T00:15:35.346888,Cập nhật 7 ngày trước,"7,5 tỷ","Nhà ngõ, hẻm",40 m²,"187,50 triệu/m²",Đã có sổ,4 phòng,3 phòng,Nội thất đầy đủ,,,,,,,5 m,8 m,,,,,,,,
2025-10-04T00:15:36.658622,Cập nhật 3 giờ trước,9 tỷ,"Nhà ngõ, hẻm",52 m²,"173,08 triệu/m²",Đã có sổ,3 phòng,4 phòng,Nội thất đầy đủ,6,,,,,Hẻm xe hơi,4 m,13 m,,,240 m²,,,Đông Bắc,,
2025-10-04T00:15:39.241458,Cập nhật 9 ngày trước,"13,88 tỷ","Nhà mặt phố, mặt tiền",82 m²,"169,27 triệu/m²",Đã có sổ,5 phòng,,,5,,,,,,,,,,,,,,,
2025-10-04T00:15:42.540704,Cập nhật 8 ngày trước,"6,3 tỷ","Nhà ngõ, hẻm",36 m²,175 triệu/m²,Đã có sổ,4 phòng,4 phòng,Nội thất đầy đủ,5,,,,,Nhà nở hậu,,,,,,,,,,
2025-10-04T00:15:43.613622,Cập nhật 7 ngày trước,"4,1 tỷ",,65 m²,"63,08 triệu/m²",Sổ hồng riêng,2 phòng,2 phòng,Nội thất đầy đủ,,Đã bàn giao,Chung cư,,,,,,,,,,,,,
2025-10-04T00:15:44.885165,Cập nhật 1 ngày trước,3 tỷ,,39 m²,"76,92 triệu/m²",Sổ hồng riêng,2 phòng,1 phòng,,,Đã bàn giao,"Tập thể, cư xá",,,,,,,,,,,,,
2025-10-04T00:15:47.380533,Cập nhật 7 ngày trước,9 tỷ,"Nhà ngõ, hẻm",48 m²,"187,50 triệu/m²",Đã có sổ,9 phòng,,Nội thất đầy đủ,5,,,,,Hiện trạng khác,,,,,48 m²,,,,,
2025-10-04T00:15:50.252226,Cập nhật 8 ngày trước,"7,8 tỷ",,62 m²,"125,81 triệu/m²",Đã có sổ,,,,,,,,Đất thổ cư,Mặt tiền Thổ cư toàn bộ,5.2 m,,,,,,,,,
2025-10-04T00:15:51.746937,Cập nhật 2 ngày trước,19 tỷ,"Nhà mặt phố, mặt tiền",73 m²,"260,27 triệu/m²",Đã có sổ,3 phòng,,,,,,,,,7 m,,,,,,,,,
2025-10-04T00:15:52.707466,Cập nhật 9 ngày trước,800 triệu,,36 m²,"22,22 triệu/m²",Sổ hồng riêng,2 phòng,1 phòng,Nội thất cao cấp,,Đã bàn giao,"Căn hộ dịch vụ, mini",,,,,,,,,,,Nam,,Đông Nam
2025-10-04T00:15:55.349276,Cập nhật 8 ngày trước,"8,95 tỷ","Nhà ngõ, hẻm",50 m²,179 triệu/m²,Đã có sổ,4 phòng,4 phòng,Hoàn thiện cơ bản,4,,,,,Hẻm xe hơi Nhà nở hậu,,,,,50 m²,,,,,
2025-10-04T00:15:57.071102,Cập nhật 4 ngày trước,9 tỷ,"Nhà ngõ, hẻm",46.1 m²,"195,23 triệu/m²",Đã có sổ,4 phòng,3 phòng,Hoàn thiện cơ bản,4,,,,,Nhà nở hậu,3.8 m,12 m,,,46 m²,,,Đông Nam,,
2025-10-04T00:15:59.623447,Cập nhật 8 ngày trước,"2,85 tỷ",,83 m²,"34,34 triệu/m²",Đã có sổ,,,,,,,,Đất thổ cư,,5 m,16 m,,m²,,,,,,
2025-10-04T00:16:00.626631,Cập nhật 9 ngày trước,"18,9 tỷ",,90 m²,210 triệu/m²,Đã có sổ,,,,,,,,Đất thổ cư,Mặt tiền Hẻm xe hơi Thổ cư toàn bộ,4.4 m,20.45 m,,m²,,,,Đông Bắc,,
2025-10-04T00:16:05.227217,Cập nhật 7 ngày trước,"9,95 tỷ","Nhà ngõ, hẻm",45 m²,"221,11 triệu/m²",Đã có sổ,4 phòng,5 phòng,Nội thất cao cấp,6,,,,,Hẻm xe hơi Nhà nở hậu,5 m,,,,50 m²,,,,,
2025-10-04T00:16:07.771539,Cập nhật 8 ngày trước,10 tỷ,,50 m²,200 triệu/m²,Đã có sổ,,,,,,,,Đất thổ cư,,,,,,,,,,,
2025-10-04T00:16:08.942927,Cập nhật 7 ngày trước,"11,35 tỷ","Nhà ngõ, hẻm",43 m²,"263,95 triệu/m²",Đã có sổ,4 phòng,5 phòng,,6,,,,,Hẻm xe hơi,48 m,,,,43 m²,,,,,
2025-10-04T00:16:08.665978,Cập nhật 7 ngày trước,"12,5 tỷ",,76 m²,"164,47 triệu/m²",Đã có sổ,,,,,,,,Đất thổ cư,Thổ cư toàn bộ,6.5 m,11.6 m,,m²,,,,,,
2025-10-04T00:16:13.515312,Cập nhật 7 ngày trước,"8,3 tỷ","Nhà mặt phố, mặt tiền",30 m²,"276,67 triệu/m²",Đã có sổ,5 phòng,,,,,,,,,,,,,,,,,,
2025-10-04T00:16:15.979684,Cập nhật 8 ngày trước,"4,15 tỷ","Nhà ngõ, hẻm",40 m²,"103,75 triệu/m²",Đã có sổ,3 phòng,2 phòng,Nội thất cao cấp,,,,,,Hẻm xe hơi,3.5 m,11.5 m,,,,,,,,
2025-10-04T00:16:17.561038,Cập nhật 7 ngày trước,"7,95 tỷ","Nhà ngõ, hẻm",40 m²,"198,75 triệu/m²",Đã có sổ,3 phòng,4 phòng,,,,,,,,,,,,,,,,,
2025-10-04T00:16:17.489676,Cập nhật 9 ngày trước,"6,2 tỷ","Nhà ngõ, hẻm",43 m²,"144,19 triệu/m²",Đã có sổ,4 phòng,,,4,,,,,,,,,,,,,,,
2025-10-04T00:16:20.423082,Cập nhật 8 ngày trước,"6,6 tỷ","Nhà ngõ, hẻm",33 m²,200 triệu/m²,Đã có sổ,4 phòng,3 phòng,Nội thất đầy đủ,4,,,,,Nhà nở hậu,3.7 m,9 m,,,33 m²,,,Nam,,
2025-10-04T00:16:21.842789,Cập nhật 7 ngày trước,"4,68 tỷ",,68 m²,"68,82 triệu/m²",Sổ hồng riêng,2 phòng,,,,Chưa bàn giao,"Tập thể, cư xá",,,,,,,,,,,,,
2025-10-04T00:16:24.206896,Cập nhật 2 ngày trước,"3,69 tỷ","Nhà ngõ, hẻm",15 m²,246 triệu/m²,Đã có sổ,3 phòng,3 phòng,,,,,,,Hẻm xe hơi,5 m,,,,18 m²,,,,,
2025-10-04T00:16:26.129499,Cập nhật 7 ngày trước,"8,8 tỷ","Nhà ngõ, hẻm",37 m²,"237,84 triệu/m²",Đã có sổ,5 phòng,5 phòng,Nội thất đầy đủ,5,,,,,,6 m,,,,,,,,,
2025-10-04T00:16:26.692435,Cập nhật 8 ngày trước,"8,25 tỷ","Nhà ngõ, hẻm",32 m²,"257,81 triệu/m²",Đã có sổ,3 phòng,4 phòng,Nội thất đầy đủ,5,,,,,Hiện trạng khác,3.8 m,,,,160 m²,,,,,
2025-10-04T00:16:28.959682,Cập nhật 1 ngày trước,"6,4 tỷ","Nhà ngõ, hẻm",31 m²,"206,45 triệu/m²",Đã có sổ,3 phòng,4 phòng,Nội thất đầy đủ,5,,,,,,4 m,,,,54 m²,,,Nam,,
2025-10-04T00:16:33.297033,Cập nhật 9 ngày trước,"6,5 tỷ","Nhà ngõ, hẻm",30 m²,"216,67 triệu/m²",Đã có sổ,3 phòng,,,4,,,,,,,,,,,,,,,
2025-10-04T00:16:33.853913,Cập nhật 9 ngày trước,"9,39 tỷ","Nhà ngõ, hẻm",40 m²,"234,75 triệu/m²",Đã có sổ,2 phòng,,,,,,,,,,,,,40 m²,,,,,
2025-10-04T00:16:34.820465,Cập nhật 2 giờ trước,3 tỷ,,300 m²,10 triệu/m²,Đã có sổ,,,,,,,,Đất nông nghiệp,Mặt tiền Hẻm xe hơi Nở hậu Chưa có thổ cư Không có thổ cư,11 m,29 m,,m²,,,,Đông Bắc,,
2025-10-04T00:16:36.953148,Cập nhật 16 giờ trước,"15,8 tỷ",Nhà phố liền kề,50 m²,316 triệu/m²,Đã có sổ,6 phòng,4 phòng,Hoàn thiện cơ bản,5,,,,,Hẻm xe hơi,4 m,12 m,,,,,,Tây Bắc,,
2025-10-04T00:16:38.601117,Cập nhật 7 ngày trước,20 tỷ,Nhà biệt thự,327 m²,"61,16 triệu/m²",Đã có sổ,4 phòng,4 phòng,Nội thất đầy đủ,3,,,,,,,,,,,,,,,
2025-10-04T00:16:41.893451,Cập nhật 9 ngày trước,"20,5 tỷ","Nhà mặt phố, mặt tiền",58 m²,"353,45 triệu/m²",Đã có sổ,10 phòng,Nhiều hơn 6 phòng,Nội thất cao cấp,7,,,,,,,,,,,,,,,
2025-10-04T00:16:43.144710,Cập nhật 8 ngày trước,"15,4 tỷ","Nhà ngõ, hẻm",44 m²,350 triệu/m²,Đã có sổ,6 phòng,,Nội thất đầy đủ,5,,,,,Nhà nở hậu,2.9 m,15 m,,,220 m²,,,,,
2025-10-04T00:16:47.052161,Cập nhật 9 ngày trước,"5,5 tỷ",,61 m²,"90,16 triệu/m²",Sổ hồng riêng,2 phòng,,,,Đã bàn giao,Chung cư,,,,,,,,,,,,,
2025-10-04T00:16:47.403118,Cập nhật 9 ngày trước,"12,9 tỷ",,100 m²,129 triệu/m²,Đã có sổ,,,,,,,,Đất thổ cư,Mặt tiền,5 m,20 m,,m²,,,,Đông Bắc,,
2025-10-04T00:16:49.108449,Cập nhật 7 ngày trước,"1,26 tỷ",,35 m²,36 triệu/m²,Hợp đồng mua bán,1 phòng,1 phòng,Nội thất đầy đủ,,Đã bàn giao,"Căn hộ dịch vụ, mini",3,,,,,7,,,,,,Căn góc,
2025-10-04T00:16:49.847880,Cập nhật 7 ngày trước,"8,1 tỷ","Nhà ngõ, hẻm",45 m²,180 triệu/m²,Đã có sổ,6 phòng,,Nội thất đầy đủ,5,,,,,,,,,,,,,,,
2025-10-04T00:16:51.362787,Cập nhật 7 ngày trước,"9,6 tỷ","Nhà ngõ, hẻm",43 m²,"223,26 triệu/m²",Đã có sổ,5 phòng,2 phòng,Nội thất đầy đủ,4,,,,,Nhà nở hậu Hẻm xe hơi,4.2 m,10 m,,,147 m²,,,,,
2025-10-04T00:16:54.051860,Cập nhật 8 ngày trước,6 tỷ,,50 m²,120 triệu/m²,Đã có sổ,,,,,,,,Đất thổ cư,,4.8 m,,,,,,,,,
2025-10-04T00:16:56.372083,Cập nhật 8 ngày trước,25 tỷ,"Nhà mặt phố, mặt tiền",76 m²,"328,95 triệu/m²",Đã có sổ,6 phòng,,Nội thất đầy đủ,6,,,,,,,,,,76 m²,,,,,
2025-10-04T00:16:58.260426,Cập nhật 8 ngày trước,"14,5 tỷ",,50 m²,290 triệu/m²,Đã có sổ,,,,,,,,Đất thổ cư,Mặt tiền Hẻm xe hơi,11 m,5 m,,m²,,,,,,
2025-10-04T00:16:59.267493,Cập nhật 6 ngày trước,"7,9 tỷ",,38 m²,"207,89 triệu/m²",Đã có sổ,,,,,,,,Đất thổ cư,Thổ cư toàn bộ,,,,,,,,,,
2025-10-04T00:17:02.032172,Cập nhật 9 ngày trước,3 tỷ,,60 m²,50 triệu/m²,Đã có sổ,,,,,,,,Đất thổ cư,,6 m,10 m,,m²,,,,,,
2025-10-04T00:17:03.730989,Cập nhật 9 ngày trước,"11,5 tỷ",,80 m²,"143,75 triệu/m²",Đã có sổ,,,,,,,,Đất thổ cư,,,,,m²,,,,,,
2025-10-04T00:17:04.086932,Cập nhật 9 ngày trước,8 tỷ,"Nhà ngõ, hẻm",35 m²,"228,57 triệu/m²",Đã có sổ,3 phòng,,Nội thất đầy đủ,,,,,,Hẻm xe hơi Nhà nở hậu,,,,,,,,,,
2025-10-04T00:17:07.254914,Cập nhật 9 ngày trước,105 tỷ,,3500 m²,30 triệu/m²,Đã có sổ,,,,,,,,,,,,,,,,Mặt bằng kinh doanh,,,
2025-10-04T00:17:07.973842,Cập nhật 7 ngày trước,"7,6 tỷ","Nhà ngõ, hẻm",45 m²,"168,89 triệu/m²",Đã có sổ,4 phòng,,Nội thất đầy đủ,,,,,,,,,,,,,,,,
2025-10-04T00:17:10.328407,Cập nhật 7 ngày trước,"7,555 tỷ","Nhà ngõ, hẻm",37 m²,"204,19 triệu/m²",Đã có sổ,4 phòng,4 phòng,Nội thất đầy đủ,6,,,,,,3.6 m,,,,37 m²,,,,,
2025-10-04T00:17:12.656029,Cập nhật 9 ngày trước,"3,55 tỷ","Nhà ngõ, hẻm",19 m²,"186,84 triệu/m²",Đã có sổ,2 phòng,2 phòng,Hoàn thiện cơ bản,3,,,,,Nhà nở hậu Hẻm xe hơi,3.25 m,,,,19 m²,,,,,
2025-10-04T00:17:15.136439,Cập nhật 7 ngày trước,"14,5 tỷ",Nhà phố liền kề,52 m²,"278,85 triệu/m²",Đã có sổ,4 phòng,4 phòng,Nội thất cao cấp,4,,,,,Hẻm xe hơi,5 m,,,,,,,,,
2025-10-04T00:17:15.663162,Cập nhật 9 ngày trước,"6,59 tỷ","Nhà ngõ, hẻm",35 m²,"188,29 triệu/m²",Đã có sổ,4 phòng,4 phòng,,5,,,,,,3 m,,,,35 m²,,,Tây,,
2025-10-04T00:17:20.376479,Cập nhật 7 ngày trước,"4,85 tỷ","Nhà ngõ, hẻm",33 m²,"146,97 triệu/m²",Đã có sổ,4 phòng,,,,,,,,,,,,,,,,,,
2025-10-04T00:17:20.786750,Cập nhật 10 giờ trước,"7,98 tỷ","Nhà ngõ, hẻm",30 m²,266 triệu/m²,Đã có sổ,3 phòng,4 phòng,Nội thất cao cấp,5,,,,,,3.1 m,9.1 m,,,30 m²,,,Tây,,
2025-10-04T00:17:23.050920,Cập nhật 6 ngày trước,21 tỷ,"Nhà mặt phố, mặt tiền",82 m²,"256,10 triệu/m²",Đã có sổ,nhiều hơn 10 phòng,Nhiều hơn 6 phòng,,7,,,,,,,,,,,,,,,
2025-10-04T00:17:25.007926,Cập nhật 8 ngày trước,"7,2 tỷ","Nhà ngõ, hẻm",35 m²,"205,71 triệu/m²",Đã có sổ,3 phòng,,,,,,,,,,,,,,,,,,
2025-10-04T00:17:26.756094,Cập nhật 2 ngày trước,"6,5 tỷ","Nhà ngõ, hẻm",30 m²,"216,67 triệu/m²",Đã có sổ,3 phòng,4 phòng,Nội thất cao cấp,5,,,,,Nhà nở hậu,3.5 m,,,,30 m²,,,,,
2025-10-04T00:17:28.580467,Cập nhật 7 ngày trước,"8,85 tỷ","Nhà ngõ, hẻm",45 m²,"196,67 triệu/m²",Đã có sổ,4 phòng,,,,,,,,,,,,,,,,,,
2025-10-04T00:17:28.517412,Cập nhật 1 ngày trước,"9,9 tỷ","Nhà ngõ, hẻm",68 m²,"145,59 triệu/m²",Đã có sổ,3 phòng,4 phòng,Nội thất cao cấp,3,,,,,,4 m,17 m,,,500 m²,,,,,
2025-10-04T00:17:30.743737,Cập nhật 8 ngày trước,"5,25 tỷ",,120 m²,"43,75 triệu/m²",Sổ hồng riêng,4 phòng,2 phòng,,,Chưa bàn giao,"Tập thể, cư xá",,,,,,,,,,,,,
2025-10-04T00:17:32.661467,Cập nhật 8 ngày trước,8 tỷ,"Nhà ngõ, hẻm",38 m²,"210,53 triệu/m²",Đã có sổ,4 phòng,,Nội thất đầy đủ,,,,,,Hẻm xe hơi Nhà nở hậu,,,,,,,,,,
2025-10-04T00:17:34.428455,Cập nhật 8 ngày trước,"7,7 tỷ",,60 m²,"128,33 triệu/m²",Đã có sổ,,,,,,,,Đất thổ cư,,,,,m²,,,,,,
2025-10-04T00:17:36.718278,Cập nhật 9 ngày trước,"8,3 tỷ",,97 m²,"85,57 triệu/m²",Sổ hồng riêng,3 phòng,,,,Đã bàn giao,Chung cư,,,,,,,,,,,,,
2025-10-04T00:17:36.703267,Cập nhật 9 giờ trước,"13,98 tỷ",,50 m²,"279,60 triệu/m²",Sổ hồng riêng,nhiều hơn 10 phòng,Nhiều hơn 6 phòng,Nội thất đầy đủ,,Đã bàn giao,"Căn hộ dịch vụ, mini",,,,,,,,,,,,,
2025-10-04T00:17:38.564285,Cập nhật 9 ngày trước,"6,8 tỷ","Nhà ngõ, hẻm",47 m²,"144,68 triệu/m²",Đã có sổ,4 phòng,3 phòng,Nội thất đầy đủ,4,,,,,Nhà nở hậu,6 m,7.75 m,,,47 m²,,,Tây Nam,,
2025-10-04T00:17:40.213003,Cập nhật 5 ngày trước,"4,85 tỷ","Nhà ngõ, hẻm",32 m²,"151,56 triệu/m²",Đã có sổ,4 phòng,4 phòng,Hoàn thiện cơ bản,5,,,,,,3.5 m,,,,140 m²,,,,,
2025-10-04T00:17:42.602747,Cập nhật 11 giờ trước,"10,8 tỷ","Nhà ngõ, hẻm",56 m²,"192,86 triệu/m²",Đã có sổ,10 phòng,,Nội thất đầy đủ,,,,,,,,,,,,,,,,
2025-10-04T00:17:44.569334,Cập nhật 8 ngày trước,"7,9 tỷ","Nhà ngõ, hẻm",31 m²,"254,84 triệu/m²",Đã có sổ,3 phòng,,,5,,,,,,,,,,,,,,,
2025-10-04T00:17:45.535002,Cập nhật 9 ngày trước,"14,5 tỷ",Nhà phố liền kề,42 m²,"345,24 triệu/m²",Đã có sổ,4 phòng,,,6,,,,,Hẻm xe hơi,,,,,,,,,,
2025-10-04T00:17:46.475535,Cập nhật 7 ngày trước,"6,25 tỷ","Nhà ngõ, hẻm",34 m²,"183,82 triệu/m²",Đã có sổ,3 phòng,,,,,,,,,,,,,34 m²,,,,,
2025-10-04T00:17:48.014021,Cập nhật 7 ngày trước,"8,1 tỷ","Nhà ngõ, hẻm",48 m²,"168,75 triệu/m²",Đã có sổ,4 phòng,4 phòng,Nội thất đầy đủ,4,,,,,,,,,,,,,,,
2025-10-04T00:17:50.452072,Cập nhật 9 ngày trước,"7,1 tỷ","Nhà ngõ, hẻm",39 m²,"182,05 triệu/m²",Đã có sổ,4 phòng,,,,,,,,,,,,,,,,,,
2025-10-04T00:17:52.527539,Cập nhật 8 ngày trước,"7,5 tỷ","Nhà ngõ, hẻm",46 m²,"163,04 triệu/m²",Đã có sổ,4 phòng,,Nội thất đầy đủ,,,,,,,,,,,,,,,,
2025-10-04T00:17:54.005466,Cập nhật 7 ngày trước,"9,1 tỷ",,45 m²,"202,22 triệu/m²",Đã có sổ,,,,,,,,Đất thổ cư,Nở hậu,,,,m²,,,,,,
2025-10-04T00:17:55.375282,Cập nhật 7 ngày trước,"4,08 tỷ",,600 m²,"6,80 triệu/m²",Đã có sổ,,,,,,,,Đất thổ cư,Mặt tiền Thổ cư 1 phần,16 m,36 m,,m²,,,,,,
2025-10-04T00:17:56.334064,Cập nhật 8 ngày trước,"15,3 tỷ",Nhà phố liền kề,62 m²,"246,77 triệu/m²",Đã có sổ,5 phòng,4 phòng,Nội thất cao cấp,5,,,,,,,,,,,,,,,
2025-10-04T00:17:58.093716,Cập nhật 7 ngày trước,"9,1 tỷ",,100 m²,91 triệu/m²,Đã có sổ,,,,,,,,Đất thổ cư,,,,,,,,,,,
2025-10-04T00:18:02.175057,Cập nhật 8 ngày trước,"8,29 tỷ","Nhà ngõ, hẻm",41 m²,"202,20 triệu/m²",Đã có sổ,3 phòng,5 phòng,Nội thất cao cấp,5,,,,,Nhà nở hậu Hiện trạng khác,4.5 m,9 m,,,41 m²,,,,,
2025-10-04T00:18:03.310124,Cập nhật 7 ngày trước,"6,9 tỷ","Nhà ngõ, hẻm",38 m²,"181,58 triệu/m²",Đã có sổ,4 phòng,,Nội thất đầy đủ,,,,,,,,,,,,,,,,
2025-10-04T00:18:04.731099,Cập nhật 8 ngày trước,"6,5 tỷ","Nhà mặt phố, mặt tiền",40 m²,"162,50 triệu/m²",Đã có sổ,5 phòng,,,,,,,,Nhà nở hậu,,,,,,,,,,
2025-10-04T00:18:06.323059,Cập nhật 8 ngày trước,22 tỷ,"Nhà mặt phố, mặt tiền",57 m²,"385,96 triệu/m²",Đã có sổ,4 phòng,,Nội thất đầy đủ,4,,,,,Nhà nở hậu,4.4 m,13 m,,,228 m²,,,,,
2025-10-04T00:18:08.499924,Cập nhật 8 ngày trước,"18,3 tỷ","Nhà mặt phố, mặt tiền",45 m²,"406,67 triệu/m²",Đã có sổ,4 phòng,,,,,,,,,,,,,,,,,,
2025-10-04T00:18:09.537576,Cập nhật 9 ngày trước,7 tỷ,"Nhà ngõ, hẻm",35 m²,200 triệu/m²,Đã có sổ,4 phòng,4 phòng,Nội thất đầy đủ,4,,,,,Nhà nở hậu Hẻm xe hơi,3.4 m,,,,35 m²,,,,,
2025-10-04T00:18:11.202336,Cập nhật 7 ngày trước,"4,85 tỷ","Nhà ngõ, hẻm",30 m²,"161,67 triệu/m²",Đã có sổ,3 phòng,3 phòng,Nội thất đầy đủ,5,,,,,,,,,,34 m²,,,Đông Bắc,,
2025-10-04T00:18:14.845281,Cập nhật 9 ngày trước,72 tỷ,"Nhà mặt phố, mặt tiền",90 m²,800 triệu/m²,Đã có sổ,4 phòng,,,,,,,,,,,,,90 m²,,,,,
2025-10-04T00:18:17.323956,Cập nhật 8 ngày trước,"7,5 tỷ","Nhà ngõ, hẻm",38 m²,"197,37 triệu/m²",Đã có sổ,3 phòng,,,4,,,,,,,,,,,,,,,
2025-10-04T00:18:17.442270,Cập nhật 9 ngày trước,"4,5 tỷ","Nhà ngõ, hẻm",37 m²,"121,62 triệu/m²",Không có sổ,2 phòng,2 phòng,,3,,,,,,,,,,,,,,,
2025-10-04T00:18:19.719646,Cập nhật 8 ngày trước,"9,3 tỷ","Nhà ngõ, hẻm",42 m²,"221,43 triệu/m²",Đã có sổ,6 phòng,,,,,,,,,,,,,,,,,,
2025-10-04T00:18:21.337186,Cập nhật 8 ngày trước,"7,3 tỷ","Nhà ngõ, hẻm",45 m²,"162,22 triệu/m²",Đã có sổ,6 phòng,5 phòng,Nội thất đầy đủ,5,,,,,Nhà nở hậu,,,,,,,,,,
2025-10-04T00:18:22.713661,Cập nhật 8 ngày trước,"8,2 tỷ","Nhà ngõ, hẻm",32 m²,"256,25 triệu/m²",Đã có sổ,4 phòng,5 phòng,Nội thất cao cấp,5,,,,,Nhà nở hậu,3.8 m,,,,32 m²,,,,,
2025-10-04T00:18:25.730766,Cập nhật 8 ngày trước,"7,2 tỷ","Nhà ngõ, hẻm",40 m²,180 triệu/m²,Đã có sổ,3 phòng,,,,,,,,,,,,,,,,,,
2025-10-04T00:18:25.705632,Cập nhật 7 ngày trước,"13,46 tỷ","Nhà mặt phố, mặt tiền",63 m²,"213,65 triệu/m²",Đã có sổ,2 phòng,1 phòng,Hoàn thiện cơ bản,1,,,,,,5.8 m,,,,63 m²,,,,,
2025-10-04T00:18:27.619843,Cập nhật 8 ngày trước,"12,1 tỷ","Nhà ngõ, hẻm",39 m²,"310,26 triệu/m²",Đã có sổ,3 phòng,6 phòng,Nội thất cao cấp,6,,,,,,,,,,234 m²,,,,,
2025-10-04T00:18:29.629980,Cập nhật 3 ngày trước,38 tỷ,"Nhà ngõ, hẻm",86 m²,"441,86 triệu/m²",Đã có sổ,8 phòng,4 phòng,Nội thất đầy đủ,4,,,,,Hẻm xe hơi,8.3 m,,,,300 m²,,,,,
2025-10-04T00:18:34.277715,Cập nhật 7 ngày trước,12 tỷ,"Nhà ngõ, hẻm",40 m²,300 triệu/m²,Đã có sổ,4 phòng,,Nội thất cao cấp,6,,,,,Hẻm xe hơi,,,,,40 m²,,,,,
2025-10-04T00:18:34.419542,Cập nhật 7 ngày trước,"5,25 tỷ","Nhà ngõ, hẻm",25 m²,210 triệu/m²,Đã có sổ,3 phòng,,Nội thất đầy đủ,5,,,,,,,,,,,,,,,
2025-10-04T00:18:35.367528,Cập nhật 7 ngày trước,"8,1 tỷ","Nhà ngõ, hẻm",37 m²,"218,92 triệu/m²",Đã có sổ,4 phòng,4 phòng,Nội thất đầy đủ,,,,,,,3.5 m,,,,,,,,,
2025-10-04T00:18:38.396046,Cập nhật 9 ngày trước,"5,85 tỷ",,67 m²,"87,31 triệu/m²",Đã có sổ,,,,,,,,Đất thổ cư,Hẻm xe hơi Thổ cư toàn bộ,4 m,16 m,,,,,,Nam,,
2025-10-04T00:18:42.787190,Cập nhật 7 ngày trước,"7,8 tỷ","Nhà mặt phố, mặt tiền",33 m²,"236,36 triệu/m²",Đã có sổ,3 phòng,3 phòng,Nội thất đầy đủ,3,,,,,Hẻm xe hơi Nhà nở hậu,4 m,,,,33 m²,,,,,
2025-10-04T00:18:42.948873,Cập nhật 6 ngày trước,"4,6 tỷ","Nhà ngõ, hẻm",33 m²,"139,39 triệu/m²",Đã có sổ,3 phòng,4 phòng,Hoàn thiện cơ bản,5,,,,,,3.3 m,10 m,,,,,,,,
2025-10-04T00:18:43.667308,Cập nhật 8 ngày trước,"6,45 tỷ","Nhà ngõ, hẻm",23 m²,"280,43 triệu/m²",Đã có sổ,3 phòng,3 phòng,Nội thất cao cấp,5,,,,,,3.3 m,,,,23 m²,,,,,
2025-10-04T00:18:46.936071,Cập nhật 9 ngày trước,"3,45 tỷ",,59 m²,"58,47 triệu/m²",Đã có sổ,,,,,,,,Đất thổ cư,,6 m,9 m,,m²,,,,,,
2025-10-04T00:18:50.796857,Cập nhật 8 ngày trước,9 tỷ,"Nhà ngõ, hẻm",42 m²,"214,29 triệu/m²",Đã có sổ,4 phòng,,Nội thất cao cấp,6,,,,,,,,,,,,,,,
2025-10-04T00:18:52.872501,Cập nhật 8 ngày trước,9 tỷ,"Nhà ngõ, hẻm",48 m²,"187,50 triệu/m²",Đã có sổ,9 phòng,,Nội thất đầy đủ,5,,,,,Hiện trạng khác,,,,,48 m²,,,,,
2025-10-04T00:18:56.741655,Cập nhật 8 ngày trước,"2,5 tỷ",,100 m²,25 triệu/m²,Đã có sổ,,,,,,,,Đất thổ cư,Mặt tiền Hẻm xe hơi Thổ cư toàn bộ Nở hậu,5 m,20 m,,m²,,,,,,
2025-10-04T00:18:59.070622,Cập nhật 8 ngày trước,25 tỷ,"Nhà ngõ, hẻm",109 m²,"229,36 triệu/m²",Đã có sổ,3 phòng,3 phòng,Nội thất đầy đủ,4,,,,,Hẻm xe hơi,6.5 m,,,,436 m²,,,,,
2025-10-04T00:19:02.348378,Cập nhật 8 ngày trước,"8,45 tỷ","Nhà ngõ, hẻm",35 m²,"241,43 triệu/m²",Đã có sổ,3 phòng,4 phòng,Nội thất đầy đủ,5,,,,,Nhà nở hậu,,,,,35 m²,,,,,
2025-10-04T00:19:02.010056,Cập nhật 8 ngày trước,"7,2 tỷ","Nhà ngõ, hẻm",42 m²,"171,43 triệu/m²",Đã có sổ,5 phòng,5 phòng,Nội thất đầy đủ,5,,,,,Hiện trạng khác,4.2 m,,,,42 m²,,,,,
2025-10-04T00:19:05.332813,Cập nhật 9 ngày trước,"13,9 tỷ","Nhà ngõ, hẻm",48 m²,"289,58 triệu/m²",Đã có sổ,2 phòng,2 phòng,,3,,,,,,,,,,,,,,,
2025-10-04T00:19:06.707033,Cập nhật 9 ngày trước,6 tỷ,"Nhà ngõ, hẻm",100 m²,60 triệu/m²,Đã có sổ,2 phòng,2 phòng,Hoàn thiện cơ bản,,,,,,Hẻm xe hơi,5 m,20 m,,,100 m²,,,Nam,,
2025-10-04T00:19:06.919266,Cập nhật 9 ngày trước,"5,7 tỷ","Nhà ngõ, hẻm",83 m²,"68,67 triệu/m²",Đã có sổ,4 phòng,3 phòng,Hoàn thiện cơ bản,3,,,,,Nhà nở hậu,57 m,,,,,,,,,
2025-10-04T00:19:10.834071,Cập nhật 7 ngày trước,"5,5 tỷ",,63 m²,"87,30 triệu/m²",Đã có sổ,,,,,,,,Đất thổ cư,Nở hậu Mặt tiền,5.3 m,12 m,,m²,,,,,,
2025-10-04T00:19:13.113453,Cập nhật 8 ngày trước,"19,7 tỷ","Nhà ngõ, hẻm",78 m²,"252,56 triệu/m²",Đã có sổ,4 phòng,,Nội thất đầy đủ,4,,,,,Nhà nở hậu,4.7 m,17 m,,,312 m²,,,,,
2025-10-04T00:19:15.206898,Cập nhật 8 ngày trước,12 tỷ,"Nhà ngõ, hẻm",41 m²,"292,68 triệu/m²",Đã có sổ,4 phòng,,Nội thất đầy đủ,,,,,,Hẻm xe hơi,,,,,,,,,,
2025-10-04T00:19:16.722125,Cập nhật 9 giờ trước,"5,25 tỷ","Nhà ngõ, hẻm",22 m²,"238,64 triệu/m²",Đã có sổ,4 phòng,4 phòng,Nội thất đầy đủ,5,,,,,Hẻm xe hơi Nhà nở hậu,3.3 m,8 m,04,,22 m²,,,Nam,,
2025-10-04T00:19:18.978723,Cập nhật 7 ngày trước,42 tỷ,"Nhà mặt phố, mặt tiền",42 m²,1 tỷ/m²,Đã có sổ,1 phòng,,,,,,,,Nhà nở hậu,,,,,,,,,,
2025-10-04T00:19:21.359843,Cập nhật 7 ngày trước,"5,4 tỷ",,82.1 m²,"65,77 triệu/m²",Đang chờ sổ,3 phòng,,,,Đã bàn giao,Chung cư,,,,,,,,,,,,,
2025-10-04T00:19:23.289528,Cập nhật 8 ngày trước,"5,29 tỷ",,75 m²,"70,53 triệu/m²",Sổ hồng riêng,3 phòng,2 phòng,,,Đã bàn giao,"Tập thể, cư xá",,,,,,,,,,,,,
2025-10-04T00:19:23.551676,Cập nhật 7 ngày trước,70 tỷ,,85 m²,"823,53 triệu/m²",Đã có sổ,,,Nội thất đầy đủ,,,,,,,,,,,,,Văn phòng,,,
2025-10-04T00:19:25.117203,Cập nhật 9 ngày trước,"7,5 tỷ","Nhà mặt phố, mặt tiền",25 m²,300 triệu/m²,Đã có sổ,5 phòng,,,,,,,,,,,,,,,,,,
2025-10-04T00:19:27.190764,Cập nhật 8 ngày trước,"8,9 tỷ","Nhà ngõ, hẻm",48 m²,"185,42 triệu/m²",Đã có sổ,4 phòng,4 phòng,,,,,,,,,,,,,,,,,
2025-10-04T00:19:29.541487,Cập nhật 8 ngày trước,"24,98 tỷ",,66 m²,"378,48 triệu/m²",Đã có sổ,,,,,,,,Đất thổ cư,Mặt tiền Thổ cư toàn bộ,5.4 m,14 m,,,,,,,,
2025-10-04T00:19:31.861481,Cập nhật 9 ngày trước,"7,2 tỷ","Nhà ngõ, hẻm",42 m²,"171,43 triệu/m²",Đã có sổ,4 phòng,,,,,,,,,,,,,,,,,,
2025-10-04T00:19:31.598054,Cập nhật 8 ngày trước,"19,6 tỷ","Nhà ngõ, hẻm",95 m²,"206,32 triệu/m²",Đã có sổ,9 phòng,3 phòng,,3,,,,,Nhà nở hậu,10 m,10 m,,,100 m²,,,Tây,,
2025-10-04T00:19:33.185221,Cập nhật 9 ngày trước,"6,7 tỷ","Nhà mặt phố, mặt tiền",40 m²,"167,50 triệu/m²",Đã có sổ,3 phòng,,,,,,,,,,,,,,,,,,
2025-10-04T00:19:35.564374,Cập nhật 9 ngày trước,3 tỷ,"Nhà mặt phố, mặt tiền",41 m²,"73,17 triệu/m²",Đã có sổ,1 phòng,1 phòng,,,,,,,,3 m,14 m,,,41 m²,,,,,
2025-10-04T00:19:37.500398,Cập nhật 7 ngày trước,"24,5 tỷ","Nhà mặt phố, mặt tiền",61 m²,"401,64 triệu/m²",Đã có sổ,3 phòng,,Nội thất cao cấp,5,,,,,Nhà nở hậu,3.5 m,17 m,,,305 m²,,,,,
2025-10-04T00:19:40.808978,Cập nhật 9 ngày trước,"17,96 tỷ","Nhà mặt phố, mặt tiền",46 m²,"390,43 triệu/m²",Đã có sổ,3 phòng,,Nội thất đầy đủ,7,,,,,Hẻm xe hơi,45 m,,,,,,,,,
2025-10-04T00:19:41.503894,Cập nhật 9 ngày trước,"7,9 tỷ","Nhà ngõ, hẻm",45 m²,"175,56 triệu/m²",Đã có sổ,3 phòng,3 phòng,Nội thất đầy đủ,5,,,,,,,,,,,,,,,
2025-10-04T00:19:41.578239,Cập nhật 8 ngày trước,"6,3 tỷ","Nhà ngõ, hẻm",25 m²,252 triệu/m²,Đã có sổ,6 phòng,6 phòng,Nội thất đầy đủ,7,,,,,Hẻm xe hơi,,,,,175 m²,,,,,
2025-10-04T00:19:44.572730,Cập nhật 4 ngày trước,"5,25 tỷ","Nhà ngõ, hẻm",22 m²,"238,64 triệu/m²",Đã có sổ,4 phòng,4 phòng,Nội thất đầy đủ,5,,,,,Hẻm xe hơi Nhà nở hậu,3.3 m,8 m,03,,22 m²,,,Nam,,
2025-10-04T00:19:46.107519,Cập nhật 8 ngày trước,"4,58 tỷ",,60 m²,"76,33 triệu/m²",Sổ hồng riêng,2 phòng,,,,Đã bàn giao,"Tập thể, cư xá",,,,,,,,,,,,,
2025-10-04T00:19:50.193296,Cập nhật 9 ngày trước,"3,45 tỷ",,48 m²,"71,88 triệu/m²",Sổ hồng riêng,1 phòng,1 phòng,Nội thất đầy đủ,,Đã bàn giao,Chung cư,24,,,,,S1.05,,,2408,,,0,Đông Bắc
2025-10-04T00:19:50.517588,Cập nhật 8 ngày trước,"19,5 tỷ",Nhà phố liền kề,87 m²,"224,14 triệu/m²",Đã có sổ,4 phòng,4 phòng,Bàn giao thô,4,,,,,,6 m,,,,,,,,,
2025-10-04T00:19:54.984666,Cập nhật 8 ngày trước,"17,9 tỷ","Nhà ngõ, hẻm",50 m²,358 triệu/m²,Đã có sổ,4 phòng,5 phòng,Nội thất đầy đủ,5,,,,,Nhà nở hậu,3.3 m,15 m,,,50 m²,,,,,
2025-10-04T00:19:54.459013,Cập nhật 8 ngày trước,8 tỷ,"Nhà ngõ, hẻm",56 m²,"142,86 triệu/m²",Đã có sổ,4 phòng,,,,,,,,,,,,,,,,,,
2025-10-04T00:19:57.772576,Cập nhật 9 ngày trước,"8,3 tỷ","Nhà ngõ, hẻm",30 m²,"276,67 triệu/m²",Đã có sổ,3 phòng,4 phòng,Nội thất đầy đủ,5,,,,,Hẻm xe hơi Nhà nở hậu,3.6 m,,,,30 m²,,,Đông Nam,,
2025-10-04T00:19:59.385928,Cập nhật 9 ngày trước,"4,7 tỷ",,85 m²,"55,29 triệu/m²",Sổ hồng riêng,3 phòng,2 phòng,Hoàn thiện cơ bản,,Đã bàn giao,Chung cư,,,,,,,,,,,,,
2025-10-04T00:20:03.774147,Cập nhật 7 ngày trước,200 tỷ,"Nhà mặt phố, mặt tiền",223 m²,"896,86 triệu/m²",Đã có sổ,nhiều hơn 10 phòng,Nhiều hơn 6 phòng,Nội thất cao cấp,12,,,,,,8 m,,,,,,,,,
2025-10-04T00:20:05.344953,Cập nhật 4 ngày trước,11 tỷ,"Nhà ngõ, hẻm",64 m²,"171,88 triệu/m²",Đã có sổ,4 phòng,,,,,,,,,,,,,,,,,,
2025-10-04T00:20:05.825852,Cập nhật 7 ngày trước,"7,2 tỷ","Nhà mặt phố, mặt tiền",48 m²,150 triệu/m²,Đã có sổ,4 phòng,,,,,,,,,,,,,,,,,,
2025-10-04T00:20:07.361671,Cập nhật 8 ngày trước,"6,7 tỷ","Nhà ngõ, hẻm",33 m²,"203,03 triệu/m²",Đã có sổ,3 phòng,4 phòng,Nội thất đầy đủ,5,,,,,Nhà nở hậu,,,,,33 m²,,,,,
2025-10-04T00:20:11.471943,Cập nhật 7 ngày trước,"3,75 tỷ","Nhà ngõ, hẻm",45 m²,"83,33 triệu/m²",Không có sổ,4 phòng,3 phòng,,4,,,,,Nhà nở hậu,4.5 m,,,,43 m²,,,,,
2025-10-04T00:20:12.877626,Cập nhật 8 ngày trước,7 tỷ,"Nhà ngõ, hẻm",33 m²,"212,12 triệu/m²",Đã có sổ,4 phòng,,Nội thất đầy đủ,,,,,,Hẻm xe hơi,,,,,,,,,,
2025-10-04T00:20:13.196294,Cập nhật 7 ngày trước,34 tỷ,"Nhà ngõ, hẻm",99 m²,"343,43 triệu/m²",Đã có sổ,nhiều hơn 10 phòng,,Nội thất cao cấp,7,,,,,Hẻm xe hơi,5.2 m,19 m,,,99 m²,,,,,
2025-10-04T00:20:19.729961,Cập nhật 7 ngày trước,"3,33 tỷ",,114 m²,"29,21 triệu/m²",Đã có sổ,,,,,,,,Đất thổ cư,Mặt tiền,4 m,28.5 m,,,,,,Nam,,
2025-10-04T00:20:21.672697,Cập nhật 9 ngày trước,17 tỷ,"Nhà mặt phố, mặt tiền",60 m²,"283,33 triệu/m²",Đã có sổ,4 phòng,5 phòng,,4,,,,,,,,,,,,,,,
2025-10-04T00:20:21.762415,Cập nhật 7 ngày trước,6 tỷ,"Nhà ngõ, hẻm",85 m²,"70,59 triệu/m²",Đã có sổ,3 phòng,,,,,,,,,,,,,,,,,,
2025-10-04T00:20:21.746018,Cập nhật 8 ngày trước,"4,38 tỷ",,40 m²,"109,50 triệu/m²",Đã có sổ,,,,,,,,Đất thổ cư,,4 m,10 m,,m²,,,,Tây Nam,,
2025-10-04T00:20:23.140500,Cập nhật 9 ngày trước,"9,3 tỷ","Nhà mặt phố, mặt tiền",42 m²,"221,43 triệu/m²",Đã có sổ,4 phòng,,,,,,,,,,,,,,,,,,
2025-10-04T00:20:29.069284,Cập nhật 9 ngày trước,"4,2 tỷ","Nhà ngõ, hẻm",12 m²,350 triệu/m²,Đã có sổ,3 phòng,3 phòng,Nội thất cao cấp,5,,,,,Nhà nở hậu,,,,,16 m²,,,,,
2025-10-04T00:20:31.095408,Cập nhật 9 ngày trước,"5,8 tỷ","Nhà ngõ, hẻm",45 m²,"128,89 triệu/m²",Đã có sổ,6 phòng,,Nội thất đầy đủ,5,,,,,,4 m,,,,45 m²,,,,,
2025-10-04T00:20:30.491121,Cập nhật 7 ngày trước,"7,5 tỷ","Nhà ngõ, hẻm",45.5 m²,"164,84 triệu/m²",Đã có sổ,4 phòng,,Nội thất cao cấp,5,,,,,,,,,,,,,,,
2025-10-04T00:20:31.791628,Cập nhật 7 ngày trước,"29,5 tỷ",,85 m²,"347,06 triệu/m²",Sổ hồng riêng,nhiều hơn 10 phòng,,,,Chưa bàn giao,"Căn hộ dịch vụ, mini",,,,,,,,,,,,,
2025-10-04T00:20:31.725724,Cập nhật 8 ngày trước,"9,7 tỷ",Nhà phố liền kề,38 m²,"255,26 triệu/m²",Đã có sổ,2 phòng,2 phòng,Hoàn thiện cơ bản,2,,,,,Hẻm xe hơi,3 m,,,,38 m²,,,,,
2025-10-04T00:20:37.314535,Cập nhật 15 giờ trước,"5,99 tỷ","Nhà ngõ, hẻm",26 m²,"230,38 triệu/m²",Đã có sổ,5 phòng,,Nội thất đầy đủ,6,,,,,Hẻm xe hơi Nhà nở hậu,3 m,,,,,,,,,
2025-10-04T00:20:39.415429,Cập nhật 9 ngày trước,"2,6 tỷ","Nhà ngõ, hẻm",30 m²,"86,67 triệu/m²",Sổ chung / công chứng vi bằng,2 phòng,2 phòng,,,,,,,,,,,,,,,,,
2025-10-04T00:20:40.336518,Cập nhật 8 ngày trước,"7,5 tỷ","Nhà ngõ, hẻm",42 m²,"178,57 triệu/m²",Đã có sổ,4 phòng,,,,,,,,,,,,,,,,,,
2025-10-04T00:20:40.558398,Cập nhật 8 ngày trước,"7,8 tỷ","Nhà ngõ, hẻm",36 m²,"216,67 triệu/m²",Đã có sổ,3 phòng,4 phòng,Nội thất cao cấp,5,,,,,Hẻm xe hơi Nhà nở hậu,3.5 m,,,,36 m²,,,Tây,,
2025-10-04T00:20:45.630190,Cập nhật 7 ngày trước,"3,35 tỷ","Nhà ngõ, hẻm",32 m²,"104,69 triệu/m²",Đã có sổ,3 phòng,,,,,,,,Hẻm xe hơi,,,,,,,,,,
2025-10-04T00:20:46.529946,Cập nhật 8 ngày trước,"7,5 tỷ","Nhà ngõ, hẻm",29 m²,"258,62 triệu/m²",Đã có sổ,3 phòng,4 phòng,Nội thất cao cấp,4,,,,,Hiện trạng khác,6.4 m,,,,145 m²,,,,,
2025-10-04T00:20:47.769811,Cập nhật 9 ngày trước,2 tỷ,,80 m²,25 triệu/m²,Đã có sổ,,,,,,,,Đất thổ cư,,5 m,16 m,,m²,,,,,,
2025-10-04T00:20:49.159603,Cập nhật 9 ngày trước,"8,9 tỷ","Nhà ngõ, hẻm",39 m²,"228,21 triệu/m²",Đã có sổ,4 phòng,,,5,,,,,Nhà nở hậu,,,,,,,,,,
2025-10-04T00:20:54.120616,Cập nhật 8 ngày trước,"6,2 tỷ",,33 m²,"187,88 triệu/m²",Đã có sổ,,,,,,,,Đất thổ cư,Mặt tiền Hẻm xe hơi Thổ cư toàn bộ,4.1 m,,,m²,,,,,,
2025-10-04T00:20:54.432230,Cập nhật 8 ngày trước,"6,9 tỷ","Nhà ngõ, hẻm",48 m²,"143,75 triệu/m²",Đã có sổ,7 phòng,Nhiều hơn 6 phòng,Nội thất đầy đủ,,,,,,,,,,,48 m²,,,,,
2025-10-04T00:20:55.696949,Cập nhật 7 ngày trước,"5,5 tỷ",,45 m²,"122,22 triệu/m²",Đã có sổ,,,,,,,,Đất thổ cư,Hẻm xe hơi Nở hậu,4 m,,,,,,,Nam,,
2025-10-04T00:20:56.201032,Cập nhật 9 ngày trước,5 tỷ,,32.7 m²,"152,91 triệu/m²",Sổ hồng riêng,1 phòng,,,,Đã bàn giao,"Căn hộ dịch vụ, mini",,,,,,,,,,,,,
2025-10-04T00:20:57.956745,Cập nhật 11 giờ trước,"6,5 tỷ","Nhà ngõ, hẻm",48 m²,"135,42 triệu/m²",Đã có sổ,3 phòng,,,5,,,,,,4 m,,,,48 m²,,,,,
2025-10-04T00:21:02.485696,Cập nhật 8 ngày trước,"5,2 tỷ",,75 m²,"69,33 triệu/m²",Sổ hồng riêng,3 phòng,1 phòng,Nội thất đầy đủ,,Chưa bàn giao,"Tập thể, cư xá",1,,,,,,,,,,,,
2025-10-04T00:21:03.411394,Cập nhật 8 ngày trước,5 tỷ,,89 m²,"56,18 triệu/m²",Đã có sổ,,,,,,,,Đất thổ cư,,4.5 m,20 m,,,,,,,,
2025-10-04T00:21:10.220323,Cập nhật 8 ngày trước,"19,6 tỷ","Nhà ngõ, hẻm",85 m²,"230,59 triệu/m²",Đã có sổ,3 phòng,,Nội thất đầy đủ,4,,,,,Hẻm xe hơi Nhà nở hậu,,,,,,,,,,
2025-10-04T00:21:10.745812,Cập nhật 7 ngày trước,"5,35 tỷ","Nhà mặt phố, mặt tiền",33 m²,"162,12 triệu/m²",Đã có sổ,3 phòng,,,,,,,,,,,,,,,,,,
2025-10-04T00:21:10.734917,Cập nhật 8 ngày trước,"16,2 tỷ","Nhà mặt phố, mặt tiền",75 m²,216 triệu/m²,Đã có sổ,5 phòng,5 phòng,Nội thất đầy đủ,5,,,,,Hẻm xe hơi Nhà nở hậu,4 m,,,,80 m²,,,,,
2025-10-04T00:21:12.535421,Cập nhật 8 ngày trước,"1,7 tỷ","Nhà ngõ, hẻm",35 m²,"48,57 triệu/m²",Không có sổ,2 phòng,2 phòng,,,,,,,,3.5 m,10 m,,,75 m²,,,,,
2025-10-04T00:21:14.702735,Cập nhật 9 ngày trước,"10,5 tỷ","Nhà ngõ, hẻm",46 m²,"228,26 triệu/m²",Đã có sổ,3 phòng,,,,,,,,Hẻm xe hơi,,,,,,,,,,
2025-10-04T00:21:19.400232,Cập nhật 7 ngày trước,"23,5 tỷ",Nhà biệt thự,92 m²,"255,43 triệu/m²",Đã có sổ,4 phòng,4 phòng,Nội thất đầy đủ,5,,,,,Hẻm xe hơi,6.7 m,13.7 m,,,360 m²,,,Đông Nam,,
2025-10-04T00:21:20.919544,Cập nhật 4 giờ trước,13 tỷ,"Nhà ngõ, hẻm",45 m²,"288,89 triệu/m²",Đã có sổ,4 phòng,4 phòng,,6,,,,,Hẻm xe hơi Nhà nở hậu,4.5 m,10 m,,,270 m²,,,,,
2025-10-04T00:21:22.082443,Cập nhật 9 ngày trước,7 tỷ,,344 m²,"20,35 triệu/m²",Đã có sổ,,,,,,,,Đất thổ cư,Mặt tiền,9 m,38 m,,m²,,,,,,
2025-10-04T00:21:25.627031,Cập nhật 7 ngày trước,"7,4 tỷ","Nhà ngõ, hẻm",43 m²,"172,09 triệu/m²",Đã có sổ,3 phòng,,,,,,,,,,,,,,,,,,
2025-10-04T00:21:27.782047,Cập nhật 7 ngày trước,"9,6 tỷ","Nhà ngõ, hẻm",41 m²,"234,15 triệu/m²",Đã có sổ,10 phòng,5 phòng,,7,,,,,,,,,,,,,,,
2025-10-04T00:21:28.485883,Cập nhật 7 ngày trước,"4,3 tỷ",,55 m²,"78,18 triệu/m²",Sổ hồng riêng,2 phòng,1 phòng,Nội thất cao cấp,,Đã bàn giao,"Tập thể, cư xá",,,,,,,,,,,,Căn góc,
2025-10-04T00:21:27.775781,Cập nhật 7 ngày trước,"7,5 tỷ","Nhà ngõ, hẻm",47 m²,"159,57 triệu/m²",Đã có sổ,5 phòng,,Nội thất cao cấp,,,,,,,,,,,,,,,,
2025-10-04T00:21:35.740639,Cập nhật 8 ngày trước,"18,6 tỷ","Nhà mặt phố, mặt tiền",82 m²,"226,83 triệu/m²",Đã có sổ,3 phòng,2 phòng,Hoàn thiện cơ bản,,,,,,Nhà nở hậu,4.4 m,18.6 m,,,82 m²,,,Đông Nam,,
2025-10-04T00:21:36.192062,Cập nhật 7 ngày trước,11 tỷ,,50 m²,220 triệu/m²,Đã có sổ,,,,,,,,Đất thổ cư,,,,,,,,,,,
2025-10-04T00:21:38.203156,Cập nhật 7 ngày trước,200 triệu,,100 m²,2 triệu/m²,Đã có sổ,,,,,,,,,,,,,,,,Mặt bằng kinh doanh,,,
2025-10-04T00:21:42.116959,Cập nhật 7 ngày trước,"3,85 tỷ",,75 m²,"51,33 triệu/m²",Sổ hồng riêng,3 phòng,1 phòng,,,Chưa bàn giao,"Tập thể, cư xá",,,,,,,,,,,,,
2025-10-04T00:21:45.058136,Cập nhật 8 ngày trước,12 tỷ,"Nhà ngõ, hẻm",34 m²,"352,94 triệu/m²",Đã có sổ,3 phòng,,,,,,,,,,,,,,,,,,
2025-10-04T00:21:45.128794,Cập nhật 7 ngày trước,"7,5 tỷ","Nhà mặt phố, mặt tiền",45 m²,"166,67 triệu/m²",Đã có sổ,4 phòng,,,,,,,,,,,,,,,,,,
2025-10-04T00:21:46.867032,Cập nhật 9 ngày trước,"1,95 tỷ","Nhà ngõ, hẻm",23 m²,"84,78 triệu/m²",Đang chờ sổ,3 phòng,4 phòng,Nội thất đầy đủ,4,,,,,,,,,,90 m²,,,,,
2025-10-04T00:21:45.601682,Cập nhật 3 ngày trước,"22,4 tỷ","Nhà ngõ, hẻm",74 m²,"302,70 triệu/m²",Đã có sổ,6 phòng,6 phòng,,6,,,,,Hẻm xe hơi,5 m,,,,,,,,,
2025-10-04T00:21:50.262731,Cập nhật 8 ngày trước,"1,86 tỷ",,46 m²,"40,43 triệu/m²",Hợp đồng mua bán,2 phòng,1 phòng,Nội thất cao cấp,,Đã bàn giao,"Căn hộ dịch vụ, mini",5,,,,,,,,,,,,
2025-10-04T00:21:53.389716,Cập nhật 7 ngày trước,"8,7 tỷ","Nhà ngõ, hẻm",36 m²,"241,67 triệu/m²",Đã có sổ,3 phòng,,,,,,,,,,,,,,,,,,
2025-10-04T00:21:55.240028,Cập nhật 6 ngày trước,"4,4 tỷ","Nhà ngõ, hẻm",55 m²,80 triệu/m²,Đã có sổ,3 phòng,3 phòng,,3,,,,,,,,,,,,,,,
2025-10-04T00:21:59.562389,Cập nhật 2 ngày trước,"8,1 tỷ","Nhà ngõ, hẻm",35 m²,"231,43 triệu/m²",Đã có sổ,3 phòng,4 phòng,Hoàn thiện cơ bản,,,,,,,,,,,35 m²,,,,,
2025-10-04T00:22:02.045614,Cập nhật 7 ngày trước,"12,95 tỷ","Nhà mặt phố, mặt tiền",45 m²,"287,78 triệu/m²",Đã có sổ,5 phòng,6 phòng,Nội thất đầy đủ,6,,,,,Hẻm xe hơi Nhà nở hậu,5 m,,,,45 m²,,,,,
2025-10-04T00:22:03.576250,Cập nhật 9 ngày trước,"7,7 tỷ",,170 m²,"45,29 triệu/m²",Sổ hồng riêng,6 phòng,4 phòng,,,Chưa bàn giao,Duplex,,,,,,,,,,,,,
2025-10-04T00:22:03.855197,Cập nhật 9 ngày trước,23 tỷ,"Nhà mặt phố, mặt tiền",51 m²,"450,98 triệu/m²",Đã có sổ,6 phòng,5 phòng,Nội thất cao cấp,7,,,,,Nhà nở hậu Hẻm xe hơi,,,,,,,,,,
2025-10-04T00:22:04.043469,Cập nhật 7 ngày trước,"1,35 tỷ","Nhà ngõ, hẻm",50 m²,27 triệu/m²,Đang chờ sổ,2 phòng,1 phòng,Nội thất đầy đủ,2,,,,,Hẻm xe hơi,,,,,50 m²,,,,,
2025-10-04T00:22:07.652034,Cập nhật 7 ngày trước,"19,2 tỷ",Nhà biệt thự,90 m²,"213,33 triệu/m²",Đã có sổ,4 phòng,3 phòng,Bàn giao thô,5,,,,,Hẻm xe hơi,7.6 m,11.8 m,,,360 m²,,,Tây Bắc,,
2025-10-04T00:22:10.031278,Cập nhật 2 ngày trước,"1,75 tỷ",,130 m²,"13,46 triệu/m²",Đang chờ sổ,,,,,,,,Đất thổ cư,Mặt tiền,8 m,,,m²,,,,,,
2025-10-04T00:22:10.795020,Cập nhật 9 ngày trước,"4,5 tỷ","Nhà mặt phố, mặt tiền",30 m²,150 triệu/m²,Đã có sổ,3 phòng,3 phòng,,5,,,,,,5 m,,,,150 m²,,,,,
2025-10-04T00:22:12.439043,Cập nhật 5 ngày trước,"7,5 tỷ","Nhà mặt phố, mặt tiền",40 m²,"187,50 triệu/m²",Đã có sổ,5 phòng,6 phòng,Nội thất cao cấp,,,,,,Nhà nở hậu,,,,,42 m²,,,,,
2025-10-04T00:22:12.743902,Cập nhật 8 ngày trước,"8,8 tỷ","Nhà ngõ, hẻm",30 m²,"293,33 triệu/m²",Đã có sổ,4 phòng,,,,,,,,,,,,,30 m²,,,,,
2025-10-04T00:22:16.766635,Cập nhật 3 ngày trước,"8,85 tỷ","Nhà mặt phố, mặt tiền",35 m²,"252,86 triệu/m²",Đã có sổ,4 phòng,1 phòng,Nội thất đầy đủ,5,,,,,,9 m,4 m,,,35 m²,,,Bắc,,
2025-10-04T00:22:17.893129,Cập nhật 9 ngày trước,"19,5 tỷ","Nhà ngõ, hẻm",100 m²,195 triệu/m²,Đã có sổ,nhiều hơn 10 phòng,Nhiều hơn 6 phòng,Nội thất đầy đủ,6,,,,,Nhà nở hậu,7 m,14.28 m,,,100 m²,,,,,
2025-10-04T00:22:19.477074,Cập nhật 8 ngày trước,"8,7 tỷ","Nhà ngõ, hẻm",39 m²,"223,08 triệu/m²",Đã có sổ,8 phòng,,Nội thất đầy đủ,6,,,,,,,,,,,,,,,
2025-10-04T00:22:20.003614,Cập nhật 9 ngày trước,"1,26 tỷ",,80 m²,"15,75 triệu/m²",Đã có sổ,,,,,,,,Đất thổ cư,Nở hậu Thổ cư toàn bộ,,,,m²,,,,Đông Nam,,
2025-10-04T00:22:20.481874,Cập nhật 9 ngày trước,"7,2 tỷ","Nhà ngõ, hẻm",36 m²,200 triệu/m²,Đã có sổ,3 phòng,,Nội thất đầy đủ,5,,,,,Nhà nở hậu,4.2 m,8.5 m,,,,,,,,
2025-10-04T00:22:24.541336,Cập nhật 9 ngày trước,"8,2 tỷ","Nhà ngõ, hẻm",43 m²,"190,70 triệu/m²",Đã có sổ,4 phòng,4 phòng,Nội thất đầy đủ,4,,,,,,,,,,43 m²,,,,,
2025-10-04T00:22:26.758277,Cập nhật 7 ngày trước,"12,8 tỷ",,80 m²,160 triệu/m²,Đã có sổ,,,,,,,,,,,,,,,,Văn phòng,,,
2025-10-04T00:22:27.485589,Cập nhật 7 ngày trước,"5,6 tỷ","Nhà ngõ, hẻm",30 m²,"186,67 triệu/m²",Đã có sổ,4 phòng,,Nội thất đầy đủ,,,,,,,,,,,26 m²,,,,,
2025-10-04T00:22:28.807478,Cập nhật 7 ngày trước,"7,6 tỷ","Nhà ngõ, hẻm",61 m²,"124,59 triệu/m²",Đã có sổ,9 phòng,Nhiều hơn 6 phòng,Nội thất đầy đủ,5,,,,,Nhà nở hậu,3.5 m,,,,63 m²,,,,,
2025-10-04T00:22:29.518044,Cập nhật 8 ngày trước,"8,38 tỷ","Nhà ngõ, hẻm",30 m²,"279,33 triệu/m²",Đã có sổ,4 phòng,4 phòng,Nội thất đầy đủ,5,,,,,,5 m,6 m,,,,,,Tây Bắc,,
2025-10-04T00:22:34.535160,Cập nhật 8 ngày trước,"4,85 tỷ","Nhà ngõ, hẻm",32 m²,"151,56 triệu/m²",Đã có sổ,3 phòng,4 phòng,Nội thất đầy đủ,5,,,,,,,,,,150 m²,,,,,
2025-10-04T00:22:35.309476,Cập nhật 8 ngày trước,"5,3 tỷ",,63 m²,"84,13 triệu/m²",Đã có sổ,,,,,,,,Đất thổ cư,,,,,m²,,,,,,
2025-10-04T00:22:38.294163,Cập nhật 9 ngày trước,"8,35 tỷ","Nhà ngõ, hẻm",40 m²,"208,75 triệu/m²",Đã có sổ,5 phòng,,Nội thất đầy đủ,4,,,,,,,,,,,,,,,
2025-10-04T00:22:41.231442,Cập nhật 7 ngày trước,"6,8 tỷ","Nhà mặt phố, mặt tiền",22 m²,"309,09 triệu/m²",Đã có sổ,3 phòng,3 phòng,Nội thất đầy đủ,5,,,,,Hẻm xe hơi,3.5 m,6.5 m,,,25 m²,,,Nam,,
2025-10-04T00:22:42.476401,Cập nhật 8 ngày trước,"1,8 tỷ",,150 m²,12 triệu/m²,Đã có sổ,,,,,,,,Đất thổ cư,,5 m,30 m,,,,,,,,
2025-10-04T00:22:43.713206,Cập nhật 7 ngày trước,"12,9 tỷ","Nhà ngõ, hẻm",65 m²,"198,46 triệu/m²",Đã có sổ,4 phòng,4 phòng,Nội thất đầy đủ,7,,,,,Hẻm xe hơi Nhà nở hậu,4 m,16 m,,,65 m²,,,,,
2025-10-04T00:22:43.773128,Cập nhật 7 ngày trước,8 tỷ,"Nhà ngõ, hẻm",44 m²,"181,82 triệu/m²",Đã có sổ,3 phòng,3 phòng,Hoàn thiện cơ bản,4,,,,,,4.8 m,9.3 m,,,176 m²,,,,,
2025-10-04T00:22:47.674014,Cập nhật 9 ngày trước,"12,9 tỷ","Nhà ngõ, hẻm",95 m²,"135,79 triệu/m²",Đã có sổ,1 phòng,,,1,,,,,,,,,,,,,,,
2025-10-04T00:22:51.284903,Cập nhật 9 ngày trước,"6,6 tỷ","Nhà ngõ, hẻm",38 m²,"173,68 triệu/m²",Đã có sổ,3 phòng,4 phòng,Nội thất đầy đủ,5,,,,,Hẻm xe hơi,4 m,10 m,,,38 m²,,,,,
2025-10-04T00:22:52.846057,Cập nhật 7 ngày trước,"17,8 tỷ",,83 m²,"214,46 triệu/m²",Đã có sổ,,,,,,,,Đất thổ cư,Mặt tiền,4 m,20.7 m,,m²,,,,Đông Bắc,,
2025-10-04T00:22:52.971778,Cập nhật 4 giờ trước,"6,7 tỷ","Nhà ngõ, hẻm",35 m²,"191,43 triệu/m²",Đã có sổ,4 phòng,,,6,,,,,,,,,,35 m²,,,,,
2025-10-04T00:22:56.921215,Cập nhật 9 ngày trước,"5,6 tỷ","Nhà ngõ, hẻm",33 m²,"169,70 triệu/m²",Đã có sổ,3 phòng,4 phòng,Nội thất đầy đủ,5,,,,,,3.5 m,9 m,,,35 m²,,,,,
2025-10-04T00:22:59.482172,Cập nhật 7 ngày trước,165 tỷ,"Nhà mặt phố, mặt tiền",133 m²,"1,24 tỷ/m²",Đã có sổ,nhiều hơn 10 phòng,Nhiều hơn 6 phòng,Nội thất cao cấp,10,,,,,,7.1 m,,,,,,,,,
2025-10-04T00:23:01.150979,Cập nhật 9 ngày trước,"7,3 tỷ","Nhà ngõ, hẻm",41 m²,"178,05 triệu/m²",Đã có sổ,3 phòng,4 phòng,Nội thất đầy đủ,5,,,,,,,,,,,,,,,
2025-10-04T00:23:03.188688,Cập nhật 7 ngày trước,"15,6 tỷ","Nhà ngõ, hẻm",68 m²,"229,41 triệu/m²",Đã có sổ,nhiều hơn 10 phòng,Nhiều hơn 6 phòng,,6,,,,,,6 m,11 m,,,68 m²,,,,,
2025-10-04T00:23:04.730802,Cập nhật 8 ngày trước,"6,66 tỷ",,80 m²,"83,25 triệu/m²",Đã có sổ,,,,,,,,Đất thổ cư,,6 m,13 m,,m²,,,,Tây Nam,,
2025-10-04T00:23:06.670637,Cập nhật 7 ngày trước,"31,45 tỷ",Nhà phố liền kề,80 m²,"393,12 triệu/m²",Đã có sổ,5 phòng,5 phòng,Nội thất đầy đủ,6,,,,,Hẻm xe hơi,5.5 m,,,,80 m²,,,,,
2025-10-04T00:23:15.671534,Cập nhật 8 ngày trước,40 tỷ,Nhà biệt thự,100 m²,400 triệu/m²,Đã có sổ,5 phòng,5 phòng,,,,,,,,5 m,20 m,,,100 m²,,,,,
2025-10-04T00:23:16.233706,Cập nhật 9 ngày trước,"16,5 tỷ",Nhà phố liền kề,55 m²,300 triệu/m²,Đã có sổ,4 phòng,4 phòng,Nội thất cao cấp,5,,,,,"Hẻm xe hơi
Nhà nở hậu",,,,,,,,,,
2025-10-04T00:23:20.692599,Cập nhật 12 giờ trước,850 triệu,,25 m²,34 triệu/m²,Đang chờ sổ,1 phòng,1 phòng,Hoàn thiện cơ bản,,Đã bàn giao,"Tập thể, cư xá",2,,,,,,,,,,,,
2025-10-04T00:23:30.907686,Cập nhật 8 ngày trước,20 tỷ,"Nhà ngõ, hẻm",103 m²,"194,17 triệu/m²",Đã có sổ,2 phòng,2 phòng,,3,,,,,,,,,,,,,,,
2025-10-04T00:23:38.811614,Cập nhật 9 ngày trước,"1,35 tỷ",,44 m²,"30,68 triệu/m²",Đã có sổ,,,,,,,,Đất thổ cư,"Mặt tiền
Hẻm xe hơi",,,,,,,,Đông Nam,,
2025-10-04T00:23:31.183566,Cập nhật 8 ngày trước,"8,5 tỷ","Nhà ngõ, hẻm",38 m²,"223,68 triệu/m²",Đã có sổ,4 phòng,4 phòng,Nội thất đầy đủ,5,,,,,,,,,,38 m²,,,,,
2025-10-04T00:23:37.754756,Cập nhật 8 ngày trước,"4,59 tỷ","Nhà mặt phố, mặt tiền",45 m²,102 triệu/m²,Đã có sổ,3 phòng,3 phòng,,4,,,,,"Hẻm xe hơi
Nhà nở hậu",7 m,6.5 m,,,,,,Đông,,
2025-10-04T00:23:49.889264,Cập nhật 9 ngày trước,"13,15 tỷ","Nhà ngõ, hẻm",55 m²,"239,09 triệu/m²",Đã có sổ,9 phòng,Nhiều hơn 6 phòng,Nội thất đầy đủ,,,,,,Nhà nở hậu,7 m,8 m,,,55 m²,,,,,
2025-10-04T00:23:54.660660,Cập nhật 2 ngày trước,33 tỷ,,120 m²,275 triệu/m²,Đã có sổ,,,,,,,,Đất nền dự án,Mặt tiền,6 m,20 m,,m²,,,,Bắc,,
2025-10-04T00:23:55.961343,Cập nhật 8 ngày trước,"1,8 tỷ",,50 m²,36 triệu/m²,Hợp đồng mua bán,2 phòng,1 phòng,Nội thất đầy đủ,,Đã bàn giao,"Căn hộ dịch vụ, mini",2,,,,,7,,,,,,Căn góc,
2025-10-04T00:23:56.564851,Cập nhật 7 ngày trước,8 tỷ,"Nhà ngõ, hẻm",38 m²,"210,53 triệu/m²",Đã có sổ,3 phòng,,Nội thất cao cấp,6,,,,,,,,,,,,,,,
2025-10-04T00:23:58.542322,Cập nhật 9 ngày trước,"8,35 tỷ","Nhà ngõ, hẻm",38 m²,"219,74 triệu/m²",Đã có sổ,6 phòng,4 phòng,Nội thất đầy đủ,5,,,,,"Hẻm xe hơi
Nhà nở hậu",,,,,38 m²,,,,,
2025-10-04T00:24:07.080623,Cập nhật 7 ngày trước,"7,4 tỷ","Nhà ngõ, hẻm",40 m²,185 triệu/m²,Đã có sổ,4 phòng,5 phòng,Nội thất cao cấp,6,,,,,,4.1 m,,,,40 m²,,,,,
2025-10-04T00:24:08.834567,Cập nhật 7 ngày trước,"4,75 tỷ","Nhà ngõ, hẻm",48 m²,"98,96 triệu/m²",Đã có sổ,5 phòng,,,,,,,,,,,,,,,,Nam,,
2025-10-04T00:24:08.693135,Cập nhật 8 ngày trước,"7,6 tỷ","Nhà ngõ, hẻm",31 m²,"245,16 triệu/m²",Đã có sổ,4 phòng,,,,,,,,,,,,,31 m²,,,,,
2025-10-04T00:24:10.694225,Cập nhật 9 ngày trước,15 tỷ,"Nhà mặt phố, mặt tiền",65 m²,"230,77 triệu/m²",Đã có sổ,6 phòng,5 phòng,Nội thất cao cấp,6,,,,,"Hẻm xe hơi
Nhà nở hậu",5 m,13 m,,,,,,Đông Bắc,,
2025-10-04T00:24:12.986518,Cập nhật 7 ngày trước,8 tỷ,"Nhà ngõ, hẻm",42 m²,"190,48 triệu/m²",Đã có sổ,3 phòng,,,,,,,,,,,,,,,,,,
2025-10-04T00:24:22.239340,Cập nhật 15 giờ trước,6 tỷ,"Nhà ngõ, hẻm",30 m²,200 triệu/m²,Đã có sổ,3 phòng,,,6,,,,,,,,,,,,,,,
2025-10-04T00:24:22.235849,Cập nhật 4 ngày trước,"15,4 tỷ","Nhà ngõ, hẻm",50 m²,308 triệu/m²,Đã có sổ,3 phòng,3 phòng,Nội thất cao cấp,6,,,,,"Hẻm xe hơi
Nhà nở hậu",6.1 m,8 m,,,50 m²,,,,,
2025-10-04T00:24:22.463816,Cập nhật 7 ngày trước,"1,55 tỷ",,55 m²,"28,18 triệu/m²",Hợp đồng mua bán,2 phòng,1 phòng,Nội thất cao cấp,,Đã bàn giao,Chung cư,,,,,,,,,,,,Căn góc,
2025-10-04T00:24:24.453882,Cập nhật 9 ngày trước,12 tỷ,"Nhà ngõ, hẻm",36 m²,"333,33 triệu/m²",Đã có sổ,4 phòng,,,6,,,,,,,,,,,,,,,
2025-10-04T00:24:29.291910,Cập nhật 9 ngày trước,"5,5 tỷ","Nhà ngõ, hẻm",37 m²,"148,65 triệu/m²",Đã có sổ,3 phòng,3 phòng,Nội thất đầy đủ,3,,,,,Nhà nở hậu,4.4 m,8.4 m,,,37 m²,2,,,,
2025-10-04T00:24:35.184556,Cập nhật 9 ngày trước,"6,725 tỷ","Nhà ngõ, hẻm",35 m²,"192,14 triệu/m²",Đã có sổ,4 phòng,,,4,,,,,Nhà nở hậu,,,,,,,,,,
2025-10-04T00:24:36.251741,Cập nhật 5 ngày trước,"3,15 tỷ","Nhà ngõ, hẻm",33 m²,"95,45 triệu/m²",Đã có sổ,3 phòng,3 phòng,Hoàn thiện cơ bản,,,,,,Nhà nở hậu,,,,,33 m²,,,,,
2025-10-04T00:24:38.980175,Cập nhật 8 ngày trước,"9,3 tỷ","Nhà ngõ, hẻm",40 m²,"232,50 triệu/m²",Đã có sổ,3 phòng,4 phòng,Nội thất cao cấp,5,,,,,"Nhà nở hậu
Hẻm xe hơi",4 m,,,,40 m²,,,Tây,,
2025-10-04T00:24:41.038402,Cập nhật 8 ngày trước,"4,662 tỷ",,103.6 m²,45 triệu/m²,Đã có sổ,,,,,,,,Đất thổ cư,"Mặt tiền
Hẻm xe hơi
Nở hậu
Thổ cư toàn bộ",8 m,13 m,Đấu giá thôn Yên Trường,m²,,Lk 03-07,,,,
2025-10-04T00:24:46.470705,Cập nhật 6 ngày trước,"16,5 tỷ","Nhà mặt phố, mặt tiền",54 m²,"305,56 triệu/m²",Đã có sổ,3 phòng,2 phòng,Nội thất đầy đủ,2,,,,,,,,,,,,,,,
2025-10-04T00:24:48.401807,Cập nhật 9 ngày trước,22 tỷ,"Nhà mặt phố, mặt tiền",93 m²,"236,56 triệu/m²",Đã có sổ,6 phòng,,Nội thất đầy đủ,6,,,,,Nhà nở hậu,5.3 m,17 m,,,100 m²,,,,,
2025-10-04T00:24:52.974021,Cập nhật 7 ngày trước,"6,8 tỷ","Nhà ngõ, hẻm",35 m²,"194,29 triệu/m²",Đã có sổ,3 phòng,,,,,,,,,,,,,,,,,,
2025-10-04T00:24:57.732717,Cập nhật 8 ngày trước,"3,1 tỷ","Nhà ngõ, hẻm",36 m²,"86,11 triệu/m²",Giấy tờ viết tay,4 phòng,3 phòng,Nội thất đầy đủ,3,,,,,,,,,,36 m²,,,,,
2025-10-04T00:24:59.181447,Cập nhật 9 ngày trước,"5,75 tỷ","Nhà mặt phố, mặt tiền",35 m²,"164,29 triệu/m²",Đã có sổ,3 phòng,4 phòng,,5,,,,,Nhà nở hậu,,,,,35 m²,,,,,
2025-10-04T00:25:01.928285,Cập nhật 3 ngày trước,7 tỷ,"Nhà mặt phố, mặt tiền",40 m²,175 triệu/m²,Đã có sổ,3 phòng,2 phòng,Nội thất đầy đủ,2,,,,,"Nhà nở hậu
Hẻm xe hơi",4 m,10 m,,,40 m²,,,,,
2025-10-04T00:25:03.165734,Cập nhật 9 ngày trước,16 tỷ,,80 m²,200 triệu/m²,Đã có sổ,,,,,,,,Đất thổ cư,"Mặt tiền
Hẻm xe hơi",,,,m²,,,,,,
2025-10-04T00:25:08.602145,Cập nhật 9 ngày trước,25 tỷ,Nhà phố liền kề,75 m²,"333,33 triệu/m²",Đã có sổ,5 phòng,5 phòng,,5,,,,,Hẻm xe hơi,6 m,12.5 m,,,375 m²,,,,,
2025-10-04T00:25:12.976220,Cập nhật 8 ngày trước,"8,25 tỷ","Nhà ngõ, hẻm",51 m²,"161,76 triệu/m²",Đã có sổ,5 phòng,4 phòng,,5,,,,,,,,,,,,,,,
2025-10-04T00:25:11.339849,Cập nhật 9 ngày trước,"3,95 tỷ",,60 m²,"65,83 triệu/m²",Đã có sổ,,,,,,,,Đất thổ cư,,,,,m²,,,,,,
2025-10-04T00:25:17.415464,Cập nhật 2 ngày trước,"8,2 tỷ","Nhà ngõ, hẻm",36 m²,"227,78 triệu/m²",Đã có sổ,3 phòng,,Nội thất cao cấp,5,,,,,"Hẻm xe hơi
Nhà nở hậu",4 m,,,,36 m²,,,Tây,,
2025-10-04T00:25:21.763972,Cập nhật 8 ngày trước,8 tỷ,"Nhà ngõ, hẻm",35 m²,"228,57 triệu/m²",Đã có sổ,3 phòng,,Nội thất cao cấp,5,,,,,,,,,,,,,,,
2025-10-04T00:25:26.079351,Cập nhật 7 ngày trước,"12,9 tỷ",,78 m²,"165,38 triệu/m²",Đã có sổ,,,,,,,,Đất thổ cư,"Mặt tiền
Hẻm xe hơi",5.08 m,14 m,Khu phân lô Đầm Ấu,m²,,,,,,
2025-10-04T00:25:29.446190,Cập nhật 3 giờ trước,"2,3 tỷ","Nhà mặt phố, mặt tiền",36 m²,"63,89 triệu/m²",Sổ chung / công chứng vi bằng,3 phòng,2 phòng,,3,,,,,Nhà nở hậu,3.3 m,10 m,,,,,,Đông Nam,,
2025-10-04T00:25:33.807334,Cập nhật 8 ngày trước,"3,5 tỷ",,52 m²,"67,31 triệu/m²",Đã có sổ,,,,,,,,Đất thổ cư,"Mặt tiền
Thổ cư toàn bộ",3.5 m,,,m²,,,,,,
2025-10-04T00:25:37.048984,Cập nhật 7 ngày trước,"4,985 tỷ",,96.8 m²,"51,50 triệu/m²",Đã có sổ,,,,,,,,Đất thổ cư,Hẻm xe hơi,,,Bán đất Dược Thượng sát Thị Trấn,m²,,,,Tây,,
2025-10-04T00:25:38.490724,Cập nhật 9 ngày trước,3 tỷ,,40 m²,75 triệu/m²,Đã có sổ,,,,,,,,Đất thổ cư,,5 m,8 m,,,,,,,,
2025-10-04T00:25:38.183209,Cập nhật 8 ngày trước,"4,056 tỷ",Nhà phố liền kề,80 m²,"50,70 triệu/m²",Đã có sổ,3 phòng,4 phòng,Bàn giao thô,3,,,,,,5 m,,,,,,,Bắc,,
2025-10-04T00:25:44.486916,Cập nhật 8 ngày trước,"8,5 tỷ","Nhà ngõ, hẻm",40 m²,"212,50 triệu/m²",Đã có sổ,7 phòng,5 phòng,Nội thất đầy đủ,5,,,,,Hẻm xe hơi,4 m,11 m,,,40 m²,,,,,
2025-10-04T00:25:46.931525,Cập nhật 7 ngày trước,"5,9 tỷ","Nhà ngõ, hẻm",25 m²,236 triệu/m²,Đã có sổ,3 phòng,4 phòng,Nội thất đầy đủ,4,,,,,Nhà nở hậu,,,,,,,,,,
2025-10-04T00:25:50.338817,Cập nhật 9 ngày trước,"9,5 tỷ","Nhà ngõ, hẻm",39 m²,"243,59 triệu/m²",Đã có sổ,3 phòng,,Nội thất cao cấp,,,,,,Hẻm xe hơi,,,,,,,,,,
2025-10-04T00:25:52.664061,Cập nhật 15 giờ trước,"2,75 tỷ",,55 m²,50 triệu/m²,Sổ hồng riêng,2 phòng,2 phòng,Nội thất đầy đủ,,Đã bàn giao,Chung cư,,,,,,,,,,,,,
2025-10-04T00:25:54.031121,Cập nhật 9 ngày trước,"9,5 tỷ","Nhà ngõ, hẻm",52 m²,"182,69 triệu/m²",Đã có sổ,4 phòng,,,,,,,,,,,,,,,,,,
2025-10-04T00:26:00.881843,Cập nhật 5 ngày trước,"7,25 tỷ","Nhà ngõ, hẻm",30.5 m²,"237,70 triệu/m²",Đã có sổ,4 phòng,4 phòng,Nội thất đầy đủ,,,,,,"Hẻm xe hơi
Nhà nở hậu",3.5 m,,,,33 m²,,,Bắc,,
2025-10-04T00:26:05.295950,Cập nhật 8 ngày trước,"7,7 tỷ",,90 m²,"85,56 triệu/m²",Đã có sổ,,,,,,,,Đất thổ cư,"Mặt tiền
Hẻm xe hơi
Thổ cư toàn bộ",6.5 m,,,,,,,,,
2025-10-04T00:26:10.127182,Cập nhật 9 ngày trước,"8,8 tỷ","Nhà ngõ, hẻm",52 m²,"169,23 triệu/m²",Đã có sổ,3 phòng,3 phòng,Nội thất đầy đủ,3,,,,,Nhà nở hậu,6 m,,,,52 m²,,,,,
2025-10-04T00:26:10.224472,Cập nhật 8 ngày trước,"5,6 tỷ","Nhà mặt phố, mặt tiền",30 m²,"186,67 triệu/m²",Đã có sổ,3 phòng,,,,,,,,,,,,,,,,,,
2025-10-04T00:26:15.128978,Cập nhật 7 ngày trước,290 tỷ,"Nhà mặt phố, mặt tiền",225 m²,"1,29 tỷ/m²",Đã có sổ,10 phòng,Nhiều hơn 6 phòng,,10,,,,,,11 m,,,,,,,,,
2025-10-04T00:26:18.548059,Cập nhật 8 ngày trước,"6,3 tỷ","Nhà ngõ, hẻm",35 m²,180 triệu/m²,Đã có sổ,3 phòng,,,,,,,,,,,,,,,,,,
2025-10-04T00:26:24.966756,Cập nhật 8 ngày trước,37 tỷ,"Nhà mặt phố, mặt tiền",55 m²,"672,73 triệu/m²",Đã có sổ,6 phòng,Nhiều hơn 6 phòng,Nội thất đầy đủ,8,,,,,,5 m,11 m,,,55 m²,,,,,
2025-10-04T00:26:25.799687,Cập nhật 7 ngày trước,"8,4 tỷ","Nhà ngõ, hẻm",47 m²,"178,72 triệu/m²",Đã có sổ,4 phòng,,,,,,,,,,,,,,,,,,
2025-10-04T00:26:27.134316,Cập nhật 9 ngày trước,"5,18 tỷ","Nhà ngõ, hẻm",32 m²,"161,88 triệu/m²",Đã có sổ,3 phòng,,,,,,,,,,,,,,,,,,
2025-10-04T00:26:30.350746,Cập nhật 8 ngày trước,"9,95 tỷ",,42 m²,"236,90 triệu/m²",Đã có sổ,,,,,,,,Đất thổ cư,,,,,,,,,,,
2025-10-04T00:26:32.433902,Cập nhật 8 ngày trước,7 tỷ,"Nhà ngõ, hẻm",40 m²,175 triệu/m²,Đã có sổ,3 phòng,3 phòng,,4,,,,,,4 m,,,,40 m²,,,,,
2025-10-04T00:26:37.217230,Cập nhật 8 ngày trước,"7,498 tỷ",,44 m²,"170,41 triệu/m²",Đã có sổ,,,,,,,,Đất thổ cư,Hẻm xe hơi,,,,,,,,,,
2025-10-04T00:26:37.501317,Cập nhật 8 ngày trước,"4,5 tỷ","Nhà mặt phố, mặt tiền",31 m²,"145,16 triệu/m²",Đã có sổ,3 phòng,3 phòng,Nội thất đầy đủ,4,,,,,Nhà nở hậu,3.27 m,12 m,,,31 m²,,,,,
2025-10-04T00:26:40.964702,Cập nhật 9 ngày trước,"10,8 tỷ","Nhà mặt phố, mặt tiền",41 m²,"263,41 triệu/m²",Đã có sổ,6 phòng,4 phòng,Nội thất đầy đủ,4,,,,,"Hẻm xe hơi
Nhà nở hậu",4 m,,,,200 m²,,,,,
2025-10-04T00:26:46.666632,Cập nhật 8 ngày trước,12 tỷ,,55 m²,"218,18 triệu/m²",Đã có sổ,,,,,,,,Đất thổ cư,"Mặt tiền
Nở hậu",,,,m²,,,,,,
2025-10-04T00:26:50.133861,Cập nhật 9 ngày trước,"13,5 tỷ","Nhà ngõ, hẻm",55 m²,"245,45 triệu/m²",Đã có sổ,6 phòng,5 phòng,Nội thất đầy đủ,7,,,,,Hẻm xe hơi,5 m,11 m,,,55 m²,,,,,
2025-10-04T00:26:52.299931,Cập nhật 9 ngày trước,"7,75 tỷ","Nhà ngõ, hẻm",36 m²,"215,28 triệu/m²",Đã có sổ,3 phòng,4 phòng,Nội thất đầy đủ,5,,,,,Hẻm xe hơi,3.3 m,11 m,,,36 m²,,,,,
2025-10-04T00:26:52.601535,Cập nhật 7 ngày trước,8 tỷ,"Nhà ngõ, hẻm",40 m²,200 triệu/m²,Đã có sổ,4 phòng,4 phòng,Nội thất đầy đủ,,,,,,Hiện trạng khác,,,,,40 m²,,,,,
2025-10-04T00:26:56.259029,Cập nhật 7 ngày trước,"5,9 tỷ",,43.8 m²,"134,70 triệu/m²",Đã có sổ,,,,,,,,Đất thổ cư,,3.5 m,12.5 m,,m²,,,,Bắc,,
2025-10-04T00:27:07.137220,Cập nhật 8 ngày trước,"4,5 tỷ","Nhà ngõ, hẻm",31 m²,"145,16 triệu/m²",Đã có sổ,3 phòng,3 phòng,Nội thất đầy đủ,,,,,,,,,,,31 m²,,,,,
2025-10-04T00:27:05.274590,Cập nhật 9 ngày trước,"7,9 tỷ","Nhà ngõ, hẻm",42 m²,"188,10 triệu/m²",Đã có sổ,3 phòng,,,,,,,,,,,,,,,,,,
2025-10-04T00:27:12.473781,Cập nhật 5 ngày trước,"11,99 tỷ","Nhà ngõ, hẻm",40 m²,"299,75 triệu/m²",Đã có sổ,3 phòng,4 phòng,Nội thất cao cấp,6,,,,,Hẻm xe hơi,6 m,8 m,,,40 m²,,,,,
2025-10-04T00:27:10.600672,Cập nhật 8 ngày trước,"6,76 tỷ","Nhà ngõ, hẻm",26.2 m²,"258,02 triệu/m²",Đã có sổ,6 phòng,4 phòng,Nội thất đầy đủ,4,,,,,Nhà nở hậu,3 m,9 m,,,32 m²,,,Đông,,
2025-10-04T00:27:23.163408,Cập nhật 5 ngày trước,"7,35 tỷ","Nhà ngõ, hẻm",35 m²,210 triệu/m²,Đã có sổ,4 phòng,,Nội thất đầy đủ,5,,,,,,,,,,,,,,,
2025-10-04T00:27:23.344973,Cập nhật 8 ngày trước,"10,9 tỷ","Nhà ngõ, hẻm",35 m²,"311,43 triệu/m²",Đã có sổ,3 phòng,,,5,,,,,Hẻm xe hơi,,,,,,,,,,
2025-10-04T00:27:21.374758,Cập nhật 7 ngày trước,29 tỷ,"Nhà mặt phố, mặt tiền",65 m²,"446,15 triệu/m²",Đã có sổ,3 phòng,4 phòng,Nội thất đầy đủ,3,,,,,Hiện trạng khác,6 m,11 m,,,65 m²,,,Tây,,
2025-10-04T00:27:27.812011,Cập nhật 7 ngày trước,"3,3 tỷ",,116 m²,"28,45 triệu/m²",Đã có sổ,,,,,,,,Đất thổ cư,"Thổ cư toàn bộ
Hẻm xe hơi",4 m,29 m,,m²,,,,,,
2025-10-04T00:27:25.339348,Cập nhật 6 ngày trước,"13,9 tỷ","Nhà ngõ, hẻm",39 m²,"356,41 triệu/m²",Đã có sổ,4 phòng,4 phòng,Nội thất đầy đủ,5,,,,,Nhà nở hậu,3.5 m,,,,39 m²,,,,,
2025-10-04T00:27:32.950522,Cập nhật 8 ngày trước,"7,5 tỷ","Nhà ngõ, hẻm",37 m²,"202,70 triệu/m²",Đã có sổ,3 phòng,5 phòng,Nội thất đầy đủ,,,,,,,,,,,,,,,,
2025-10-04T00:27:36.728829,Cập nhật 9 ngày trước,"3,25 tỷ",,70 m²,"46,43 triệu/m²",Đang chờ sổ,2 phòng,2 phòng,Nội thất đầy đủ,,Đã bàn giao,Chung cư,,,,,,,,,,,,,
2025-10-04T00:27:40.765890,Cập nhật 8 ngày trước,"6,6 tỷ","Nhà mặt phố, mặt tiền",40 m²,165 triệu/m²,Đã có sổ,4 phòng,,,,,,,,Nhà nở hậu,,,,,,,,,,
2025-10-04T00:27:49.421283,Cập nhật 8 ngày trước,"17,5 tỷ","Nhà mặt phố, mặt tiền",45 m²,"388,89 triệu/m²",Đã có sổ,4 phòng,,,,,,,,,,,,,45 m²,,,,,
2025-10-04T00:27:47.966994,Cập nhật 9 ngày trước,"5,9 tỷ","Nhà ngõ, hẻm",21 m²,"280,95 triệu/m²",Đã có sổ,2 phòng,,,,,,,,,,,,,,,,,,
2025-10-04T00:27:54.675366,Cập nhật 6 ngày trước,"8,15 tỷ","Nhà mặt phố, mặt tiền",61 m²,"133,61 triệu/m²",Đã có sổ,6 phòng,,Nội thất cao cấp,6,,,,,Hẻm xe hơi,,,,,,,,,,
2025-10-04T00:27:58.742867,Cập nhật 9 ngày trước,"4,8 tỷ","Nhà ngõ, hẻm",32 m²,150 triệu/m²,Đã có sổ,4 phòng,,,,,,,,,,,,,,,,,,
2025-10-04T00:28:04.728679,Cập nhật 7 ngày trước,4 tỷ,"Nhà ngõ, hẻm",45 m²,"88,89 triệu/m²",Đã có sổ,4 phòng,3 phòng,Nội thất cao cấp,4,,,,,,,,,,,,,,,
2025-10-04T00:28:05.175896,Cập nhật 2 ngày trước,"6,5 tỷ","Nhà ngõ, hẻm",48 m²,"135,42 triệu/m²",Đã có sổ,4 phòng,,,5,,,,,Hẻm xe hơi,,,,,,,,,,
2025-10-04T00:28:06.974803,Cập nhật 9 ngày trước,"5,5 tỷ",,60 m²,"91,67 triệu/m²",Sổ hồng riêng,3 phòng,,,,Chưa bàn giao,Chung cư,,,,,,,,,,,,,
2025-10-04T00:28:12.011894,Cập nhật 9 ngày trước,"8,35 tỷ","Nhà ngõ, hẻm",45 m²,"185,56 triệu/m²",Đã có sổ,4 phòng,,Nội thất cao cấp,5,,,,,,,,,,,,,,,
2025-10-04T00:28:15.920666,Cập nhật 8 ngày trước,"8,25 tỷ","Nhà ngõ, hẻm",40 m²,"206,25 triệu/m²",Đã có sổ,3 phòng,,,,,,,,,,,,,,,,,,
2025-10-04T00:28:18.423966,Cập nhật 7 ngày trước,"6,1 tỷ",,80 m²,"76,25 triệu/m²",Sổ hồng riêng,3 phòng,,Nội thất đầy đủ,,Chưa bàn giao,Chung cư,,,,,,,,,,,,,
2025-10-04T00:28:20.131422,Cập nhật 8 ngày trước,"12,6 tỷ","Nhà ngõ, hẻm",58 m²,"217,24 triệu/m²",Đã có sổ,4 phòng,4 phòng,Nội thất đầy đủ,4,,,,,Hẻm xe hơi,6.8 m,8.5 m,,,,,,,,
2025-10-04T00:28:24.165051,Cập nhật 8 ngày trước,"6,2 tỷ","Nhà ngõ, hẻm",60 m²,"103,33 triệu/m²",Đã có sổ,2 phòng,2 phòng,Nội thất đầy đủ,3,,,,,,,,,,60 m²,,,,,
2025-10-04T00:28:28.182832,Cập nhật 9 ngày trước,"4,68 tỷ",,68 m²,"68,82 triệu/m²",Sổ hồng riêng,2 phòng,2 phòng,Nội thất cao cấp,,Chưa bàn giao,"Tập thể, cư xá",,,,,,,,,,,,,
2025-10-04T00:28:35.490003,Cập nhật 8 ngày trước,"4,48 tỷ","Nhà ngõ, hẻm",22 m²,"203,64 triệu/m²",Đã có sổ,3 phòng,3 phòng,,4,,,,,"Hiện trạng khác
Nhà nở hậu
Hẻm xe hơi",7 m,3.3 m,,,22 m²,,,,,
2025-10-04T00:28:41.738523,Cập nhật 8 ngày trước,"5,9 tỷ","Nhà ngõ, hẻm",35 m²,"168,57 triệu/m²",Đã có sổ,3 phòng,4 phòng,Nội thất cao cấp,5,,,,,"Hẻm xe hơi
Nhà nở hậu",3.5 m,10 m,,,35 m²,,,Nam,,
2025-10-04T00:28:45.053273,Cập nhật 8 ngày trước,"6,75 tỷ","Nhà ngõ, hẻm",44 m²,"153,41 triệu/m²",Đã có sổ,3 phòng,,,4,,,,,,,,,,,,,,,
2025-10-04T00:28:49.982999,Cập nhật 9 ngày trước,"4,6 tỷ",,78 m²,"58,97 triệu/m²",Sổ hồng riêng,2 phòng,2 phòng,,,Đã bàn giao,"Tập thể, cư xá",,,,,,,,,,,,,
2025-10-04T00:28:50.184896,Cập nhật 7 ngày trước,"8,6 tỷ",,85 m²,"101,18 triệu/m²",Đã có sổ,,,,,,,,Đất thổ cư,,5.3 m,16 m,,,,,,,,
2025-10-04T00:28:53.614019,Cập nhật 7 ngày trước,"16,45 tỷ",Nhà phố liền kề,63 m²,"261,11 triệu/m²",Đã có sổ,4 phòng,5 phòng,Nội thất đầy đủ,6,,,,,,5 m,,,,63 m²,,,,,
2025-10-04T00:28:56.064567,Cập nhật 9 ngày trước,"6,7 tỷ","Nhà ngõ, hẻm",38 m²,"176,32 triệu/m²",Đã có sổ,3 phòng,,,,,,,,,,,,,,,,,,
2025-10-04T00:28:58.515921,Cập nhật 9 ngày trước,"8,23 tỷ","Nhà ngõ, hẻm",47 m²,"175,11 triệu/m²",Đã có sổ,5 phòng,,,,,,,,,,,,,,,,,,
2025-10-04T00:29:04.623879,Cập nhật 8 ngày trước,"5,755 tỷ","Nhà mặt phố, mặt tiền",32 m²,"179,84 triệu/m²",Đã có sổ,3 phòng,3 phòng,Nội thất đầy đủ,4,,,,,Nhà nở hậu,,,,,32 m²,,,,,
2025-10-04T00:29:04.792895,Cập nhật 3 giờ trước,5 tỷ,"Nhà ngõ, hẻm",35 m²,"142,86 triệu/m²",Đã có sổ,3 phòng,4 phòng,Nội thất đầy đủ,5,,,,,"Hẻm xe hơi
Nhà nở hậu",4 m,9 m,,,150 m²,,,Tây Bắc,,
2025-10-04T00:29:06.676695,Cập nhật 8 ngày trước,"7,6 tỷ","Nhà ngõ, hẻm",35 m²,"217,14 triệu/m²",Đã có sổ,3 phòng,4 phòng,Nội thất cao cấp,5,,,,,"Nhà nở hậu
Hẻm xe hơi",3.5 m,10 m,,,35 m²,,,,,
2025-10-04T00:29:12.582254,Cập nhật 8 ngày trước,"5,5 tỷ",,66 m²,"83,33 triệu/m²",Sổ hồng riêng,2 phòng,2 phòng,Nội thất đầy đủ,,Đã bàn giao,Chung cư,,,,,,,,,,,,,
2025-10-04T00:29:12.472341,Cập nhật 1 ngày trước,"6,95 tỷ","Nhà ngõ, hẻm",33 m²,"210,61 triệu/m²",Đã có sổ,3 phòng,4 phòng,Nội thất cao cấp,5,,,,,Hẻm xe hơi,,,,,33 m²,,,,,
2025-10-04T00:29:19.096148,Cập nhật 7 ngày trước,18 tỷ,,335 m²,"53,73 triệu/m²",Đã có sổ,,,,,,,,Đất thổ cư,Mặt tiền,15 m,22 m,sát bờ đê,m²,,,,,,
2025-10-04T00:29:20.014699,Cập nhật 9 ngày trước,"5,7 tỷ","Nhà ngõ, hẻm",33.5 m²,"170,15 triệu/m²",Đã có sổ,5 phòng,3 phòng,Nội thất đầy đủ,4,,,,,,,,,,,,,,,
2025-10-04T00:29:27.979695,Cập nhật 7 ngày trước,"5,38 tỷ","Nhà ngõ, hẻm",45 m²,"119,56 triệu/m²",Đã có sổ,3 phòng,,Hoàn thiện cơ bản,4,,,,,,4 m,,,,45 m²,,,,,
2025-10-04T00:29:28.185647,Cập nhật 7 ngày trước,"5,95 tỷ","Nhà ngõ, hẻm",30 m²,"198,33 triệu/m²",Đã có sổ,3 phòng,4 phòng,Hoàn thiện cơ bản,5,,,,,Hẻm xe hơi,4 m,,,,30 m²,,,,,
2025-10-04T00:29:30.622564,Cập nhật 8 ngày trước,14 tỷ,Nhà phố liền kề,57 m²,"245,61 triệu/m²",Đã có sổ,4 phòng,4 phòng,Nội thất cao cấp,4,,,,,"Hẻm xe hơi
Nhà nở hậu",5 m,,,,,,,,,
2025-10-04T00:29:35.218380,Cập nhật 2 ngày trước,"2,7 tỷ",,125 m²,"21,60 triệu/m²",Đã có sổ,,,,,,,,Đất thổ cư,"Mặt tiền
Hẻm xe hơi
Thổ cư toàn bộ",6 m,21 m,,,,,,Đông Nam,,
2025-10-04T00:29:35.626928,Cập nhật 2 ngày trước,"4,95 tỷ","Nhà ngõ, hẻm",49 m²,"101,02 triệu/m²",Đã có sổ,4 phòng,2 phòng,Hoàn thiện cơ bản,2,,,,,,4.8 m,11 m,,,,,,,,
2025-10-04T00:29:44.464317,Cập nhật 7 ngày trước,"3,58 tỷ",,70 m²,"51,14 triệu/m²",Sổ hồng riêng,2 phòng,2 phòng,Nội thất đầy đủ,,Đã bàn giao,"Tập thể, cư xá",,,,,,,,,,,,,
2025-10-04T00:29:44.735674,Cập nhật 7 ngày trước,"11,5 tỷ","Nhà ngõ, hẻm",35 m²,"328,57 triệu/m²",Đã có sổ,3 phòng,,,,,,,,"Hẻm xe hơi
Nhà nở hậu",,,,,35 m²,,,,,
2025-10-04T00:29:44.481278,Cập nhật 13 giờ trước,"4,1 tỷ",,90 m²,"45,56 triệu/m²",Sổ hồng riêng,3 phòng,2 phòng,Nội thất cao cấp,,Đã bàn giao,"Tập thể, cư xá",4,,,,,5,,,,,,,
2025-10-04T00:29:48.833899,Cập nhật 7 ngày trước,"6,9 tỷ","Nhà ngõ, hẻm",31 m²,"222,58 triệu/m²",Đã có sổ,3 phòng,4 phòng,Nội thất đầy đủ,5,,,,,"Hẻm xe hơi
Nhà nở hậu",,,,,,,,,,
2025-10-04T00:29:51.935679,Cập nhật 9 ngày trước,"7,345 tỷ","Nhà ngõ, hẻm",32 m²,"229,53 triệu/m²",Đã có sổ,3 phòng,4 phòng,Nội thất đầy đủ,5,,,,,,3.7 m,,,,32 m²,,,,,
2025-10-04T00:29:59.432556,Cập nhật 9 ngày trước,25 tỷ,"Nhà mặt phố, mặt tiền",78 m²,"320,51 triệu/m²",Đã có sổ,4 phòng,4 phòng,,5,,,,,,6.8 m,,,,,,,,,
2025-10-04T00:29:57.989729,Cập nhật 7 ngày trước,7 tỷ,"Nhà ngõ, hẻm",38 m²,"184,21 triệu/m²",Đã có sổ,3 phòng,4 phòng,Nội thất cao cấp,5,,,,,,4.8 m,,,,38 m²,,,,,
2025-10-04T00:30:04.756600,Cập nhật 7 ngày trước,"8,6 tỷ","Nhà ngõ, hẻm",40 m²,215 triệu/m²,Đã có sổ,4 phòng,,,6,,,,,,,,,,,,,,,
2025-10-04T00:30:07.809377,Cập nhật 9 ngày trước,"10,9 tỷ","Nhà mặt phố, mặt tiền",75 m²,"145,33 triệu/m²",Đã có sổ,3 phòng,3 phòng,,3,,,,,,5 m,15 m,,,,,,,,
2025-10-04T00:30:07.911239,Cập nhật 9 ngày trước,"18,8 tỷ",Nhà phố liền kề,83 m²,"226,51 triệu/m²",Đã có sổ,4 phòng,3 phòng,,4,,,,,Hẻm xe hơi,5 m,16.6 m,,,332 m²,,,,,
2025-10-04T00:30:05.437680,Cập nhật 9 ngày trước,"7,2 tỷ",,80 m²,90 triệu/m²,Đã có sổ,,,,,,,,Đất thổ cư,Thổ cư toàn bộ,3.9 m,,,m²,,,,,,
2025-10-04T00:30:11.002143,Cập nhật 8 ngày trước,"18,9 tỷ","Nhà ngõ, hẻm",69 m²,"273,91 triệu/m²",Đã có sổ,4 phòng,,Nội thất cao cấp,4,,,,,Hẻm xe hơi,,,,,69 m²,,,,,
2025-10-04T00:30:14.265207,Cập nhật 7 ngày trước,"5,6 tỷ","Nhà ngõ, hẻm",33 m²,"169,70 triệu/m²",Đã có sổ,3 phòng,3 phòng,,,,,,,,3.5 m,9.5 m,,,33 m²,,,,,
2025-10-04T00:30:16.981684,Cập nhật 7 ngày trước,"9,5 tỷ","Nhà ngõ, hẻm",55 m²,"172,73 triệu/m²",Đã có sổ,6 phòng,,,,,,,,,5 m,,,,,,,,,
2025-10-04T00:30:17.136142,Cập nhật 5 ngày trước,"9,5 tỷ","Nhà ngõ, hẻm",40 m²,"237,50 triệu/m²",Đã có sổ,5 phòng,5 phòng,Nội thất đầy đủ,6,,,,,,3.6 m,11 m,,,,,,Bắc,,
2025-10-04T00:30:22.590973,Cập nhật 9 ngày trước,"8,8 tỷ","Nhà ngõ, hẻm",32 m²,275 triệu/m²,Đã có sổ,4 phòng,,,,,,,,,,,,,35 m²,,,,,
2025-10-04T00:30:25.945038,Cập nhật 7 ngày trước,"6,4 tỷ","Nhà ngõ, hẻm",37 m²,"172,97 triệu/m²",Đã có sổ,4 phòng,,,,,,,,,,,,,,,,,,
2025-10-04T00:30:26.021712,Cập nhật 2 ngày trước,5 tỷ,"Nhà ngõ, hẻm",38 m²,"131,58 triệu/m²",Đã có sổ,3 phòng,4 phòng,,5,,,,,,,,,,,,,,,
2025-10-04T00:30:26.706650,Cập nhật 9 ngày trước,"9,5 tỷ","Nhà ngõ, hẻm",52 m²,"182,69 triệu/m²",Đã có sổ,5 phòng,,,,,,,,,,,,,,,,,,
2025-10-04T00:30:28.142655,Cập nhật 7 ngày trước,"17,2 tỷ","Nhà mặt phố, mặt tiền",46 m²,"373,91 triệu/m²",Đã có sổ,5 phòng,4 phòng,,5,,,,,,,,,,,,,,,
2025-10-04T00:30:34.916301,Cập nhật 7 ngày trước,"8,9 tỷ","Nhà ngõ, hẻm",55 m²,"161,82 triệu/m²",Đã có sổ,2 phòng,2 phòng,Nội thất đầy đủ,2,,,,,Hẻm xe hơi,4.2 m,,,,,,,,,
2025-10-04T00:30:35.486117,Cập nhật 8 ngày trước,"7,6 tỷ","Nhà ngõ, hẻm",40 m²,190 triệu/m²,Đã có sổ,4 phòng,,,,,,,,,,,,,,,,,,
2025-10-04T00:30:36.619023,Cập nhật 8 ngày trước,"7,09 tỷ","Nhà ngõ, hẻm",43 m²,"164,88 triệu/m²",Đã có sổ,3 phòng,,Nội thất đầy đủ,5,,,,,Hẻm xe hơi,4.6 m,,,,,,,,,
2025-10-04T00:30:39.867117,Cập nhật 8 ngày trước,"27,9 tỷ",Nhà phố liền kề,77 m²,"362,34 triệu/m²",Đã có sổ,4 phòng,4 phòng,Nội thất đầy đủ,5,,,,,,7 m,13.5 m,,,,,,,,
2025-10-04T00:30:44.316095,Cập nhật 8 ngày trước,13 tỷ,"Nhà ngõ, hẻm",37 m²,"351,35 triệu/m²",Đã có sổ,4 phòng,,,5,,,,,,,,,,,,,,,
2025-10-04T00:30:44.736610,Cập nhật 7 ngày trước,"6,7 tỷ","Nhà ngõ, hẻm",65 m²,"103,08 triệu/m²",Đã có sổ,4 phòng,,Nội thất cao cấp,4,,,,,,5 m,,,,65 m²,,,,,
2025-10-04T00:30:45.047599,Cập nhật 7 ngày trước,85 tỷ,,448.8 m²,"189,39 triệu/m²",Đã có sổ,,,,,,,,Đất thổ cư,Mặt tiền Nở hậu Hẻm xe hơi Thổ cư toàn bộ Thổ cư 1 phần,,,,m²,,,,,,
2025-10-04T00:30:48.561740,Cập nhật 7 ngày trước,"5,6 tỷ","Nhà ngõ, hẻm",22 m²,"254,55 triệu/m²",Đã có sổ,4 phòng,,,,,,,,,,,,,,,,,,
2025-10-04T00:30:50.009889,Cập nhật 7 ngày trước,"5,4 tỷ","Nhà ngõ, hẻm",32 m²,"168,75 triệu/m²",Đã có sổ,4 phòng,,Nội thất đầy đủ,5,,,,,,,,,,,,,Tây Bắc,,
2025-10-04T00:30:52.907983,Cập nhật 8 ngày trước,"14,8 tỷ","Nhà mặt phố, mặt tiền",35 m²,"422,86 triệu/m²",Đã có sổ,5 phòng,3 phòng,Nội thất đầy đủ,5,,,,,Hẻm xe hơi,,,,,,,,,,
2025-10-04T00:30:54.739730,Cập nhật 7 ngày trước,"9,4 tỷ","Nhà ngõ, hẻm",47 m²,200 triệu/m²,Đã có sổ,4 phòng,,,,,,,,,,,,,,,,,,
2025-10-04T00:30:56.693293,Cập nhật 7 ngày trước,20 tỷ,Nhà phố liền kề,48 m²,"416,67 triệu/m²",Đã có sổ,4 phòng,4 phòng,Nội thất đầy đủ,5,,,,,,4 m,10 m,,,,,,Đông Nam,,
2025-10-04T00:30:58.716513,Cập nhật 7 ngày trước,29 tỷ,Nhà biệt thự,134 m²,"216,42 triệu/m²",Đã có sổ,4 phòng,,,,,,,,,,,,,,,,,,
2025-10-04T00:30:59.308366,Cập nhật 7 ngày trước,"4,7 tỷ",,100 m²,47 triệu/m²,Sổ hồng riêng,3 phòng,2 phòng,Nội thất đầy đủ,,Đã bàn giao,"Tập thể, cư xá",3,,,,,,,,,,,Căn góc,
2025-10-04T00:31:03.176863,Cập nhật 1 ngày trước,"2,59 tỷ",,56.5 m²,"45,84 triệu/m²",Đã có sổ,,,,,,,,Đất thổ cư,Hẻm xe hơi Thổ cư toàn bộ Mặt tiền,7.3 m,7.7 m,Xuân Bách,m²,,,,,,
2025-10-04T00:31:08.188841,Cập nhật 7 ngày trước,"6,5 tỷ",,35 m²,"185,71 triệu/m²",Đã có sổ,,,,,,,,Đất thổ cư,Hẻm xe hơi Nở hậu,4.4 m,,,m²,,,,Bắc,,
2025-10-04T00:31:08.401964,Cập nhật 9 ngày trước,"3,95 tỷ",,75 m²,"52,67 triệu/m²",Sổ hồng riêng,2 phòng,2 phòng,Nội thất đầy đủ,,Chưa bàn giao,"Tập thể, cư xá",,,,,,,,,,,,Căn góc,
2025-10-04T00:31:10.700149,Cập nhật 7 ngày trước,29 tỷ,,70 m²,"414,29 triệu/m²",Đã có sổ,,,Nội thất cao cấp,,,,,,,,,,,,,Mặt bằng kinh doanh,,,
2025-10-04T00:31:11.876245,Cập nhật 3 giờ trước,7 tỷ,"Nhà ngõ, hẻm",33 m²,"212,12 triệu/m²",Đã có sổ,3 phòng,4 phòng,Nội thất đầy đủ,6,,,,,Hẻm xe hơi Nhà nở hậu,3.5 m,9 m,,,180 m²,,,Tây Nam,,
2025-10-04T00:31:16.973212,Cập nhật 1 ngày trước,530 tỷ,"Nhà mặt phố, mặt tiền",420 m²,"1,26 tỷ/m²",Đã có sổ,8 phòng,Nhiều hơn 6 phòng,,6,,,,,Nhà nở hậu,15 m,,,,,,,Bắc,,
2025-10-04T00:31:18.518532,Cập nhật 6 ngày trước,"10,3 tỷ","Nhà ngõ, hẻm",32 m²,"321,88 triệu/m²",Đã có sổ,3 phòng,,,,,,,,,,,,,,,,,,
2025-10-04T00:31:20.552080,Cập nhật 17 giờ trước,"3,25 tỷ",,37 m²,"87,84 triệu/m²",Sổ hồng riêng,3 phòng,1 phòng,Nội thất đầy đủ,,Đã bàn giao,"Tập thể, cư xá",4,,,,,22,,,,,Tây Bắc,,Đông Nam
2025-10-04T00:31:25.686361,Cập nhật 7 ngày trước,"5,2 tỷ","Nhà ngõ, hẻm",30.5 m²,"170,49 triệu/m²",Đã có sổ,3 phòng,3 phòng,Hoàn thiện cơ bản,4,,,,,Nhà nở hậu,4.06 m,10 m,,,30.5 m²,,,,,
2025-10-04T00:31:26.073280,Cập nhật 8 ngày trước,"8,6 tỷ","Nhà ngõ, hẻm",36 m²,"238,89 triệu/m²",Đã có sổ,10 phòng,Nhiều hơn 6 phòng,Nội thất đầy đủ,6,,,,,,,,,,,,,,,
2025-10-04T00:31:25.927952,Cập nhật 3 ngày trước,"6,5 tỷ","Nhà ngõ, hẻm",45 m²,"144,44 triệu/m²",Đã có sổ,5 phòng,4 phòng,,4,,,,,,4 m,,,,180 m²,,,Đông Bắc,,
2025-10-04T00:31:33.224800,Cập nhật 9 ngày trước,22 tỷ,"Nhà ngõ, hẻm",77 m²,"285,71 triệu/m²",Đã có sổ,4 phòng,4 phòng,Nội thất cao cấp,5,,,,,Hẻm xe hơi Nhà nở hậu,,,,,,,,,,
2025-10-04T00:31:35.062527,Cập nhật 9 ngày trước,5 tỷ,"Nhà ngõ, hẻm",40 m²,125 triệu/m²,Đã có sổ,3 phòng,4 phòng,Hoàn thiện cơ bản,5,,,,,,,,,,200 m²,,,Đông Nam,,
2025-10-04T00:31:35.000274,Cập nhật 8 ngày trước,"26,5 tỷ","Nhà ngõ, hẻm",60 m²,"441,67 triệu/m²",Đã có sổ,5 phòng,4 phòng,,5,,,,,Hẻm xe hơi,,,,,,,,,,
2025-10-04T00:31:34.573996,Cập nhật 7 ngày trước,"1,3 tỷ",,60 m²,"21,67 triệu/m²",Đã có sổ,,,,,,,,Đất thổ cư,,,,,m²,,,,,,
2025-10-04T00:31:40.836074,Cập nhật 8 ngày trước,"10,4 tỷ","Nhà ngõ, hẻm",50 m²,208 triệu/m²,Đã có sổ,5 phòng,4 phòng,Nội thất đầy đủ,5,,,,,Hẻm xe hơi,4.5 m,11 m,,,50 m²,,,,,
2025-10-04T00:31:43.354750,Cập nhật 8 ngày trước,"3,8 tỷ",,48 m²,"79,17 triệu/m²",Đã có sổ,,,,,,,,Đất thổ cư,Mặt tiền Hẻm xe hơi,,,,,,,,,,
2025-10-04T00:31:44.180196,Cập nhật 9 ngày trước,"7,8 tỷ","Nhà ngõ, hẻm",33 m²,"236,36 triệu/m²",Đã có sổ,3 phòng,,,,,,,,Hẻm xe hơi,,,,,,,,,,
2025-10-04T00:31:44.751733,Cập nhật 7 ngày trước,"7,65 tỷ","Nhà ngõ, hẻm",37 m²,"206,76 triệu/m²",Đã có sổ,3 phòng,,,,,,,,,,,,,,,,,,
2025-10-04T00:31:44.989269,Cập nhật 8 ngày trước,"11,52 tỷ",,72 m²,160 triệu/m²,Đã có sổ,,,,,,,,Đất thổ cư,Mặt tiền Hẻm xe hơi Thổ cư toàn bộ,4 m,,,,,,,,,
2025-10-04T00:31:49.149782,Cập nhật 7 ngày trước,"3,1 tỷ",Nhà phố liền kề,41 m²,"75,61 triệu/m²",Đã có sổ,3 phòng,3 phòng,Nội thất đầy đủ,2,,,,,Hẻm xe hơi Nhà nở hậu,3.5 m,12.5 m,,,41 m²,,,,,
2025-10-04T00:31:50.809885,Cập nhật 8 ngày trước,10 tỷ,"Nhà ngõ, hẻm",38 m²,"263,16 triệu/m²",Đã có sổ,3 phòng,,Nội thất đầy đủ,6,,,,,,,,,,,,,,,
2025-10-04T00:31:52.723357,Cập nhật 5 giờ trước,34 tỷ,"Nhà ngõ, hẻm",107 m²,"317,76 triệu/m²",Đã có sổ,6 phòng,,,,,,,,Nhà nở hậu Hẻm xe hơi,,,,,,,,,,
2025-10-04T00:31:53.196382,Cập nhật 5 ngày trước,"15,5 tỷ",,116 m²,"133,62 triệu/m²",Sổ hồng riêng,3 phòng,2 phòng,,,Chưa bàn giao,Chung cư,,,,,,,,,,,,,
2025-10-04T00:31:57.028382,Cập nhật 7 ngày trước,"4,5 tỷ","Nhà mặt phố, mặt tiền",63 m²,"71,43 triệu/m²",Đã có sổ,4 phòng,4 phòng,,5,,,,,,,,,,,,,Đông Nam,,
2025-10-04T00:31:58.579754,Cập nhật 9 ngày trước,"7,4 tỷ","Nhà ngõ, hẻm",30 m²,"246,67 triệu/m²",Đã có sổ,3 phòng,3 phòng,,,,,,,Nhà nở hậu,,,,,34 m²,,,,,
2025-10-04T00:32:00.927312,Cập nhật 8 ngày trước,"7,6 tỷ","Nhà ngõ, hẻm",35 m²,"217,14 triệu/m²",Đã có sổ,3 phòng,,,,,,,,,,,,,,,,,,
2025-10-04T00:32:02.427380,Cập nhật 7 ngày trước,5 tỷ,"Nhà ngõ, hẻm",30 m²,"166,67 triệu/m²",Đã có sổ,3 phòng,4 phòng,Nội thất cao cấp,5,,,,,Hẻm xe hơi,4.5 m,6.6 m,,,30 m²,,,,,
2025-10-04T00:32:02.444896,Cập nhật 7 ngày trước,"48,5 tỷ","Nhà mặt phố, mặt tiền",89.5 m²,"541,90 triệu/m²",Đã có sổ,3 phòng,,,,,,,,,,,,,,,,,,
2025-10-04T00:32:06.708868,Cập nhật 9 ngày trước,"23,9 tỷ","Nhà mặt phố, mặt tiền",82 m²,"291,46 triệu/m²",Đã có sổ,5 phòng,3 phòng,Nội thất đầy đủ,5,,,,,Hẻm xe hơi,4.1 m,,,,,,,,,
2025-10-04T00:32:09.217410,Cập nhật 8 ngày trước,"12,5 tỷ","Nhà ngõ, hẻm",51 m²,"245,10 triệu/m²",Đã có sổ,4 phòng,3 phòng,Nội thất đầy đủ,4,,,,,,,,,,200 m²,,,,,
2025-10-04T00:32:10.891847,Cập nhật 3 ngày trước,"1,6 tỷ","Nhà ngõ, hẻm",17 m²,"94,12 triệu/m²",Sổ chung / công chứng vi bằng,2 phòng,2 phòng,,4,,,,,,3 m,5.5 m,,,68 m²,,,,,
2025-10-04T00:32:10.926329,Cập nhật 7 ngày trước,36 tỷ,"Nhà ngõ, hẻm",70 m²,"514,29 triệu/m²",Đã có sổ,nhiều hơn 10 phòng,Nhiều hơn 6 phòng,Nội thất cao cấp,9,,,,,Nhà nở hậu Hẻm xe hơi,7 m,10 m,,,70 m²,,,Đông Nam,,
2025-10-04T00:32:12.796290,Cập nhật 8 ngày trước,"36,5 tỷ","Nhà mặt phố, mặt tiền",50 m²,730 triệu/m²,Đã có sổ,8 phòng,,,,,,,,Nhà nở hậu,,,,,50 m²,,,,,
2025-10-04T00:32:17.163858,Cập nhật 9 ngày trước,"9,5 tỷ","Nhà mặt phố, mặt tiền",50 m²,190 triệu/m²,Đã có sổ,4 phòng,,Nội thất cao cấp,5,,,,,Nhà nở hậu,4.5 m,,,,50 m²,,,,,
2025-10-04T00:32:19.039657,Cập nhật 8 ngày trước,"5,15 tỷ",,60 m²,"85,83 triệu/m²",Sổ hồng riêng,2 phòng,,Nội thất đầy đủ,,Chưa bàn giao,"Tập thể, cư xá",,,,,,,,,,,,,
2025-10-04T00:32:19.337259,Cập nhật 7 ngày trước,"12,45 tỷ",,202 m²,"61,63 triệu/m²",Sổ hồng riêng,4 phòng,3 phòng,Nội thất cao cấp,,Chưa bàn giao,Chung cư,,,,,,,,,,,,,
2025-10-04T00:32:23.841456,Cập nhật 8 ngày trước,"44,41 tỷ","Nhà ngõ, hẻm",100 m²,"444,10 triệu/m²",Đã có sổ,2 phòng,2 phòng,,,,,,,Nhà nở hậu Hẻm xe hơi,4 m,,,,,,,,,
2025-10-04T00:32:27.751522,Cập nhật 7 ngày trước,"24,4 tỷ","Nhà ngõ, hẻm",104 m²,"234,62 triệu/m²",Đã có sổ,3 phòng,3 phòng,Nội thất đầy đủ,4,,,,,,8 m,13 m,,,,,,,,
2025-10-04T00:32:29.018572,Cập nhật 8 ngày trước,7 tỷ,"Nhà ngõ, hẻm",39 m²,"179,49 triệu/m²",Đã có sổ,3 phòng,,,,,,,,,,,,,,,,,,
2025-10-04T00:32:33.374436,Cập nhật 8 ngày trước,7 tỷ,"Nhà ngõ, hẻm",33 m²,"212,12 triệu/m²",Đã có sổ,3 phòng,,Nội thất đầy đủ,5,,,,,Nhà nở hậu,,,,,33 m²,,,,,
2025-10-04T00:32:35.202140,Cập nhật 9 ngày trước,"2,05 tỷ",,55 m²,"37,27 triệu/m²",Hợp đồng mua bán,2 phòng,2 phòng,Nội thất đầy đủ,,Đã bàn giao,Chung cư,,,,,,,,,,,,,
2025-10-04T00:32:37.065362,Cập nhật 8 ngày trước,53 tỷ,"Nhà mặt phố, mặt tiền",77 m²,"688,31 triệu/m²",Đã có sổ,3 phòng,,,,,,,,,,,,,,,,,,
2025-10-04T00:32:37.234771,Cập nhật 8 ngày trước,"4,8 tỷ","Nhà ngõ, hẻm",32 m²,150 triệu/m²,Đã có sổ,2 phòng,1 phòng,,,,,,,,3.2 m,10 m,,,,,,,,
2025-10-04T00:32:41.354517,Cập nhật 6 ngày trước,"5,5 tỷ","Nhà ngõ, hẻm",28 m²,"196,43 triệu/m²",Đã có sổ,3 phòng,3 phòng,,,,,,,,,,,,,,,,,
2025-10-04T00:32:43.021189,Cập nhật 8 ngày trước,"8,1 tỷ",,64 m²,"126,56 triệu/m²",Đã có sổ,,,,,,,,Đất thổ cư,,4.55 m,,,,,,,,,
2025-10-04T00:32:45.086930,Cập nhật 8 ngày trước,"9,5 tỷ","Nhà ngõ, hẻm",48 m²,"197,92 triệu/m²",Đã có sổ,9 phòng,,Nội thất đầy đủ,5,,,,,Nhà nở hậu,4 m,12 m,,,240 m²,,,,,
2025-10-04T00:32:47.081626,Cập nhật 7 ngày trước,"6,15 tỷ","Nhà ngõ, hẻm",30 m²,205 triệu/m²,Đã có sổ,3 phòng,,,,,,,,,,,,,,,,,,
2025-10-04T00:32:50.112807,Cập nhật 7 ngày trước,"31,8 tỷ","Nhà ngõ, hẻm",70 m²,"454,29 triệu/m²",Đã có sổ,6 phòng,,Nội thất đầy đủ,9,,,,,Nhà nở hậu Hẻm xe hơi,5 m,,,,,,,,,
2025-10-04T00:32:51.313126,Cập nhật 7 ngày trước,"20,5 tỷ","Nhà ngõ, hẻm",75 m²,"273,33 triệu/m²",Đã có sổ,2 phòng,1 phòng,,1,,,,,,6 m,12.5 m,,,,,,,,
2025-10-04T00:32:52.841949,Cập nhật 8 ngày trước,10 tỷ,"Nhà ngõ, hẻm",40 m²,250 triệu/m²,Đã có sổ,9 phòng,Nhiều hơn 6 phòng,Nội thất cao cấp,6,,,,,Hẻm xe hơi Nhà nở hậu,4 m,9 m,,,,,,Đông Bắc,,
2025-10-04T00:32:55.358369,Cập nhật 4 ngày trước,"6,8 tỷ","Nhà ngõ, hẻm",45 m²,"151,11 triệu/m²",Đã có sổ,4 phòng,4 phòng,Nội thất đầy đủ,5,,,,,Hẻm xe hơi,4.2 m,,,,225 m²,,,Đông Nam,,
2025-10-04T00:32:55.784848,Cập nhật 13 giờ trước,"9,5 tỷ","Nhà ngõ, hẻm",45 m²,"211,11 triệu/m²",Đã có sổ,4 phòng,4 phòng,Nội thất đầy đủ,4,,,,,Hẻm xe hơi Nhà nở hậu,5.9 m,8 m,,,45 m²,,,,,
2025-10-04T00:32:58.222679,Cập nhật 7 ngày trước,"10,6 tỷ","Nhà mặt phố, mặt tiền",40 m²,265 triệu/m²,Đã có sổ,4 phòng,4 phòng,,,,,,,Hẻm xe hơi,4 m,,,,40 m²,,,,,
2025-10-04T00:32:59.610811,Cập nhật 8 ngày trước,15 tỷ,,238 m²,"63,03 triệu/m²",Đã có sổ,,,,,,,,Đất thổ cư,Mặt tiền Nở hậu,6 m,,,m²,,,,,,
2025-10-04T00:33:00.795541,Cập nhật 2 ngày trước,"8,3 tỷ","Nhà ngõ, hẻm",36 m²,"230,56 triệu/m²",Đã có sổ,4 phòng,4 phòng,Nội thất cao cấp,5,,,,,Nhà nở hậu,3.8 m,10 m,Phân lô,,40 m²,,,,,
2025-10-04T00:33:04.961377,Cập nhật 8 ngày trước,"6,8 tỷ","Nhà ngõ, hẻm",40 m²,170 triệu/m²,Đã có sổ,4 phòng,,Nội thất cao cấp,5,,,,,,,,,,,,,,,
2025-10-04T00:33:07.863695,Cập nhật 8 ngày trước,3 tỷ,"Nhà mặt phố, mặt tiền",30 m²,100 triệu/m²,Đã có sổ,3 phòng,3 phòng,Hoàn thiện cơ bản,4,,,,,Nhà nở hậu,3.46 m,14 m,,,30 m²,,,,,
2025-10-04T00:33:09.644778,Cập nhật 9 ngày trước,"1,55 tỷ","Nhà mặt phố, mặt tiền",38 m²,"40,79 triệu/m²",Sổ chung / công chứng vi bằng,2 phòng,,,,,,,,,,,,,,,,,,
2025-10-04T00:33:11.699968,Cập nhật 8 ngày trước,"7,3 tỷ","Nhà ngõ, hẻm",30 m²,"243,33 triệu/m²",Đã có sổ,3 phòng,,,,,,,,,,,,,,,,,,
2025-10-04T00:33:13.416272,Cập nhật 7 ngày trước,"7,1 tỷ","Nhà ngõ, hẻm",35 m²,"202,86 triệu/m²",Đã có sổ,3 phòng,,,,,,,,,,,,,,,,,,
2025-10-04T00:33:13.865321,Cập nhật 3 ngày trước,"4,35 tỷ","Nhà ngõ, hẻm",50.1 m²,"86,83 triệu/m²",Đã có sổ,4 phòng,3 phòng,Hoàn thiện cơ bản,4,,,,,Hẻm xe hơi,,,,,,,,Đông Nam,,
2025-10-04T00:33:15.662067,Cập nhật 9 ngày trước,"20,4 tỷ","Nhà mặt phố, mặt tiền",50 m²,408 triệu/m²,Đã có sổ,4 phòng,,,,,,,,,,,,,,,,,,
2025-10-04T00:33:17.348118,Cập nhật 6 ngày trước,"3,95 tỷ","Nhà ngõ, hẻm",34 m²,"116,18 triệu/m²",Đã có sổ,4 phòng,3 phòng,,3,,,,,,5 m,,,,34 m²,,,,,
2025-10-04T00:33:19.748004,Cập nhật 9 ngày trước,"8,3 tỷ","Nhà ngõ, hẻm",40 m²,"207,50 triệu/m²",Đã có sổ,3 phòng,,,,,,,,Hẻm xe hơi,,,,,,,,,,
2025-10-04T00:33:21.440657,Cập nhật 7 ngày trước,"3,99 tỷ","Nhà ngõ, hẻm",36 m²,"110,83 triệu/m²",Đã có sổ,2 phòng,2 phòng,Nội thất đầy đủ,3,,,,,Nhà nở hậu,10 m,,,,90 m²,11,,,,
2025-10-04T00:33:21.791973,Cập nhật 6 ngày trước,"16,2 tỷ","Nhà mặt phố, mặt tiền",33 m²,"490,91 triệu/m²",Đã có sổ,2 phòng,3 phòng,Nội thất đầy đủ,4,,,,,Hẻm xe hơi Nhà nở hậu,6.5 m,,,,40 m²,,,,,
2025-10-04T00:33:23.532892,Cập nhật 9 ngày trước,"2,65 tỷ","Nhà ngõ, hẻm",39 m²,"67,95 triệu/m²",Không có sổ,2 phòng,2 phòng,,2,,,,,,,,,,,,,,,
2025-10-04T00:33:25.819039,Cập nhật 8 ngày trước,"9,58 tỷ",,71 m²,"134,93 triệu/m²",Sổ hồng riêng,2 phòng,2 phòng,Nội thất đầy đủ,,Chưa bàn giao,Chung cư,,,,,,F2 3 5 6,,,,,Tây Bắc,,Đông Nam
2025-10-04T00:33:27.775121,Cập nhật 7 ngày trước,"7,3 tỷ","Nhà ngõ, hẻm",33 m²,"221,21 triệu/m²",Đã có sổ,3 phòng,,Nội thất đầy đủ,,,,,,,,,,,33 m²,,,,,
2025-10-04T00:33:28.753510,Cập nhật 4 giờ trước,"6,6 tỷ","Nhà ngõ, hẻm",35 m²,"188,57 triệu/m²",Đã có sổ,4 phòng,,,,,,,,,3.6 m,,,,35 m²,,,,,
2025-10-04T00:33:29.986771,Cập nhật 2 ngày trước,"2,85 tỷ",Nhà phố liền kề,40 m²,"71,25 triệu/m²",Đã có sổ,2 phòng,1 phòng,Nội thất đầy đủ,2,,,,,Hẻm xe hơi,,,,,,,,,,
2025-10-04T00:33:31.869505,Cập nhật 8 ngày trước,"5,95 tỷ","Nhà ngõ, hẻm",25 m²,238 triệu/m²,Đã có sổ,3 phòng,,,,,,,,,,,,,,,,,,
2025-10-04T00:33:36.119212,Cập nhật 6 ngày trước,"8,3 tỷ","Nhà ngõ, hẻm",37 m²,"224,32 triệu/m²",Đã có sổ,7 phòng,5 phòng,Nội thất đầy đủ,5,,,,,Nhà nở hậu,3.3 m,,,,,,,,,
2025-10-04T00:33:37.528195,Cập nhật 7 ngày trước,"5,2 tỷ","Nhà ngõ, hẻm",44 m²,"118,18 triệu/m²",Đã có sổ,4 phòng,,,,,,,,,,,,,,,,,,
2025-10-04T00:33:38.295754,Cập nhật 4 ngày trước,"2,15 tỷ",,50 m²,43 triệu/m²,Hợp đồng mua bán,2 phòng,,Nội thất cao cấp,,Đã bàn giao,Chung cư,3,,,,,,,,,,,,
2025-10-04T00:33:44.883621,Cập nhật 9 ngày trước,"8,3 tỷ","Nhà ngõ, hẻm",40 m²,"207,50 triệu/m²",Đã có sổ,4 phòng,,Nội thất cao cấp,,,,,,,,,,,,BP208,,,,
2025-10-04T00:33:46.301306,Cập nhật 8 ngày trước,"6,65 tỷ","Nhà ngõ, hẻm",30 m²,"221,67 triệu/m²",Đã có sổ,3 phòng,4 phòng,Hoàn thiện cơ bản,5,,,,,,,,,,,,,,,
2025-10-04T00:33:48.443922,Cập nhật 9 ngày trước,"4,25 tỷ",,60.5 m²,"70,25 triệu/m²",Đã có sổ,,,,,,,,Đất thổ cư,Mặt tiền Nở hậu Hẻm xe hơi Thổ cư toàn bộ,4.1 m,15 m,,,,,,Tây Nam,,
2025-10-04T00:33:50.187723,Cập nhật 7 ngày trước,"6,9 tỷ",,80 m²,"86,25 triệu/m²",Đã có sổ,,,,,,,,Đất thổ cư,Hẻm xe hơi,5.5 m,,,m²,,,,,,
2025-10-04T00:33:54.181973,Cập nhật 3 ngày trước,"4,65 tỷ","Nhà ngõ, hẻm",13.6 m²,"341,91 triệu/m²",Đã có sổ,3 phòng,4 phòng,Nội thất đầy đủ,,,,,,Nhà nở hậu,,,,,20 m²,,,,,
2025-10-04T00:33:54.448165,Cập nhật 7 ngày trước,"7,5 tỷ",,100 m²,75 triệu/m²,Sổ hồng riêng,3 phòng,2 phòng,Nội thất đầy đủ,,Đã bàn giao,Chung cư,,,,,,,,,,,,,
2025-10-04T00:33:58.590081,Cập nhật 9 ngày trước,"7,75 tỷ","Nhà ngõ, hẻm",31 m²,250 triệu/m²,Đã có sổ,3 phòng,,Nội thất đầy đủ,5,,,,,Nhà nở hậu,4.3 m,7.2 m,,,155 m²,,,,,
2025-10-04T00:34:01.567443,Cập nhật 9 ngày trước,"5,1 tỷ","Nhà ngõ, hẻm",32 m²,"159,38 triệu/m²",Đã có sổ,3 phòng,,,,,,,,,,,,,,,,,,
2025-10-04T00:34:04.362808,Cập nhật 8 ngày trước,"7,8 tỷ","Nhà ngõ, hẻm",30 m²,260 triệu/m²,Đã có sổ,3 phòng,,Nội thất đầy đủ,5,,,,,,,,,,,,,,,
2025-10-04T00:34:07.897306,Cập nhật 7 ngày trước,"7,99 tỷ","Nhà ngõ, hẻm",38 m²,"210,26 triệu/m²",Đã có sổ,3 phòng,4 phòng,Nội thất đầy đủ,5,,,,,,4.4 m,,,,190 m²,,,,,
2025-10-04T00:34:09.348951,Cập nhật 8 ngày trước,"10,7 tỷ",Nhà phố liền kề,50 m²,214 triệu/m²,Đã có sổ,4 phòng,,Nội thất cao cấp,5,,,,,Hẻm xe hơi,,,,,,,,,,
2025-10-04T00:34:09.914069,Cập nhật 8 ngày trước,"1,99 tỷ",,50 m²,"39,80 triệu/m²",Hợp đồng mua bán,2 phòng,1 phòng,Nội thất cao cấp,,Đã bàn giao,"Căn hộ dịch vụ, mini",5,,,,,,,,,,,,
2025-10-04T00:34:11.143947,Cập nhật 2 giờ trước,"5,5 tỷ","Nhà ngõ, hẻm",31 m²,"177,42 triệu/m²",Đã có sổ,3 phòng,4 phòng,Nội thất đầy đủ,5,,,,,Hẻm xe hơi Nhà nở hậu,3.4 m,9 m,,,150 m²,,,Đông,,
2025-10-04T00:34:13.174050,Cập nhật 9 ngày trước,"14,5 tỷ","Nhà mặt phố, mặt tiền",70 m²,"207,14 triệu/m²",Đã có sổ,4 phòng,5 phòng,Hoàn thiện cơ bản,6,,,,,Hẻm xe hơi,5 m,15 m,,,,,,,,
2025-10-04T00:34:16.950143,Cập nhật 7 ngày trước,"4,65 tỷ","Nhà ngõ, hẻm",23 m²,"202,17 triệu/m²",Đã có sổ,3 phòng,4 phòng,Nội thất đầy đủ,5,,,,,Hẻm xe hơi Nhà nở hậu,3.3 m,8 m,02,,23 m²,,,Đông Nam,,
2025-10-04T00:34:17.254493,Cập nhật 8 ngày trước,"5,9 tỷ","Nhà ngõ, hẻm",28 m²,"210,71 triệu/m²",Đã có sổ,3 phòng,4 phòng,Hoàn thiện cơ bản,5,,,,,Nhà nở hậu,,,,,,,,,,
2025-10-04T00:34:20.027934,Cập nhật 9 ngày trước,"9,5 tỷ","Nhà ngõ, hẻm",42 m²,"226,19 triệu/m²",Đã có sổ,4 phòng,3 phòng,Hoàn thiện cơ bản,5,,,,,Hẻm xe hơi,4 m,10.5 m,,,180 m²,,,Đông Nam,,
2025-10-04T00:34:22.523590,Cập nhật 7 ngày trước,800 triệu,,52 m²,"15,38 triệu/m²",Hợp đồng đặt cọc,2 phòng,1 phòng,Nội thất cao cấp,,Đã bàn giao,"Căn hộ dịch vụ, mini",,,,,,,,,,,Nam,,Đông Nam
2025-10-04T00:34:25.420206,Cập nhật 8 ngày trước,7 tỷ,"Nhà ngõ, hẻm",40 m²,175 triệu/m²,Đã có sổ,4 phòng,4 phòng,Nội thất cao cấp,4,,,,,Nhà nở hậu,,,,,,,,,,
2025-10-04T00:34:26.479493,Cập nhật 7 ngày trước,"13,5 tỷ","Nhà mặt phố, mặt tiền",28 m²,"482,14 triệu/m²",Đã có sổ,4 phòng,4 phòng,,5,,,,,,,,,,,,,,,
2025-10-04T00:34:29.893230,Cập nhật 8 ngày trước,"4,7 tỷ","Nhà ngõ, hẻm",31 m²,"151,61 triệu/m²",Đã có sổ,3 phòng,,,,,,,,,,,,,,,,,,
2025-10-04T00:34:30.127836,Cập nhật 8 ngày trước,860 triệu,,100 m²,"8,60 triệu/m²",Đã có sổ,,,,,,,,Đất thổ cư,Mặt tiền Nở hậu Thổ cư toàn bộ,,,,,,,,,,
2025-10-04T00:34:31.521790,Cập nhật 9 ngày trước,"7,5 tỷ","Nhà ngõ, hẻm",36 m²,"208,33 triệu/m²",Đã có sổ,3 phòng,3 phòng,,4,,,,,Hẻm xe hơi,42 m,,,,36 m²,,,,,
2025-10-04T00:34:36.087044,Cập nhật 8 ngày trước,"8,3 tỷ","Nhà ngõ, hẻm",55 m²,"150,91 triệu/m²",Đã có sổ,4 phòng,,Nội thất đầy đủ,3,,,,,,,,,,55 m²,,,,,
2025-10-04T00:34:36.040282,Cập nhật 8 ngày trước,"4,2 tỷ",,42 m²,100 triệu/m²,Đã có sổ,,,,,,,,Đất thổ cư,Mặt tiền,4.3 m,11 m,,m²,,,,,,
2025-10-04T00:34:38.020716,Cập nhật 8 ngày trước,"38,6 tỷ","Nhà mặt phố, mặt tiền",203 m²,"190,15 triệu/m²",Đã có sổ,8 phòng,Nhiều hơn 6 phòng,,4,,,,,,,,,,203 m²,,,,,
2025-10-04T00:34:38.606735,Cập nhật 5 ngày trước,31 tỷ,"Nhà mặt phố, mặt tiền",55 m²,"563,64 triệu/m²",Đã có sổ,3 phòng,Nhiều hơn 6 phòng,,4,,,,,,5.3 m,,,,,,,,,
2025-10-04T00:34:40.714068,Cập nhật 1 ngày trước,"5,5 tỷ","Nhà ngõ, hẻm",25 m²,220 triệu/m²,Đã có sổ,3 phòng,3 phòng,Nội thất đầy đủ,4,,,,,Nhà nở hậu,,,,,,,,,,
2025-10-04T00:34:45.019284,Cập nhật 7 ngày trước,"7,7 tỷ","Nhà mặt phố, mặt tiền",54 m²,"142,59 triệu/m²",Đã có sổ,3 phòng,,Nội thất đầy đủ,,,,,,,,,,,54 m²,,,,,
2025-10-04T00:34:45.022009,Cập nhật 2 ngày trước,"9,8 tỷ","Nhà mặt phố, mặt tiền",157 m²,"62,42 triệu/m²",Đã có sổ,4 phòng,4 phòng,Nội thất đầy đủ,3,,,,,,,,,,,,,,,
2025-10-04T00:34:47.123235,Cập nhật 9 ngày trước,"14,89 tỷ","Nhà ngõ, hẻm",49 m²,"303,88 triệu/m²",Đã có sổ,4 phòng,4 phòng,Nội thất đầy đủ,4,,,,,Hẻm xe hơi,4 m,,,,225 m²,,,,,
2025-10-04T00:34:51.603721,Cập nhật 7 ngày trước,"5,1 tỷ","Nhà ngõ, hẻm",37 m²,"137,84 triệu/m²",Đã có sổ,3 phòng,4 phòng,Nội thất đầy đủ,4,,,,,Nhà nở hậu,4 m,,,,,,,,,
2025-10-04T00:34:53.289784,Cập nhật 2 ngày trước,"1,9 tỷ",,50 m²,38 triệu/m²,Sổ hồng riêng,2 phòng,2 phòng,Nội thất đầy đủ,,Chưa bàn giao,"Căn hộ dịch vụ, mini",,,,,,,,,,,Đông Bắc,,Đông Bắc
2025-10-04T00:34:53.481990,Cập nhật 9 ngày trước,"7,4 tỷ","Nhà ngõ, hẻm",40 m²,185 triệu/m²,Đã có sổ,3 phòng,,,,,,,,,,,,,,,,,,
2025-10-04T00:34:55.933145,Cập nhật 7 ngày trước,"7,6 tỷ","Nhà ngõ, hẻm",36 m²,"211,11 triệu/m²",Đã có sổ,3 phòng,4 phòng,Nội thất đầy đủ,5,,,,,Nhà nở hậu Hẻm xe hơi,,,,,,,,,,
2025-10-04T00:34:56.260391,Cập nhật 8 ngày trước,"8,5 tỷ","Nhà ngõ, hẻm",36 m²,"236,11 triệu/m²",Đã có sổ,5 phòng,,,,,,,,,,,,,,,,,,
2025-10-04T00:35:02.110748,Cập nhật 9 ngày trước,"7,4 tỷ",,87 m²,"85,06 triệu/m²",Đã có sổ,,,,,,,,Đất thổ cư,Mặt tiền Thổ cư toàn bộ,6 m,,,,,,,,,
2025-10-04T00:35:02.225627,Cập nhật 9 ngày trước,"6,6 tỷ","Nhà ngõ, hẻm",33 m²,200 triệu/m²,Đã có sổ,3 phòng,2 phòng,,,,,,,,,,,,,,,,,
2025-10-04T00:35:05.063498,Cập nhật 9 ngày trước,9 tỷ,"Nhà ngõ, hẻm",32 m²,"281,25 triệu/m²",Đã có sổ,5 phòng,,Nội thất đầy đủ,6,,,,,,,,,,32 m²,,,,,
2025-10-04T00:35:05.349640,Cập nhật 4 ngày trước,"13,2 tỷ",Nhà phố liền kề,60 m²,220 triệu/m²,Đã có sổ,5 phòng,5 phòng,Nội thất đầy đủ,6,,,,,Hẻm xe hơi Nhà nở hậu,3.8 m,,,,60 m²,,,,,
2025-10-04T00:35:07.803989,Cập nhật 6 ngày trước,"6,8 tỷ","Nhà ngõ, hẻm",32 m²,"212,50 triệu/m²",Đã có sổ,4 phòng,4 phòng,Nội thất đầy đủ,4,,,,,,3.5 m,,,,,,,,,
2025-10-04T00:35:10.352512,Cập nhật 9 ngày trước,"2,55 tỷ",,60 m²,"42,50 triệu/m²",Hợp đồng mua bán,3 phòng,1 phòng,Nội thất cao cấp,,Đã bàn giao,"Căn hộ dịch vụ, mini",5,,,,,,,,,,,,
2025-10-04T00:35:10.470983,Cập nhật 7 ngày trước,"16,85 tỷ","Nhà ngõ, hẻm",40 m²,"421,25 triệu/m²",Đã có sổ,4 phòng,,,,,,,,Hẻm xe hơi,,,,,,,,,,
2025-10-04T00:35:14.992060,Cập nhật 7 ngày trước,"4,89 tỷ",,47 m²,"104,04 triệu/m²",Đã có sổ,,,,,,,,Đất thổ cư,Mặt tiền Hẻm xe hơi Nở hậu Thổ cư toàn bộ,3.8 m,,,,,,,,,
2025-10-04T00:35:16.058263,Cập nhật 8 ngày trước,"13,8 tỷ","Nhà mặt phố, mặt tiền",52 m²,"265,38 triệu/m²",Đã có sổ,4 phòng,3 phòng,Hoàn thiện cơ bản,4,,,,,Hẻm xe hơi Nhà nở hậu,3.6 m,15 m,,,54 m²,,,,,
2025-10-04T00:35:18.888511,Cập nhật 7 ngày trước,"4,7 tỷ",,100 m²,47 triệu/m²,Sổ hồng riêng,3 phòng,2 phòng,Nội thất đầy đủ,,Đã bàn giao,"Tập thể, cư xá",3,,,,,,,,,,,Căn góc,
2025-10-04T00:35:18.583179,Cập nhật 7 ngày trước,"8,75 tỷ","Nhà ngõ, hẻm",40 m²,"218,75 triệu/m²",Đã có sổ,4 phòng,,,,,,,,,,,,,,,,,,
2025-10-04T00:35:20.699702,Cập nhật 9 ngày trước,"27,4 tỷ",Nhà phố liền kề,85 m²,"322,35 triệu/m²",Đã có sổ,4 phòng,,Nội thất cao cấp,,,,,,Hẻm xe hơi,5 m,,,,,,,,,
2025-10-04T00:35:24.647026,Cập nhật 4 giờ trước,"7,9 tỷ","Nhà ngõ, hẻm",35 m²,"225,71 triệu/m²",Đã có sổ,7 phòng,4 phòng,,5,,,,,Nhà nở hậu,,,,,35 m²,,,,,
2025-10-04T00:35:25.213005,Cập nhật 7 ngày trước,"3,845 tỷ","Nhà ngõ, hẻm",40 m²,"96,12 triệu/m²",Đã có sổ,4 phòng,,,,,,,,,,,,,,,,,,
2025-10-04T00:35:27.060682,Cập nhật 7 ngày trước,"7,3 tỷ","Nhà ngõ, hẻm",47 m²,"155,32 triệu/m²",Đã có sổ,4 phòng,,Nội thất cao cấp,,,,,,,,,,,,,,,,
2025-10-04T00:35:27.656338,Cập nhật 8 ngày trước,"9,5 tỷ","Nhà ngõ, hẻm",40 m²,"237,50 triệu/m²",Đã có sổ,4 phòng,5 phòng,Nội thất cao cấp,6,,,,,Hẻm xe hơi Nhà nở hậu,7.9 m,,,,40 m²,,,Đông Nam,,
